# Original Web Geometry fossil excavation
mtllib excavation.mtl
o bone
usemtl bone
v -4.25 0.92 0
v -4.25 0.92 0
v -4.25 0.92 0
v -4.25 0.92 0
v -4.25 0.92 0
v -4.25 0.92 0
v -4.25 0.92 0
v -4.25 0.92 0
v -4.25 0.92 0
v -4.25 0.92 0
v -4.25 0.92 0
v -4.25 0.92 0
v -4.25 0.92 0
v -4.25 0.92 0
v -4.25 0.92 0
v -4.25 0.92 0
v -4.25 0.92 0
v -4.25 0.92 0
v -4.030248606 0.899746487 0
v -4.043501236 0.899746487 0.05974209
v -4.081660666 0.899746487 0.112278402
v -4.140124303 0.899746487 0.151272282
v -4.211840571 0.899746487 0.172020492
v -4.288159429 0.899746487 0.172020492
v -4.359875697 0.899746487 0.151272282
v -4.418339334 0.899746487 0.112278402
v -4.456498764 0.899746487 0.05974209
v -4.469751394 0.899746487 0
v -4.456498764 0.899746487 -0.05974209
v -4.418339334 0.899746487 -0.112278402
v -4.359875697 0.899746487 -0.151272282
v -4.288159429 0.899746487 -0.172020492
v -4.211840571 0.899746487 -0.172020492
v -4.140124303 0.899746487 -0.151272282
v -4.081660666 0.899746487 -0.112278402
v -4.043501236 0.899746487 -0.05974209
v -3.828300162 0.840626766 0
v -3.853731774 0.840626766 0.114644231
v -3.926959183 0.840626766 0.215460676
v -4.039150081 0.840626766 0.290289383
v -4.176772592 0.840626766 0.330104907
v -4.323227408 0.840626766 0.330104907
v -4.460849919 0.840626766 0.290289383
v -4.573040817 0.840626766 0.215460676
v -4.646268226 0.840626766 0.114644231
v -4.671699838 0.840626766 0
v -4.646268226 0.840626766 -0.114644231
v -4.573040817 0.840626766 -0.215460676
v -4.460849919 0.840626766 -0.290289383
v -4.323227408 0.840626766 -0.330104907
v -4.176772592 0.840626766 -0.330104907
v -4.039150081 0.840626766 -0.290289383
v -3.926959183 0.840626766 -0.215460676
v -3.853731774 0.840626766 -0.114644231
v -3.660515332 0.747430367 0
v -3.696065607 0.747430367 0.160258578
v -3.798428546 0.747430367 0.301187607
v -3.955257666 0.747430367 0.405788965
v -4.147637062 0.747430367 0.461446185
v -4.352362938 0.747430367 0.461446185
v -4.544742334 0.747430367 0.405788965
v -4.701571454 0.747430367 0.301187607
v -4.803934393 0.747430367 0.160258578
v -4.839484668 0.747430367 0
v -4.803934393 0.747430367 -0.160258578
v -4.701571454 0.747430367 -0.301187607
v -4.544742334 0.747430367 -0.405788965
v -4.352362938 0.747430367 -0.461446185
v -4.147637062 0.747430367 -0.461446185
v -3.955257666 0.747430367 -0.405788965
v -3.798428546 0.747430367 -0.301187607
v -3.696065607 0.747430367 -0.160258578
v -3.540487044 0.627707507 0
v -3.583275911 0.627707507 0.192889729
v -3.706481542 0.627707507 0.362514109
v -3.895243522 0.627707507 0.488413938
v -4.126794368 0.627707507 0.555403838
v -4.373205632 0.627707507 0.555403838
v -4.604756478 0.627707507 0.488413938
v -4.793518458 0.627707507 0.362514109
v -4.916724089 0.627707507 0.192889729
v -4.959512956 0.627707507 0
v -4.916724089 0.627707507 -0.192889729
v -4.793518458 0.627707507 -0.362514109
v -4.604756478 0.627707507 -0.488413938
v -4.373205632 0.627707507 -0.555403838
v -4.126794368 0.627707507 -0.555403838
v -3.895243522 0.627707507 -0.488413938
v -3.706481542 0.627707507 -0.362514109
v -3.583275911 0.627707507 -0.192889729
v -3.477939275 0.491157419 0
v -3.524500234 0.491157419 0.2098941
v -3.658567172 0.491157419 0.394471874
v -3.863969638 0.491157419 0.531470519
v -4.115933062 0.491157419 0.604365975
v -4.384066938 0.491157419 0.604365975
v -4.636030362 0.491157419 0.531470519
v -4.841432828 0.491157419 0.394471874
v -4.975499766 0.491157419 0.2098941
v -5.022060725 0.491157419 0
v -4.975499766 0.491157419 -0.2098941
v -4.841432828 0.491157419 -0.394471874
v -4.636030362 0.491157419 -0.531470519
v -4.384066938 0.491157419 -0.604365975
v -4.115933062 0.491157419 -0.604365975
v -3.863969638 0.491157419 -0.531470519
v -3.658567172 0.491157419 -0.394471874
v -3.524500234 0.491157419 -0.2098941
v -3.477939275 0.348842581 0
v -3.524500234 0.348842581 0.2098941
v -3.658567172 0.348842581 0.394471874
v -3.863969638 0.348842581 0.531470519
v -4.115933062 0.348842581 0.604365975
v -4.384066938 0.348842581 0.604365975
v -4.636030362 0.348842581 0.531470519
v -4.841432828 0.348842581 0.394471874
v -4.975499766 0.348842581 0.2098941
v -5.022060725 0.348842581 0
v -4.975499766 0.348842581 -0.2098941
v -4.841432828 0.348842581 -0.394471874
v -4.636030362 0.348842581 -0.531470519
v -4.384066938 0.348842581 -0.604365975
v -4.115933062 0.348842581 -0.604365975
v -3.863969638 0.348842581 -0.531470519
v -3.658567172 0.348842581 -0.394471874
v -3.524500234 0.348842581 -0.2098941
v -3.540487044 0.212292493 0
v -3.583275911 0.212292493 0.192889729
v -3.706481542 0.212292493 0.362514109
v -3.895243522 0.212292493 0.488413938
v -4.126794368 0.212292493 0.555403838
v -4.373205632 0.212292493 0.555403838
v -4.604756478 0.212292493 0.488413938
v -4.793518458 0.212292493 0.362514109
v -4.916724089 0.212292493 0.192889729
v -4.959512956 0.212292493 0
v -4.916724089 0.212292493 -0.192889729
v -4.793518458 0.212292493 -0.362514109
v -4.604756478 0.212292493 -0.488413938
v -4.373205632 0.212292493 -0.555403838
v -4.126794368 0.212292493 -0.555403838
v -3.895243522 0.212292493 -0.488413938
v -3.706481542 0.212292493 -0.362514109
v -3.583275911 0.212292493 -0.192889729
v -3.660515332 0.092569633 0
v -3.696065607 0.092569633 0.160258578
v -3.798428546 0.092569633 0.301187607
v -3.955257666 0.092569633 0.405788965
v -4.147637062 0.092569633 0.461446185
v -4.352362938 0.092569633 0.461446185
v -4.544742334 0.092569633 0.405788965
v -4.701571454 0.092569633 0.301187607
v -4.803934393 0.092569633 0.160258578
v -4.839484668 0.092569633 0
v -4.803934393 0.092569633 -0.160258578
v -4.701571454 0.092569633 -0.301187607
v -4.544742334 0.092569633 -0.405788965
v -4.352362938 0.092569633 -0.461446185
v -4.147637062 0.092569633 -0.461446185
v -3.955257666 0.092569633 -0.405788965
v -3.798428546 0.092569633 -0.301187607
v -3.696065607 0.092569633 -0.160258578
v -3.828300162 -0.000626766 0
v -3.853731774 -0.000626766 0.114644231
v -3.926959183 -0.000626766 0.215460676
v -4.039150081 -0.000626766 0.290289383
v -4.176772592 -0.000626766 0.330104907
v -4.323227408 -0.000626766 0.330104907
v -4.460849919 -0.000626766 0.290289383
v -4.573040817 -0.000626766 0.215460676
v -4.646268226 -0.000626766 0.114644231
v -4.671699838 -0.000626766 0
v -4.646268226 -0.000626766 -0.114644231
v -4.573040817 -0.000626766 -0.215460676
v -4.460849919 -0.000626766 -0.290289383
v -4.323227408 -0.000626766 -0.330104907
v -4.176772592 -0.000626766 -0.330104907
v -4.039150081 -0.000626766 -0.290289383
v -3.926959183 -0.000626766 -0.215460676
v -3.853731774 -0.000626766 -0.114644231
v -4.030248606 -0.059746487 0
v -4.043501236 -0.059746487 0.05974209
v -4.081660666 -0.059746487 0.112278402
v -4.140124303 -0.059746487 0.151272282
v -4.211840571 -0.059746487 0.172020492
v -4.288159429 -0.059746487 0.172020492
v -4.359875697 -0.059746487 0.151272282
v -4.418339334 -0.059746487 0.112278402
v -4.456498764 -0.059746487 0.05974209
v -4.469751394 -0.059746487 0
v -4.456498764 -0.059746487 -0.05974209
v -4.418339334 -0.059746487 -0.112278402
v -4.359875697 -0.059746487 -0.151272282
v -4.288159429 -0.059746487 -0.172020492
v -4.211840571 -0.059746487 -0.172020492
v -4.140124303 -0.059746487 -0.151272282
v -4.081660666 -0.059746487 -0.112278402
v -4.043501236 -0.059746487 -0.05974209
v -4.25 -0.08 0
v -4.25 -0.08 0
v -4.25 -0.08 0
v -4.25 -0.08 0
v -4.25 -0.08 0
v -4.25 -0.08 0
v -4.25 -0.08 0
v -4.25 -0.08 0
v -4.25 -0.08 0
v -4.25 -0.08 0
v -4.25 -0.08 0
v -4.25 -0.08 0
v -4.25 -0.08 0
v -4.25 -0.08 0
v -4.25 -0.08 0
v -4.25 -0.08 0
v -4.25 -0.08 0
v -4.25 -0.08 0
v -5.125 0.01 -0.36
v -3.975 0.01 -0.36
v -3.975 0.23 -0.36
v -5.125 0.23 -0.36
v -5.125 0.01 0.36
v -3.975 0.01 0.36
v -3.975 0.23 0.36
v -5.125 0.23 0.36
v -3.35 0.67 0
v -3.35 0.67 0
v -3.35 0.67 0
v -3.35 0.67 0
v -3.35 0.67 0
v -3.35 0.67 0
v -3.35 0.67 0
v -3.35 0.67 0
v -3.35 0.67 0
v -3.35 0.67 0
v -3.35 0.67 0
v -3.35 0.67 0
v -3.245867903 0.648213151 0
v -3.259818958 0.648213151 0.056404886
v -3.297933951 0.648213151 0.097696128
v -3.35 0.648213151 0.112809772
v -3.402066049 0.648213151 0.097696128
v -3.440181042 0.648213151 0.056404886
v -3.454132097 0.648213151 0
v -3.440181042 0.648213151 -0.056404886
v -3.402066049 0.648213151 -0.097696128
v -3.35 0.648213151 -0.112809772
v -3.297933951 0.648213151 -0.097696128
v -3.259818958 0.648213151 -0.056404886
v -3.162360444 0.587167756 0
v -3.187499378 0.587167756 0.101638093
v -3.256180222 0.587167756 0.176042341
v -3.35 0.587167756 0.203276185
v -3.443819778 0.587167756 0.176042341
v -3.512500622 0.587167756 0.101638093
v -3.537639556 0.587167756 0
v -3.512500622 0.587167756 -0.101638093
v -3.443819778 0.587167756 -0.176042341
v -3.35 0.587167756 -0.203276185
v -3.256180222 0.587167756 -0.176042341
v -3.187499378 0.587167756 -0.101638093
v -3.116017301 0.498954605 0
v -3.147365039 0.498954605 0.126740629
v -3.233008651 0.498954605 0.219521208
v -3.35 0.498954605 0.253481257
v -3.466991349 0.498954605 0.219521208
v -3.552634961 0.498954605 0.126740629
v -3.583982699 0.498954605 0
v -3.552634961 0.498954605 -0.126740629
v -3.466991349 0.498954605 -0.219521208
v -3.35 0.498954605 -0.253481257
v -3.233008651 0.498954605 -0.219521208
v -3.147365039 0.498954605 -0.126740629
v -3.116017301 0.401045395 0
v -3.147365039 0.401045395 0.126740629
v -3.233008651 0.401045395 0.219521208
v -3.35 0.401045395 0.253481257
v -3.466991349 0.401045395 0.219521208
v -3.552634961 0.401045395 0.126740629
v -3.583982699 0.401045395 0
v -3.552634961 0.401045395 -0.126740629
v -3.466991349 0.401045395 -0.219521208
v -3.35 0.401045395 -0.253481257
v -3.233008651 0.401045395 -0.219521208
v -3.147365039 0.401045395 -0.126740629
v -3.162360444 0.312832244 0
v -3.187499378 0.312832244 0.101638093
v -3.256180222 0.312832244 0.176042341
v -3.35 0.312832244 0.203276185
v -3.443819778 0.312832244 0.176042341
v -3.512500622 0.312832244 0.101638093
v -3.537639556 0.312832244 0
v -3.512500622 0.312832244 -0.101638093
v -3.443819778 0.312832244 -0.176042341
v -3.35 0.312832244 -0.203276185
v -3.256180222 0.312832244 -0.176042341
v -3.187499378 0.312832244 -0.101638093
v -3.245867903 0.251786849 0
v -3.259818958 0.251786849 0.056404886
v -3.297933951 0.251786849 0.097696128
v -3.35 0.251786849 0.112809772
v -3.402066049 0.251786849 0.097696128
v -3.440181042 0.251786849 0.056404886
v -3.454132097 0.251786849 0
v -3.440181042 0.251786849 -0.056404886
v -3.402066049 0.251786849 -0.097696128
v -3.35 0.251786849 -0.112809772
v -3.297933951 0.251786849 -0.097696128
v -3.259818958 0.251786849 -0.056404886
v -3.35 0.23 0
v -3.35 0.23 0
v -3.35 0.23 0
v -3.35 0.23 0
v -3.35 0.23 0
v -3.35 0.23 0
v -3.35 0.23 0
v -3.35 0.23 0
v -3.35 0.23 0
v -3.35 0.23 0
v -3.35 0.23 0
v -3.35 0.23 0
v -3.28 0.45 -0.16
v -3.289378222 0.416133395 -0.151165234
v -3.315 0.39134132 -0.144697736
v -3.35 0.382266791 -0.142330467
v -3.385 0.39134132 -0.144697736
v -3.410621778 0.416133395 -0.151165234
v -3.42 0.45 -0.16
v -3.410621778 0.483866605 -0.168834766
v -3.385 0.50865868 -0.175302264
v -3.35 0.517733209 -0.177669533
v -3.315 0.50865868 -0.175302264
v -3.289378222 0.483866605 -0.168834766
v -3.28 0.33 -0.62
v -3.289378222 0.296133395 -0.611165234
v -3.315 0.27134132 -0.604697736
v -3.35 0.262266791 -0.602330467
v -3.385 0.27134132 -0.604697736
v -3.410621778 0.296133395 -0.611165234
v -3.42 0.33 -0.62
v -3.410621778 0.363866605 -0.628834766
v -3.385 0.38865868 -0.635302264
v -3.35 0.397733209 -0.637669533
v -3.315 0.38865868 -0.635302264
v -3.289378222 0.363866605 -0.628834766
v -3.35 0.45 -0.16
v -3.35 0.33 -0.62
v -3.35 0.297058824 -0.558235294
v -3.385 0.301472104 -0.566510196
v -3.410621778 0.313529412 -0.589117647
v -3.42 0.33 -0.62
v -3.410621778 0.346470588 -0.650882353
v -3.385 0.358527896 -0.673489804
v -3.35 0.362941176 -0.681764706
v -3.315 0.358527896 -0.673489804
v -3.289378222 0.346470588 -0.650882353
v -3.28 0.33 -0.62
v -3.289378222 0.313529412 -0.589117647
v -3.315 0.301472104 -0.566510196
v -3.35 -0.002941176 -0.718235294
v -3.385 0.001472104 -0.726510196
v -3.410621778 0.013529412 -0.749117647
v -3.42 0.03 -0.78
v -3.410621778 0.046470588 -0.810882353
v -3.385 0.058527896 -0.833489804
v -3.35 0.062941176 -0.841764706
v -3.315 0.058527896 -0.833489804
v -3.289378222 0.046470588 -0.810882353
v -3.28 0.03 -0.78
v -3.289378222 0.013529412 -0.749117647
v -3.315 0.001472104 -0.726510196
v -3.35 0.33 -0.62
v -3.35 0.03 -0.78
v -3.35 0.058879393 -0.716234958
v -3.385 0.055010288 -0.724777853
v -3.410621778 0.044439697 -0.748117479
v -3.42 0.03 -0.78
v -3.410621778 0.015560303 -0.811882521
v -3.385 0.004989712 -0.835222147
v -3.35 0.001120607 -0.843765042
v -3.315 0.004989712 -0.835222147
v -3.289378222 0.015560303 -0.811882521
v -3.28 0.03 -0.78
v -3.289378222 0.044439697 -0.748117479
v -3.315 0.055010288 -0.724777853
v -3.35 -0.251120607 -0.575834958
v -3.385 -0.254989712 -0.584377853
v -3.410621778 -0.265560303 -0.607717479
v -3.42 -0.28 -0.6396
v -3.410621778 -0.294439697 -0.671482521
v -3.385 -0.305010288 -0.694822147
v -3.35 -0.308879393 -0.703365042
v -3.315 -0.305010288 -0.694822147
v -3.289378222 -0.294439697 -0.671482521
v -3.28 -0.28 -0.6396
v -3.289378222 -0.265560303 -0.607717479
v -3.315 -0.254989712 -0.584377853
v -3.35 0.03 -0.78
v -3.35 -0.28 -0.6396
v -3.42 0.45 0.16
v -3.410621778 0.416133395 0.151165234
v -3.385 0.39134132 0.144697736
v -3.35 0.382266791 0.142330467
v -3.315 0.39134132 0.144697736
v -3.289378222 0.416133395 0.151165234
v -3.28 0.45 0.16
v -3.289378222 0.483866605 0.168834766
v -3.315 0.50865868 0.175302264
v -3.35 0.517733209 0.177669533
v -3.385 0.50865868 0.175302264
v -3.410621778 0.483866605 0.168834766
v -3.42 0.33 0.62
v -3.410621778 0.296133395 0.611165234
v -3.385 0.27134132 0.604697736
v -3.35 0.262266791 0.602330467
v -3.315 0.27134132 0.604697736
v -3.289378222 0.296133395 0.611165234
v -3.28 0.33 0.62
v -3.289378222 0.363866605 0.628834766
v -3.315 0.38865868 0.635302264
v -3.35 0.397733209 0.637669533
v -3.385 0.38865868 0.635302264
v -3.410621778 0.363866605 0.628834766
v -3.35 0.45 0.16
v -3.35 0.33 0.62
v -3.35 0.362941176 0.681764706
v -3.385 0.358527896 0.673489804
v -3.410621778 0.346470588 0.650882353
v -3.42 0.33 0.62
v -3.410621778 0.313529412 0.589117647
v -3.385 0.301472104 0.566510196
v -3.35 0.297058824 0.558235294
v -3.315 0.301472104 0.566510196
v -3.289378222 0.313529412 0.589117647
v -3.28 0.33 0.62
v -3.289378222 0.346470588 0.650882353
v -3.315 0.358527896 0.673489804
v -3.35 0.062941176 0.841764706
v -3.385 0.058527896 0.833489804
v -3.410621778 0.046470588 0.810882353
v -3.42 0.03 0.78
v -3.410621778 0.013529412 0.749117647
v -3.385 0.001472104 0.726510196
v -3.35 -0.002941176 0.718235294
v -3.315 0.001472104 0.726510196
v -3.289378222 0.013529412 0.749117647
v -3.28 0.03 0.78
v -3.289378222 0.046470588 0.810882353
v -3.315 0.058527896 0.833489804
v -3.35 0.33 0.62
v -3.35 0.03 0.78
v -3.35 0.001120607 0.843765042
v -3.385 0.004989712 0.835222147
v -3.410621778 0.015560303 0.811882521
v -3.42 0.03 0.78
v -3.410621778 0.044439697 0.748117479
v -3.385 0.055010288 0.724777853
v -3.35 0.058879393 0.716234958
v -3.315 0.055010288 0.724777853
v -3.289378222 0.044439697 0.748117479
v -3.28 0.03 0.78
v -3.289378222 0.015560303 0.811882521
v -3.315 0.004989712 0.835222147
v -3.35 -0.308879393 0.703365042
v -3.385 -0.305010288 0.694822147
v -3.410621778 -0.294439697 0.671482521
v -3.42 -0.28 0.6396
v -3.410621778 -0.265560303 0.607717479
v -3.385 -0.254989712 0.584377853
v -3.35 -0.251120607 0.575834958
v -3.315 -0.254989712 0.584377853
v -3.289378222 -0.265560303 0.607717479
v -3.28 -0.28 0.6396
v -3.289378222 -0.294439697 0.671482521
v -3.315 -0.305010288 0.694822147
v -3.35 0.03 0.78
v -3.35 -0.28 0.6396
v -2.96 0.695165325 0
v -2.96 0.695165325 0
v -2.96 0.695165325 0
v -2.96 0.695165325 0
v -2.96 0.695165325 0
v -2.96 0.695165325 0
v -2.96 0.695165325 0
v -2.96 0.695165325 0
v -2.96 0.695165325 0
v -2.96 0.695165325 0
v -2.96 0.695165325 0
v -2.96 0.695165325 0
v -2.855867903 0.673378476 0
v -2.869818958 0.673378476 0.056404886
v -2.907933951 0.673378476 0.097696128
v -2.96 0.673378476 0.112809772
v -3.012066049 0.673378476 0.097696128
v -3.050181042 0.673378476 0.056404886
v -3.064132097 0.673378476 0
v -3.050181042 0.673378476 -0.056404886
v -3.012066049 0.673378476 -0.097696128
v -2.96 0.673378476 -0.112809772
v -2.907933951 0.673378476 -0.097696128
v -2.869818958 0.673378476 -0.056404886
v -2.772360444 0.612333081 0
v -2.797499378 0.612333081 0.101638093
v -2.866180222 0.612333081 0.176042341
v -2.96 0.612333081 0.203276185
v -3.053819778 0.612333081 0.176042341
v -3.122500622 0.612333081 0.101638093
v -3.147639556 0.612333081 0
v -3.122500622 0.612333081 -0.101638093
v -3.053819778 0.612333081 -0.176042341
v -2.96 0.612333081 -0.203276185
v -2.866180222 0.612333081 -0.176042341
v -2.797499378 0.612333081 -0.101638093
v -2.726017301 0.52411993 0
v -2.757365039 0.52411993 0.126740629
v -2.843008651 0.52411993 0.219521208
v -2.96 0.52411993 0.253481257
v -3.076991349 0.52411993 0.219521208
v -3.162634961 0.52411993 0.126740629
v -3.193982699 0.52411993 0
v -3.162634961 0.52411993 -0.126740629
v -3.076991349 0.52411993 -0.219521208
v -2.96 0.52411993 -0.253481257
v -2.843008651 0.52411993 -0.219521208
v -2.757365039 0.52411993 -0.126740629
v -2.726017301 0.426210719 0
v -2.757365039 0.426210719 0.126740629
v -2.843008651 0.426210719 0.219521208
v -2.96 0.426210719 0.253481257
v -3.076991349 0.426210719 0.219521208
v -3.162634961 0.426210719 0.126740629
v -3.193982699 0.426210719 0
v -3.162634961 0.426210719 -0.126740629
v -3.076991349 0.426210719 -0.219521208
v -2.96 0.426210719 -0.253481257
v -2.843008651 0.426210719 -0.219521208
v -2.757365039 0.426210719 -0.126740629
v -2.772360444 0.337997568 0
v -2.797499378 0.337997568 0.101638093
v -2.866180222 0.337997568 0.176042341
v -2.96 0.337997568 0.203276185
v -3.053819778 0.337997568 0.176042341
v -3.122500622 0.337997568 0.101638093
v -3.147639556 0.337997568 0
v -3.122500622 0.337997568 -0.101638093
v -3.053819778 0.337997568 -0.176042341
v -2.96 0.337997568 -0.203276185
v -2.866180222 0.337997568 -0.176042341
v -2.797499378 0.337997568 -0.101638093
v -2.855867903 0.276952174 0
v -2.869818958 0.276952174 0.056404886
v -2.907933951 0.276952174 0.097696128
v -2.96 0.276952174 0.112809772
v -3.012066049 0.276952174 0.097696128
v -3.050181042 0.276952174 0.056404886
v -3.064132097 0.276952174 0
v -3.050181042 0.276952174 -0.056404886
v -3.012066049 0.276952174 -0.097696128
v -2.96 0.276952174 -0.112809772
v -2.907933951 0.276952174 -0.097696128
v -2.869818958 0.276952174 -0.056404886
v -2.96 0.255165325 0
v -2.96 0.255165325 0
v -2.96 0.255165325 0
v -2.96 0.255165325 0
v -2.96 0.255165325 0
v -2.96 0.255165325 0
v -2.96 0.255165325 0
v -2.96 0.255165325 0
v -2.96 0.255165325 0
v -2.96 0.255165325 0
v -2.96 0.255165325 0
v -2.96 0.255165325 0
v -2.89 0.475165325 -0.16
v -2.899378222 0.44129872 -0.151165234
v -2.925 0.416506645 -0.144697736
v -2.96 0.407432116 -0.142330467
v -2.995 0.416506645 -0.144697736
v -3.020621778 0.44129872 -0.151165234
v -3.03 0.475165325 -0.16
v -3.020621778 0.509031929 -0.168834766
v -2.995 0.533824005 -0.175302264
v -2.96 0.542898534 -0.177669533
v -2.925 0.533824005 -0.175302264
v -2.899378222 0.509031929 -0.168834766
v -2.89 0.355165325 -0.62
v -2.899378222 0.32129872 -0.611165234
v -2.925 0.296506645 -0.604697736
v -2.96 0.287432116 -0.602330467
v -2.995 0.296506645 -0.604697736
v -3.020621778 0.32129872 -0.611165234
v -3.03 0.355165325 -0.62
v -3.020621778 0.389031929 -0.628834766
v -2.995 0.413824005 -0.635302264
v -2.96 0.422898534 -0.637669533
v -2.925 0.413824005 -0.635302264
v -2.899378222 0.389031929 -0.628834766
v -2.96 0.475165325 -0.16
v -2.96 0.355165325 -0.62
v -2.89 0.355165325 -0.62
v -2.899378222 0.328709791 -0.597084837
v -2.925 0.309342996 -0.580309773
v -2.96 0.302254257 -0.574169673
v -2.995 0.309342996 -0.580309773
v -3.020621778 0.328709791 -0.597084837
v -3.03 0.355165325 -0.62
v -3.020621778 0.381620859 -0.642915163
v -2.995 0.400987654 -0.659690227
v -2.96 0.408076393 -0.665830327
v -2.925 0.400987654 -0.659690227
v -2.899378222 0.381620859 -0.642915163
v -2.89 0.055165325 -0.966349712
v -2.899378222 0.028709791 -0.943434549
v -2.925 0.009342996 -0.926659485
v -2.96 0.002254257 -0.920519386
v -2.995 0.009342996 -0.926659485
v -3.020621778 0.028709791 -0.943434549
v -3.03 0.055165325 -0.966349712
v -3.020621778 0.081620859 -0.989264876
v -2.995 0.100987654 -1.00603994
v -2.96 0.108076393 -1.012180039
v -2.925 0.100987654 -1.00603994
v -2.899378222 0.081620859 -0.989264876
v -2.96 0.355165325 -0.62
v -2.96 0.055165325 -0.966349712
v -2.96 0.089418961 -0.905303104
v -2.995 0.084829844 -0.913481799
v -3.020621778 0.072292143 -0.935826408
v -3.03 0.055165325 -0.966349712
v -3.020621778 0.038038507 -0.996873017
v -2.995 0.025500806 -1.019217626
v -2.96 0.020911689 -1.027396321
v -2.925 0.025500806 -1.019217626
v -2.899378222 0.038038507 -0.996873017
v -2.89 0.055165325 -0.966349712
v -2.899378222 0.072292143 -0.935826408
v -2.925 0.084829844 -0.913481799
v -2.96 -0.220581039 -0.731360156
v -2.995 -0.225170156 -0.73953885
v -3.020621778 -0.237707857 -0.76188346
v -3.03 -0.254834675 -0.792406764
v -3.020621778 -0.271961493 -0.822930069
v -2.995 -0.284499194 -0.845274678
v -2.96 -0.289088311 -0.853453373
v -2.925 -0.284499194 -0.845274678
v -2.899378222 -0.271961493 -0.822930069
v -2.89 -0.254834675 -0.792406764
v -2.899378222 -0.237707857 -0.76188346
v -2.925 -0.225170156 -0.73953885
v -2.96 0.055165325 -0.966349712
v -2.96 -0.254834675 -0.792406764
v -3.03 0.475165325 0.16
v -3.020621778 0.44129872 0.151165234
v -2.995 0.416506645 0.144697736
v -2.96 0.407432116 0.142330467
v -2.925 0.416506645 0.144697736
v -2.899378222 0.44129872 0.151165234
v -2.89 0.475165325 0.16
v -2.899378222 0.509031929 0.168834766
v -2.925 0.533824005 0.175302264
v -2.96 0.542898534 0.177669533
v -2.995 0.533824005 0.175302264
v -3.020621778 0.509031929 0.168834766
v -3.03 0.355165325 0.62
v -3.020621778 0.32129872 0.611165234
v -2.995 0.296506645 0.604697736
v -2.96 0.287432116 0.602330467
v -2.925 0.296506645 0.604697736
v -2.899378222 0.32129872 0.611165234
v -2.89 0.355165325 0.62
v -2.899378222 0.389031929 0.628834766
v -2.925 0.413824005 0.635302264
v -2.96 0.422898534 0.637669533
v -2.995 0.413824005 0.635302264
v -3.020621778 0.389031929 0.628834766
v -2.96 0.475165325 0.16
v -2.96 0.355165325 0.62
v -3.03 0.355165325 0.62
v -3.020621778 0.328709791 0.597084837
v -2.995 0.309342996 0.580309773
v -2.96 0.302254257 0.574169673
v -2.925 0.309342996 0.580309773
v -2.899378222 0.328709791 0.597084837
v -2.89 0.355165325 0.62
v -2.899378222 0.381620859 0.642915163
v -2.925 0.400987654 0.659690227
v -2.96 0.408076393 0.665830327
v -2.995 0.400987654 0.659690227
v -3.020621778 0.381620859 0.642915163
v -3.03 0.055165325 0.966349712
v -3.020621778 0.028709791 0.943434549
v -2.995 0.009342996 0.926659485
v -2.96 0.002254257 0.920519386
v -2.925 0.009342996 0.926659485
v -2.899378222 0.028709791 0.943434549
v -2.89 0.055165325 0.966349712
v -2.899378222 0.081620859 0.989264876
v -2.925 0.100987654 1.00603994
v -2.96 0.108076393 1.012180039
v -2.995 0.100987654 1.00603994
v -3.020621778 0.081620859 0.989264876
v -2.96 0.355165325 0.62
v -2.96 0.055165325 0.966349712
v -2.96 0.020911689 1.027396321
v -2.995 0.025500806 1.019217626
v -3.020621778 0.038038507 0.996873017
v -3.03 0.055165325 0.966349712
v -3.020621778 0.072292143 0.935826408
v -2.995 0.084829844 0.913481799
v -2.96 0.089418961 0.905303104
v -2.925 0.084829844 0.913481799
v -2.899378222 0.072292143 0.935826408
v -2.89 0.055165325 0.966349712
v -2.899378222 0.038038507 0.996873017
v -2.925 0.025500806 1.019217626
v -2.96 -0.289088311 0.853453373
v -2.995 -0.284499194 0.845274678
v -3.020621778 -0.271961493 0.822930069
v -3.03 -0.254834675 0.792406764
v -3.020621778 -0.237707857 0.76188346
v -2.995 -0.225170156 0.73953885
v -2.96 -0.220581039 0.731360156
v -2.925 -0.225170156 0.73953885
v -2.899378222 -0.237707857 0.76188346
v -2.89 -0.254834675 0.792406764
v -2.899378222 -0.271961493 0.822930069
v -2.925 -0.284499194 0.845274678
v -2.96 0.055165325 0.966349712
v -2.96 -0.254834675 0.792406764
v -2.57 0.717775635 0
v -2.57 0.717775635 0
v -2.57 0.717775635 0
v -2.57 0.717775635 0
v -2.57 0.717775635 0
v -2.57 0.717775635 0
v -2.57 0.717775635 0
v -2.57 0.717775635 0
v -2.57 0.717775635 0
v -2.57 0.717775635 0
v -2.57 0.717775635 0
v -2.57 0.717775635 0
v -2.465867903 0.695988786 0
v -2.479818958 0.695988786 0.056404886
v -2.517933951 0.695988786 0.097696128
v -2.57 0.695988786 0.112809772
v -2.622066049 0.695988786 0.097696128
v -2.660181042 0.695988786 0.056404886
v -2.674132097 0.695988786 0
v -2.660181042 0.695988786 -0.056404886
v -2.622066049 0.695988786 -0.097696128
v -2.57 0.695988786 -0.112809772
v -2.517933951 0.695988786 -0.097696128
v -2.479818958 0.695988786 -0.056404886
v -2.382360444 0.634943392 0
v -2.407499378 0.634943392 0.101638093
v -2.476180222 0.634943392 0.176042341
v -2.57 0.634943392 0.203276185
v -2.663819778 0.634943392 0.176042341
v -2.732500622 0.634943392 0.101638093
v -2.757639556 0.634943392 0
v -2.732500622 0.634943392 -0.101638093
v -2.663819778 0.634943392 -0.176042341
v -2.57 0.634943392 -0.203276185
v -2.476180222 0.634943392 -0.176042341
v -2.407499378 0.634943392 -0.101638093
v -2.336017301 0.546730241 0
v -2.367365039 0.546730241 0.126740629
v -2.453008651 0.546730241 0.219521208
v -2.57 0.546730241 0.253481257
v -2.686991349 0.546730241 0.219521208
v -2.772634961 0.546730241 0.126740629
v -2.803982699 0.546730241 0
v -2.772634961 0.546730241 -0.126740629
v -2.686991349 0.546730241 -0.219521208
v -2.57 0.546730241 -0.253481257
v -2.453008651 0.546730241 -0.219521208
v -2.367365039 0.546730241 -0.126740629
v -2.336017301 0.44882103 0
v -2.367365039 0.44882103 0.126740629
v -2.453008651 0.44882103 0.219521208
v -2.57 0.44882103 0.253481257
v -2.686991349 0.44882103 0.219521208
v -2.772634961 0.44882103 0.126740629
v -2.803982699 0.44882103 0
v -2.772634961 0.44882103 -0.126740629
v -2.686991349 0.44882103 -0.219521208
v -2.57 0.44882103 -0.253481257
v -2.453008651 0.44882103 -0.219521208
v -2.367365039 0.44882103 -0.126740629
v -2.382360444 0.360607879 0
v -2.407499378 0.360607879 0.101638093
v -2.476180222 0.360607879 0.176042341
v -2.57 0.360607879 0.203276185
v -2.663819778 0.360607879 0.176042341
v -2.732500622 0.360607879 0.101638093
v -2.757639556 0.360607879 0
v -2.732500622 0.360607879 -0.101638093
v -2.663819778 0.360607879 -0.176042341
v -2.57 0.360607879 -0.203276185
v -2.476180222 0.360607879 -0.176042341
v -2.407499378 0.360607879 -0.101638093
v -2.465867903 0.299562484 0
v -2.479818958 0.299562484 0.056404886
v -2.517933951 0.299562484 0.097696128
v -2.57 0.299562484 0.112809772
v -2.622066049 0.299562484 0.097696128
v -2.660181042 0.299562484 0.056404886
v -2.674132097 0.299562484 0
v -2.660181042 0.299562484 -0.056404886
v -2.622066049 0.299562484 -0.097696128
v -2.57 0.299562484 -0.112809772
v -2.517933951 0.299562484 -0.097696128
v -2.479818958 0.299562484 -0.056404886
v -2.57 0.277775635 0
v -2.57 0.277775635 0
v -2.57 0.277775635 0
v -2.57 0.277775635 0
v -2.57 0.277775635 0
v -2.57 0.277775635 0
v -2.57 0.277775635 0
v -2.57 0.277775635 0
v -2.57 0.277775635 0
v -2.57 0.277775635 0
v -2.57 0.277775635 0
v -2.57 0.277775635 0
v -2.5 0.497775635 -0.16
v -2.509378222 0.463909031 -0.151165234
v -2.535 0.439116956 -0.144697736
v -2.57 0.430042426 -0.142330467
v -2.605 0.439116956 -0.144697736
v -2.630621778 0.463909031 -0.151165234
v -2.64 0.497775635 -0.16
v -2.630621778 0.53164224 -0.168834766
v -2.605 0.556434315 -0.175302264
v -2.57 0.565508844 -0.177669533
v -2.535 0.556434315 -0.175302264
v -2.509378222 0.53164224 -0.168834766
v -2.5 0.377775635 -0.62
v -2.509378222 0.343909031 -0.611165234
v -2.535 0.319116956 -0.604697736
v -2.57 0.310042426 -0.602330467
v -2.605 0.319116956 -0.604697736
v -2.630621778 0.343909031 -0.611165234
v -2.64 0.377775635 -0.62
v -2.630621778 0.41164224 -0.628834766
v -2.605 0.436434315 -0.635302264
v -2.57 0.445508844 -0.637669533
v -2.535 0.436434315 -0.635302264
v -2.509378222 0.41164224 -0.628834766
v -2.57 0.497775635 -0.16
v -2.57 0.377775635 -0.62
v -2.5 0.377775635 -0.62
v -2.509378222 0.34745914 -0.602509714
v -2.535 0.325265925 -0.589705936
v -2.57 0.317142644 -0.585019428
v -2.605 0.325265925 -0.589705936
v -2.630621778 0.34745914 -0.602509714
v -2.64 0.377775635 -0.62
v -2.630621778 0.408092131 -0.637490286
v -2.605 0.430285346 -0.650294064
v -2.57 0.438408626 -0.654980572
v -2.535 0.430285346 -0.650294064
v -2.509378222 0.408092131 -0.637490286
v -2.5 0.077775635 -1.14
v -2.509378222 0.04745914 -1.122509714
v -2.535 0.025265925 -1.109705936
v -2.57 0.017142644 -1.105019428
v -2.605 0.025265925 -1.109705936
v -2.630621778 0.04745914 -1.122509714
v -2.64 0.077775635 -1.14
v -2.630621778 0.108092131 -1.157490286
v -2.605 0.130285346 -1.170294064
v -2.57 0.138408626 -1.174980572
v -2.535 0.130285346 -1.170294064
v -2.509378222 0.108092131 -1.157490286
v -2.57 0.377775635 -0.62
v -2.57 0.077775635 -1.14
v -2.64 0.077775635 -1.14
v -2.630621778 0.058456828 -1.169185333
v -2.605 0.044314479 -1.19055048
v -2.57 0.03913802 -1.198370666
v -2.535 0.044314479 -1.19055048
v -2.509378222 0.058456828 -1.169185333
v -2.5 0.077775635 -1.14
v -2.509378222 0.097094443 -1.110814667
v -2.535 0.111236792 -1.08944952
v -2.57 0.116413251 -1.081629334
v -2.605 0.111236792 -1.08944952
v -2.630621778 0.097094443 -1.110814667
v -2.64 -0.232224365 -0.9348
v -2.630621778 -0.251543172 -0.963985333
v -2.605 -0.265685521 -0.98535048
v -2.57 -0.27086198 -0.993170666
v -2.535 -0.265685521 -0.98535048
v -2.509378222 -0.251543172 -0.963985333
v -2.5 -0.232224365 -0.9348
v -2.509378222 -0.212905557 -0.905614667
v -2.535 -0.198763208 -0.88424952
v -2.57 -0.193586749 -0.876429334
v -2.605 -0.198763208 -0.88424952
v -2.630621778 -0.212905557 -0.905614667
v -2.57 0.077775635 -1.14
v -2.57 -0.232224365 -0.9348
v -2.64 0.497775635 0.16
v -2.630621778 0.463909031 0.151165234
v -2.605 0.439116956 0.144697736
v -2.57 0.430042426 0.142330467
v -2.535 0.439116956 0.144697736
v -2.509378222 0.463909031 0.151165234
v -2.5 0.497775635 0.16
v -2.509378222 0.53164224 0.168834766
v -2.535 0.556434315 0.175302264
v -2.57 0.565508844 0.177669533
v -2.605 0.556434315 0.175302264
v -2.630621778 0.53164224 0.168834766
v -2.64 0.377775635 0.62
v -2.630621778 0.343909031 0.611165234
v -2.605 0.319116956 0.604697736
v -2.57 0.310042426 0.602330467
v -2.535 0.319116956 0.604697736
v -2.509378222 0.343909031 0.611165234
v -2.5 0.377775635 0.62
v -2.509378222 0.41164224 0.628834766
v -2.535 0.436434315 0.635302264
v -2.57 0.445508844 0.637669533
v -2.605 0.436434315 0.635302264
v -2.630621778 0.41164224 0.628834766
v -2.57 0.497775635 0.16
v -2.57 0.377775635 0.62
v -2.64 0.377775635 0.62
v -2.630621778 0.34745914 0.602509714
v -2.605 0.325265925 0.589705936
v -2.57 0.317142644 0.585019428
v -2.535 0.325265925 0.589705936
v -2.509378222 0.34745914 0.602509714
v -2.5 0.377775635 0.62
v -2.509378222 0.408092131 0.637490286
v -2.535 0.430285346 0.650294064
v -2.57 0.438408626 0.654980572
v -2.605 0.430285346 0.650294064
v -2.630621778 0.408092131 0.637490286
v -2.64 0.077775635 1.14
v -2.630621778 0.04745914 1.122509714
v -2.605 0.025265925 1.109705936
v -2.57 0.017142644 1.105019428
v -2.535 0.025265925 1.109705936
v -2.509378222 0.04745914 1.122509714
v -2.5 0.077775635 1.14
v -2.509378222 0.108092131 1.157490286
v -2.535 0.130285346 1.170294064
v -2.57 0.138408626 1.174980572
v -2.605 0.130285346 1.170294064
v -2.630621778 0.108092131 1.157490286
v -2.57 0.377775635 0.62
v -2.57 0.077775635 1.14
v -2.5 0.077775635 1.14
v -2.509378222 0.058456828 1.169185333
v -2.535 0.044314479 1.19055048
v -2.57 0.03913802 1.198370666
v -2.605 0.044314479 1.19055048
v -2.630621778 0.058456828 1.169185333
v -2.64 0.077775635 1.14
v -2.630621778 0.097094443 1.110814667
v -2.605 0.111236792 1.08944952
v -2.57 0.116413251 1.081629334
v -2.535 0.111236792 1.08944952
v -2.509378222 0.097094443 1.110814667
v -2.5 -0.232224365 0.9348
v -2.509378222 -0.251543172 0.963985333
v -2.535 -0.265685521 0.98535048
v -2.57 -0.27086198 0.993170666
v -2.605 -0.265685521 0.98535048
v -2.630621778 -0.251543172 0.963985333
v -2.64 -0.232224365 0.9348
v -2.630621778 -0.212905557 0.905614667
v -2.605 -0.198763208 0.88424952
v -2.57 -0.193586749 0.876429334
v -2.535 -0.198763208 0.88424952
v -2.509378222 -0.212905557 0.905614667
v -2.57 0.077775635 1.14
v -2.57 -0.232224365 0.9348
v -2.18 0.735535325 0
v -2.18 0.735535325 0
v -2.18 0.735535325 0
v -2.18 0.735535325 0
v -2.18 0.735535325 0
v -2.18 0.735535325 0
v -2.18 0.735535325 0
v -2.18 0.735535325 0
v -2.18 0.735535325 0
v -2.18 0.735535325 0
v -2.18 0.735535325 0
v -2.18 0.735535325 0
v -2.075867903 0.713748476 0
v -2.089818958 0.713748476 0.056404886
v -2.127933951 0.713748476 0.097696128
v -2.18 0.713748476 0.112809772
v -2.232066049 0.713748476 0.097696128
v -2.270181042 0.713748476 0.056404886
v -2.284132097 0.713748476 0
v -2.270181042 0.713748476 -0.056404886
v -2.232066049 0.713748476 -0.097696128
v -2.18 0.713748476 -0.112809772
v -2.127933951 0.713748476 -0.097696128
v -2.089818958 0.713748476 -0.056404886
v -1.992360444 0.652703082 0
v -2.017499378 0.652703082 0.101638093
v -2.086180222 0.652703082 0.176042341
v -2.18 0.652703082 0.203276185
v -2.273819778 0.652703082 0.176042341
v -2.342500622 0.652703082 0.101638093
v -2.367639556 0.652703082 0
v -2.342500622 0.652703082 -0.101638093
v -2.273819778 0.652703082 -0.176042341
v -2.18 0.652703082 -0.203276185
v -2.086180222 0.652703082 -0.176042341
v -2.017499378 0.652703082 -0.101638093
v -1.946017301 0.564489931 0
v -1.977365039 0.564489931 0.126740629
v -2.063008651 0.564489931 0.219521208
v -2.18 0.564489931 0.253481257
v -2.296991349 0.564489931 0.219521208
v -2.382634961 0.564489931 0.126740629
v -2.413982699 0.564489931 0
v -2.382634961 0.564489931 -0.126740629
v -2.296991349 0.564489931 -0.219521208
v -2.18 0.564489931 -0.253481257
v -2.063008651 0.564489931 -0.219521208
v -1.977365039 0.564489931 -0.126740629
v -1.946017301 0.46658072 0
v -1.977365039 0.46658072 0.126740629
v -2.063008651 0.46658072 0.219521208
v -2.18 0.46658072 0.253481257
v -2.296991349 0.46658072 0.219521208
v -2.382634961 0.46658072 0.126740629
v -2.413982699 0.46658072 0
v -2.382634961 0.46658072 -0.126740629
v -2.296991349 0.46658072 -0.219521208
v -2.18 0.46658072 -0.253481257
v -2.063008651 0.46658072 -0.219521208
v -1.977365039 0.46658072 -0.126740629
v -1.992360444 0.378367569 0
v -2.017499378 0.378367569 0.101638093
v -2.086180222 0.378367569 0.176042341
v -2.18 0.378367569 0.203276185
v -2.273819778 0.378367569 0.176042341
v -2.342500622 0.378367569 0.101638093
v -2.367639556 0.378367569 0
v -2.342500622 0.378367569 -0.101638093
v -2.273819778 0.378367569 -0.176042341
v -2.18 0.378367569 -0.203276185
v -2.086180222 0.378367569 -0.176042341
v -2.017499378 0.378367569 -0.101638093
v -2.075867903 0.317322175 0
v -2.089818958 0.317322175 0.056404886
v -2.127933951 0.317322175 0.097696128
v -2.18 0.317322175 0.112809772
v -2.232066049 0.317322175 0.097696128
v -2.270181042 0.317322175 0.056404886
v -2.284132097 0.317322175 0
v -2.270181042 0.317322175 -0.056404886
v -2.232066049 0.317322175 -0.097696128
v -2.18 0.317322175 -0.112809772
v -2.127933951 0.317322175 -0.097696128
v -2.089818958 0.317322175 -0.056404886
v -2.18 0.295535325 0
v -2.18 0.295535325 0
v -2.18 0.295535325 0
v -2.18 0.295535325 0
v -2.18 0.295535325 0
v -2.18 0.295535325 0
v -2.18 0.295535325 0
v -2.18 0.295535325 0
v -2.18 0.295535325 0
v -2.18 0.295535325 0
v -2.18 0.295535325 0
v -2.18 0.295535325 0
v -2.11 0.515535325 -0.16
v -2.119378222 0.481668721 -0.151165234
v -2.145 0.456876646 -0.144697736
v -2.18 0.447802116 -0.142330467
v -2.215 0.456876646 -0.144697736
v -2.240621778 0.481668721 -0.151165234
v -2.25 0.515535325 -0.16
v -2.240621778 0.54940193 -0.168834766
v -2.215 0.574194005 -0.175302264
v -2.18 0.583268535 -0.177669533
v -2.145 0.574194005 -0.175302264
v -2.119378222 0.54940193 -0.168834766
v -2.11 0.395535325 -0.62
v -2.119378222 0.361668721 -0.611165234
v -2.145 0.336876646 -0.604697736
v -2.18 0.327802116 -0.602330467
v -2.215 0.336876646 -0.604697736
v -2.240621778 0.361668721 -0.611165234
v -2.25 0.395535325 -0.62
v -2.240621778 0.42940193 -0.628834766
v -2.215 0.454194005 -0.635302264
v -2.18 0.463268535 -0.637669533
v -2.145 0.454194005 -0.635302264
v -2.119378222 0.42940193 -0.628834766
v -2.18 0.515535325 -0.16
v -2.18 0.395535325 -0.62
v -2.11 0.395535325 -0.62
v -2.119378222 0.363598409 -0.605681014
v -2.145 0.340218963 -0.595198789
v -2.18 0.331661492 -0.591362029
v -2.215 0.340218963 -0.595198789
v -2.240621778 0.363598409 -0.605681014
v -2.25 0.395535325 -0.62
v -2.240621778 0.427472242 -0.634318986
v -2.215 0.450851688 -0.644801211
v -2.18 0.459409159 -0.648637971
v -2.145 0.450851688 -0.644801211
v -2.119378222 0.427472242 -0.634318986
v -2.11 0.095535325 -1.289116882
v -2.119378222 0.063598409 -1.274797897
v -2.145 0.040218963 -1.264315672
v -2.18 0.031661492 -1.260478911
v -2.215 0.040218963 -1.264315672
v -2.240621778 0.063598409 -1.274797897
v -2.25 0.095535325 -1.289116882
v -2.240621778 0.127472242 -1.303435868
v -2.215 0.150851688 -1.313918093
v -2.18 0.159409159 -1.317754854
v -2.145 0.150851688 -1.313918093
v -2.119378222 0.127472242 -1.303435868
v -2.18 0.395535325 -0.62
v -2.18 0.095535325 -1.289116882
v -2.25 0.095535325 -1.289116882
v -2.240621778 0.074561885 -1.317136782
v -2.215 0.05920826 -1.337648772
v -2.18 0.053588444 -1.345156682
v -2.145 0.05920826 -1.337648772
v -2.119378222 0.074561885 -1.317136782
v -2.11 0.095535325 -1.289116882
v -2.119378222 0.116508766 -1.261096983
v -2.145 0.131862391 -1.240584992
v -2.18 0.137482207 -1.233077083
v -2.215 0.131862391 -1.240584992
v -2.240621778 0.116508766 -1.261096983
v -2.25 -0.214464675 -1.057075844
v -2.240621778 -0.235438115 -1.085095743
v -2.215 -0.25079174 -1.105607734
v -2.18 -0.256411556 -1.113115643
v -2.145 -0.25079174 -1.105607734
v -2.119378222 -0.235438115 -1.085095743
v -2.11 -0.214464675 -1.057075844
v -2.119378222 -0.193491234 -1.029055944
v -2.145 -0.178137609 -1.008543954
v -2.18 -0.172517793 -1.001036044
v -2.215 -0.178137609 -1.008543954
v -2.240621778 -0.193491234 -1.029055944
v -2.18 0.095535325 -1.289116882
v -2.18 -0.214464675 -1.057075844
v -2.25 0.515535325 0.16
v -2.240621778 0.481668721 0.151165234
v -2.215 0.456876646 0.144697736
v -2.18 0.447802116 0.142330467
v -2.145 0.456876646 0.144697736
v -2.119378222 0.481668721 0.151165234
v -2.11 0.515535325 0.16
v -2.119378222 0.54940193 0.168834766
v -2.145 0.574194005 0.175302264
v -2.18 0.583268535 0.177669533
v -2.215 0.574194005 0.175302264
v -2.240621778 0.54940193 0.168834766
v -2.25 0.395535325 0.62
v -2.240621778 0.361668721 0.611165234
v -2.215 0.336876646 0.604697736
v -2.18 0.327802116 0.602330467
v -2.145 0.336876646 0.604697736
v -2.119378222 0.361668721 0.611165234
v -2.11 0.395535325 0.62
v -2.119378222 0.42940193 0.628834766
v -2.145 0.454194005 0.635302264
v -2.18 0.463268535 0.637669533
v -2.215 0.454194005 0.635302264
v -2.240621778 0.42940193 0.628834766
v -2.18 0.515535325 0.16
v -2.18 0.395535325 0.62
v -2.25 0.395535325 0.62
v -2.240621778 0.363598409 0.605681014
v -2.215 0.340218963 0.595198789
v -2.18 0.331661492 0.591362029
v -2.145 0.340218963 0.595198789
v -2.119378222 0.363598409 0.605681014
v -2.11 0.395535325 0.62
v -2.119378222 0.427472242 0.634318986
v -2.145 0.450851688 0.644801211
v -2.18 0.459409159 0.648637971
v -2.215 0.450851688 0.644801211
v -2.240621778 0.427472242 0.634318986
v -2.25 0.095535325 1.289116882
v -2.240621778 0.063598409 1.274797897
v -2.215 0.040218963 1.264315672
v -2.18 0.031661492 1.260478911
v -2.145 0.040218963 1.264315672
v -2.119378222 0.063598409 1.274797897
v -2.11 0.095535325 1.289116882
v -2.119378222 0.127472242 1.303435868
v -2.145 0.150851688 1.313918093
v -2.18 0.159409159 1.317754854
v -2.215 0.150851688 1.313918093
v -2.240621778 0.127472242 1.303435868
v -2.18 0.395535325 0.62
v -2.18 0.095535325 1.289116882
v -2.11 0.095535325 1.289116882
v -2.119378222 0.074561885 1.317136782
v -2.145 0.05920826 1.337648772
v -2.18 0.053588444 1.345156682
v -2.215 0.05920826 1.337648772
v -2.240621778 0.074561885 1.317136782
v -2.25 0.095535325 1.289116882
v -2.240621778 0.116508766 1.261096983
v -2.215 0.131862391 1.240584992
v -2.18 0.137482207 1.233077083
v -2.145 0.131862391 1.240584992
v -2.119378222 0.116508766 1.261096983
v -2.11 -0.214464675 1.057075844
v -2.119378222 -0.235438115 1.085095743
v -2.145 -0.25079174 1.105607734
v -2.18 -0.256411556 1.113115643
v -2.215 -0.25079174 1.105607734
v -2.240621778 -0.235438115 1.085095743
v -2.25 -0.214464675 1.057075844
v -2.240621778 -0.193491234 1.029055944
v -2.215 -0.178137609 1.008543954
v -2.18 -0.172517793 1.001036044
v -2.145 -0.178137609 1.008543954
v -2.119378222 -0.193491234 1.029055944
v -2.18 0.095535325 1.289116882
v -2.18 -0.214464675 1.057075844
v -1.79 0.746641269 0
v -1.79 0.746641269 0
v -1.79 0.746641269 0
v -1.79 0.746641269 0
v -1.79 0.746641269 0
v -1.79 0.746641269 0
v -1.79 0.746641269 0
v -1.79 0.746641269 0
v -1.79 0.746641269 0
v -1.79 0.746641269 0
v -1.79 0.746641269 0
v -1.79 0.746641269 0
v -1.685867903 0.72485442 0
v -1.699818958 0.72485442 0.056404886
v -1.737933951 0.72485442 0.097696128
v -1.79 0.72485442 0.112809772
v -1.842066049 0.72485442 0.097696128
v -1.880181042 0.72485442 0.056404886
v -1.894132097 0.72485442 0
v -1.880181042 0.72485442 -0.056404886
v -1.842066049 0.72485442 -0.097696128
v -1.79 0.72485442 -0.112809772
v -1.737933951 0.72485442 -0.097696128
v -1.699818958 0.72485442 -0.056404886
v -1.602360444 0.663809025 0
v -1.627499378 0.663809025 0.101638093
v -1.696180222 0.663809025 0.176042341
v -1.79 0.663809025 0.203276185
v -1.883819778 0.663809025 0.176042341
v -1.952500622 0.663809025 0.101638093
v -1.977639556 0.663809025 0
v -1.952500622 0.663809025 -0.101638093
v -1.883819778 0.663809025 -0.176042341
v -1.79 0.663809025 -0.203276185
v -1.696180222 0.663809025 -0.176042341
v -1.627499378 0.663809025 -0.101638093
v -1.556017301 0.575595874 0
v -1.587365039 0.575595874 0.126740629
v -1.673008651 0.575595874 0.219521208
v -1.79 0.575595874 0.253481257
v -1.906991349 0.575595874 0.219521208
v -1.992634961 0.575595874 0.126740629
v -2.023982699 0.575595874 0
v -1.992634961 0.575595874 -0.126740629
v -1.906991349 0.575595874 -0.219521208
v -1.79 0.575595874 -0.253481257
v -1.673008651 0.575595874 -0.219521208
v -1.587365039 0.575595874 -0.126740629
v -1.556017301 0.477686663 0
v -1.587365039 0.477686663 0.126740629
v -1.673008651 0.477686663 0.219521208
v -1.79 0.477686663 0.253481257
v -1.906991349 0.477686663 0.219521208
v -1.992634961 0.477686663 0.126740629
v -2.023982699 0.477686663 0
v -1.992634961 0.477686663 -0.126740629
v -1.906991349 0.477686663 -0.219521208
v -1.79 0.477686663 -0.253481257
v -1.673008651 0.477686663 -0.219521208
v -1.587365039 0.477686663 -0.126740629
v -1.602360444 0.389473512 0
v -1.627499378 0.389473512 0.101638093
v -1.696180222 0.389473512 0.176042341
v -1.79 0.389473512 0.203276185
v -1.883819778 0.389473512 0.176042341
v -1.952500622 0.389473512 0.101638093
v -1.977639556 0.389473512 0
v -1.952500622 0.389473512 -0.101638093
v -1.883819778 0.389473512 -0.176042341
v -1.79 0.389473512 -0.203276185
v -1.696180222 0.389473512 -0.176042341
v -1.627499378 0.389473512 -0.101638093
v -1.685867903 0.328428118 0
v -1.699818958 0.328428118 0.056404886
v -1.737933951 0.328428118 0.097696128
v -1.79 0.328428118 0.112809772
v -1.842066049 0.328428118 0.097696128
v -1.880181042 0.328428118 0.056404886
v -1.894132097 0.328428118 0
v -1.880181042 0.328428118 -0.056404886
v -1.842066049 0.328428118 -0.097696128
v -1.79 0.328428118 -0.112809772
v -1.737933951 0.328428118 -0.097696128
v -1.699818958 0.328428118 -0.056404886
v -1.79 0.306641269 0
v -1.79 0.306641269 0
v -1.79 0.306641269 0
v -1.79 0.306641269 0
v -1.79 0.306641269 0
v -1.79 0.306641269 0
v -1.79 0.306641269 0
v -1.79 0.306641269 0
v -1.79 0.306641269 0
v -1.79 0.306641269 0
v -1.79 0.306641269 0
v -1.79 0.306641269 0
v -1.72 0.526641269 -0.16
v -1.729378222 0.492774664 -0.151165234
v -1.755 0.467982589 -0.144697736
v -1.79 0.45890806 -0.142330467
v -1.825 0.467982589 -0.144697736
v -1.850621778 0.492774664 -0.151165234
v -1.86 0.526641269 -0.16
v -1.850621778 0.560507873 -0.168834766
v -1.825 0.585299949 -0.175302264
v -1.79 0.594374478 -0.177669533
v -1.755 0.585299949 -0.175302264
v -1.729378222 0.560507873 -0.168834766
v -1.72 0.406641269 -0.62
v -1.729378222 0.372774664 -0.611165234
v -1.755 0.347982589 -0.604697736
v -1.79 0.33890806 -0.602330467
v -1.825 0.347982589 -0.604697736
v -1.850621778 0.372774664 -0.611165234
v -1.86 0.406641269 -0.62
v -1.850621778 0.440507873 -0.628834766
v -1.825 0.465299949 -0.635302264
v -1.79 0.474374478 -0.637669533
v -1.755 0.465299949 -0.635302264
v -1.729378222 0.440507873 -0.628834766
v -1.79 0.526641269 -0.16
v -1.79 0.406641269 -0.62
v -1.72 0.406641269 -0.62
v -1.729378222 0.373955189 -0.607485201
v -1.755 0.350027318 -0.598323733
v -1.79 0.341269109 -0.594970403
v -1.825 0.350027318 -0.598323733
v -1.850621778 0.373955189 -0.607485201
v -1.86 0.406641269 -0.62
v -1.850621778 0.439327349 -0.632514799
v -1.825 0.46325522 -0.641676267
v -1.79 0.472013428 -0.645029597
v -1.755 0.46325522 -0.641676267
v -1.729378222 0.439327349 -0.632514799
v -1.72 0.106641269 -1.403538291
v -1.729378222 0.073955189 -1.391023492
v -1.755 0.050027318 -1.381862024
v -1.79 0.041269109 -1.378508693
v -1.825 0.050027318 -1.381862024
v -1.850621778 0.073955189 -1.391023492
v -1.86 0.106641269 -1.403538291
v -1.850621778 0.139327349 -1.416053089
v -1.825 0.16325522 -1.425214558
v -1.79 0.172013428 -1.428567888
v -1.755 0.16325522 -1.425214558
v -1.729378222 0.139327349 -1.416053089
v -1.79 0.406641269 -0.62
v -1.79 0.106641269 -1.403538291
v -1.86 0.106641269 -1.403538291
v -1.850621778 0.084530385 -1.430669617
v -1.825 0.068344096 -1.450531125
v -1.79 0.062419502 -1.457800942
v -1.755 0.068344096 -1.450531125
v -1.729378222 0.084530385 -1.430669617
v -1.72 0.106641269 -1.403538291
v -1.729378222 0.128752152 -1.376406965
v -1.755 0.144938442 -1.356545456
v -1.79 0.150863035 -1.349275639
v -1.825 0.144938442 -1.356545456
v -1.850621778 0.128752152 -1.376406965
v -1.86 -0.203358731 -1.150901398
v -1.850621778 -0.225469615 -1.178032724
v -1.825 -0.241655904 -1.197894233
v -1.79 -0.247580498 -1.20516405
v -1.755 -0.241655904 -1.197894233
v -1.729378222 -0.225469615 -1.178032724
v -1.72 -0.203358731 -1.150901398
v -1.729378222 -0.181247848 -1.123770073
v -1.755 -0.165061558 -1.103908564
v -1.79 -0.159136965 -1.096638747
v -1.825 -0.165061558 -1.103908564
v -1.850621778 -0.181247848 -1.123770073
v -1.79 0.106641269 -1.403538291
v -1.79 -0.203358731 -1.150901398
v -1.86 0.526641269 0.16
v -1.850621778 0.492774664 0.151165234
v -1.825 0.467982589 0.144697736
v -1.79 0.45890806 0.142330467
v -1.755 0.467982589 0.144697736
v -1.729378222 0.492774664 0.151165234
v -1.72 0.526641269 0.16
v -1.729378222 0.560507873 0.168834766
v -1.755 0.585299949 0.175302264
v -1.79 0.594374478 0.177669533
v -1.825 0.585299949 0.175302264
v -1.850621778 0.560507873 0.168834766
v -1.86 0.406641269 0.62
v -1.850621778 0.372774664 0.611165234
v -1.825 0.347982589 0.604697736
v -1.79 0.33890806 0.602330467
v -1.755 0.347982589 0.604697736
v -1.729378222 0.372774664 0.611165234
v -1.72 0.406641269 0.62
v -1.729378222 0.440507873 0.628834766
v -1.755 0.465299949 0.635302264
v -1.79 0.474374478 0.637669533
v -1.825 0.465299949 0.635302264
v -1.850621778 0.440507873 0.628834766
v -1.79 0.526641269 0.16
v -1.79 0.406641269 0.62
v -1.86 0.406641269 0.62
v -1.850621778 0.373955189 0.607485201
v -1.825 0.350027318 0.598323733
v -1.79 0.341269109 0.594970403
v -1.755 0.350027318 0.598323733
v -1.729378222 0.373955189 0.607485201
v -1.72 0.406641269 0.62
v -1.729378222 0.439327349 0.632514799
v -1.755 0.46325522 0.641676267
v -1.79 0.472013428 0.645029597
v -1.825 0.46325522 0.641676267
v -1.850621778 0.439327349 0.632514799
v -1.86 0.106641269 1.403538291
v -1.850621778 0.073955189 1.391023492
v -1.825 0.050027318 1.381862024
v -1.79 0.041269109 1.378508693
v -1.755 0.050027318 1.381862024
v -1.729378222 0.073955189 1.391023492
v -1.72 0.106641269 1.403538291
v -1.729378222 0.139327349 1.416053089
v -1.755 0.16325522 1.425214558
v -1.79 0.172013428 1.428567888
v -1.825 0.16325522 1.425214558
v -1.850621778 0.139327349 1.416053089
v -1.79 0.406641269 0.62
v -1.79 0.106641269 1.403538291
v -1.72 0.106641269 1.403538291
v -1.729378222 0.084530385 1.430669617
v -1.755 0.068344096 1.450531125
v -1.79 0.062419502 1.457800942
v -1.825 0.068344096 1.450531125
v -1.850621778 0.084530385 1.430669617
v -1.86 0.106641269 1.403538291
v -1.850621778 0.128752152 1.376406965
v -1.825 0.144938442 1.356545456
v -1.79 0.150863035 1.349275639
v -1.755 0.144938442 1.356545456
v -1.729378222 0.128752152 1.376406965
v -1.72 -0.203358731 1.150901398
v -1.729378222 -0.225469615 1.178032724
v -1.755 -0.241655904 1.197894233
v -1.79 -0.247580498 1.20516405
v -1.825 -0.241655904 1.197894233
v -1.850621778 -0.225469615 1.178032724
v -1.86 -0.203358731 1.150901398
v -1.850621778 -0.181247848 1.123770073
v -1.825 -0.165061558 1.103908564
v -1.79 -0.159136965 1.096638747
v -1.755 -0.165061558 1.103908564
v -1.729378222 -0.181247848 1.123770073
v -1.79 0.106641269 1.403538291
v -1.79 -0.203358731 1.150901398
v -1.4 0.749965888 0
v -1.4 0.749965888 0
v -1.4 0.749965888 0
v -1.4 0.749965888 0
v -1.4 0.749965888 0
v -1.4 0.749965888 0
v -1.4 0.749965888 0
v -1.4 0.749965888 0
v -1.4 0.749965888 0
v -1.4 0.749965888 0
v -1.4 0.749965888 0
v -1.4 0.749965888 0
v -1.295867903 0.728179039 0
v -1.309818958 0.728179039 0.056404886
v -1.347933951 0.728179039 0.097696128
v -1.4 0.728179039 0.112809772
v -1.452066049 0.728179039 0.097696128
v -1.490181042 0.728179039 0.056404886
v -1.504132097 0.728179039 0
v -1.490181042 0.728179039 -0.056404886
v -1.452066049 0.728179039 -0.097696128
v -1.4 0.728179039 -0.112809772
v -1.347933951 0.728179039 -0.097696128
v -1.309818958 0.728179039 -0.056404886
v -1.212360444 0.667133645 0
v -1.237499378 0.667133645 0.101638093
v -1.306180222 0.667133645 0.176042341
v -1.4 0.667133645 0.203276185
v -1.493819778 0.667133645 0.176042341
v -1.562500622 0.667133645 0.101638093
v -1.587639556 0.667133645 0
v -1.562500622 0.667133645 -0.101638093
v -1.493819778 0.667133645 -0.176042341
v -1.4 0.667133645 -0.203276185
v -1.306180222 0.667133645 -0.176042341
v -1.237499378 0.667133645 -0.101638093
v -1.166017301 0.578920494 0
v -1.197365039 0.578920494 0.126740629
v -1.283008651 0.578920494 0.219521208
v -1.4 0.578920494 0.253481257
v -1.516991349 0.578920494 0.219521208
v -1.602634961 0.578920494 0.126740629
v -1.633982699 0.578920494 0
v -1.602634961 0.578920494 -0.126740629
v -1.516991349 0.578920494 -0.219521208
v -1.4 0.578920494 -0.253481257
v -1.283008651 0.578920494 -0.219521208
v -1.197365039 0.578920494 -0.126740629
v -1.166017301 0.481011283 0
v -1.197365039 0.481011283 0.126740629
v -1.283008651 0.481011283 0.219521208
v -1.4 0.481011283 0.253481257
v -1.516991349 0.481011283 0.219521208
v -1.602634961 0.481011283 0.126740629
v -1.633982699 0.481011283 0
v -1.602634961 0.481011283 -0.126740629
v -1.516991349 0.481011283 -0.219521208
v -1.4 0.481011283 -0.253481257
v -1.283008651 0.481011283 -0.219521208
v -1.197365039 0.481011283 -0.126740629
v -1.212360444 0.392798132 0
v -1.237499378 0.392798132 0.101638093
v -1.306180222 0.392798132 0.176042341
v -1.4 0.392798132 0.203276185
v -1.493819778 0.392798132 0.176042341
v -1.562500622 0.392798132 0.101638093
v -1.587639556 0.392798132 0
v -1.562500622 0.392798132 -0.101638093
v -1.493819778 0.392798132 -0.176042341
v -1.4 0.392798132 -0.203276185
v -1.306180222 0.392798132 -0.176042341
v -1.237499378 0.392798132 -0.101638093
v -1.295867903 0.331752737 0
v -1.309818958 0.331752737 0.056404886
v -1.347933951 0.331752737 0.097696128
v -1.4 0.331752737 0.112809772
v -1.452066049 0.331752737 0.097696128
v -1.490181042 0.331752737 0.056404886
v -1.504132097 0.331752737 0
v -1.490181042 0.331752737 -0.056404886
v -1.452066049 0.331752737 -0.097696128
v -1.4 0.331752737 -0.112809772
v -1.347933951 0.331752737 -0.097696128
v -1.309818958 0.331752737 -0.056404886
v -1.4 0.309965888 0
v -1.4 0.309965888 0
v -1.4 0.309965888 0
v -1.4 0.309965888 0
v -1.4 0.309965888 0
v -1.4 0.309965888 0
v -1.4 0.309965888 0
v -1.4 0.309965888 0
v -1.4 0.309965888 0
v -1.4 0.309965888 0
v -1.4 0.309965888 0
v -1.4 0.309965888 0
v -1.33 0.529965888 -0.16
v -1.339378222 0.496099284 -0.151165234
v -1.365 0.471307209 -0.144697736
v -1.4 0.462232679 -0.142330467
v -1.435 0.471307209 -0.144697736
v -1.460621778 0.496099284 -0.151165234
v -1.47 0.529965888 -0.16
v -1.460621778 0.563832493 -0.168834766
v -1.435 0.588624568 -0.175302264
v -1.4 0.597699097 -0.177669533
v -1.365 0.588624568 -0.175302264
v -1.339378222 0.563832493 -0.168834766
v -1.33 0.409965888 -0.62
v -1.339378222 0.376099284 -0.611165234
v -1.365 0.351307209 -0.604697736
v -1.4 0.342232679 -0.602330467
v -1.435 0.351307209 -0.604697736
v -1.460621778 0.376099284 -0.611165234
v -1.47 0.409965888 -0.62
v -1.460621778 0.443832493 -0.628834766
v -1.435 0.468624568 -0.635302264
v -1.4 0.477699097 -0.637669533
v -1.365 0.468624568 -0.635302264
v -1.339378222 0.443832493 -0.628834766
v -1.4 0.529965888 -0.16
v -1.4 0.409965888 -0.62
v -1.33 0.409965888 -0.62
v -1.339378222 0.376937915 -0.608417558
v -1.365 0.35275976 -0.599938622
v -1.4 0.343909941 -0.596835116
v -1.435 0.35275976 -0.599938622
v -1.460621778 0.376937915 -0.608417558
v -1.47 0.409965888 -0.62
v -1.460621778 0.442993862 -0.631582442
v -1.435 0.467172017 -0.640061378
v -1.4 0.476021835 -0.643164884
v -1.365 0.467172017 -0.640061378
v -1.339378222 0.442993862 -0.631582442
v -1.33 0.109965888 -1.475466595
v -1.339378222 0.076937915 -1.463884153
v -1.365 0.05275976 -1.455405217
v -1.4 0.043909941 -1.452301711
v -1.435 0.05275976 -1.455405217
v -1.460621778 0.076937915 -1.463884153
v -1.47 0.109965888 -1.475466595
v -1.460621778 0.142993862 -1.487049037
v -1.435 0.167172017 -1.495527973
v -1.4 0.176021835 -1.498631479
v -1.365 0.167172017 -1.495527973
v -1.339378222 0.142993862 -1.487049037
v -1.4 0.409965888 -0.62
v -1.4 0.109965888 -1.475466595
v -1.47 0.109965888 -1.475466595
v -1.460621778 0.087194631 -1.502046095
v -1.435 0.070524914 -1.52150364
v -1.4 0.064423374 -1.528625596
v -1.365 0.070524914 -1.52150364
v -1.339378222 0.087194631 -1.502046095
v -1.33 0.109965888 -1.475466595
v -1.339378222 0.132737145 -1.448887094
v -1.365 0.149406863 -1.42942955
v -1.4 0.155508403 -1.422307594
v -1.435 0.149406863 -1.42942955
v -1.460621778 0.132737145 -1.448887094
v -1.47 -0.200034112 -1.209882608
v -1.460621778 -0.222805369 -1.236462108
v -1.435 -0.239475086 -1.255919653
v -1.4 -0.245576626 -1.263041609
v -1.365 -0.239475086 -1.255919653
v -1.339378222 -0.222805369 -1.236462108
v -1.33 -0.200034112 -1.209882608
v -1.339378222 -0.177262855 -1.183303107
v -1.365 -0.160593137 -1.163845563
v -1.4 -0.154491597 -1.156723607
v -1.435 -0.160593137 -1.163845563
v -1.460621778 -0.177262855 -1.183303107
v -1.4 0.109965888 -1.475466595
v -1.4 -0.200034112 -1.209882608
v -1.47 0.529965888 0.16
v -1.460621778 0.496099284 0.151165234
v -1.435 0.471307209 0.144697736
v -1.4 0.462232679 0.142330467
v -1.365 0.471307209 0.144697736
v -1.339378222 0.496099284 0.151165234
v -1.33 0.529965888 0.16
v -1.339378222 0.563832493 0.168834766
v -1.365 0.588624568 0.175302264
v -1.4 0.597699097 0.177669533
v -1.435 0.588624568 0.175302264
v -1.460621778 0.563832493 0.168834766
v -1.47 0.409965888 0.62
v -1.460621778 0.376099284 0.611165234
v -1.435 0.351307209 0.604697736
v -1.4 0.342232679 0.602330467
v -1.365 0.351307209 0.604697736
v -1.339378222 0.376099284 0.611165234
v -1.33 0.409965888 0.62
v -1.339378222 0.443832493 0.628834766
v -1.365 0.468624568 0.635302264
v -1.4 0.477699097 0.637669533
v -1.435 0.468624568 0.635302264
v -1.460621778 0.443832493 0.628834766
v -1.4 0.529965888 0.16
v -1.4 0.409965888 0.62
v -1.47 0.409965888 0.62
v -1.460621778 0.376937915 0.608417558
v -1.435 0.35275976 0.599938622
v -1.4 0.343909941 0.596835116
v -1.365 0.35275976 0.599938622
v -1.339378222 0.376937915 0.608417558
v -1.33 0.409965888 0.62
v -1.339378222 0.442993862 0.631582442
v -1.365 0.467172017 0.640061378
v -1.4 0.476021835 0.643164884
v -1.435 0.467172017 0.640061378
v -1.460621778 0.442993862 0.631582442
v -1.47 0.109965888 1.475466595
v -1.460621778 0.076937915 1.463884153
v -1.435 0.05275976 1.455405217
v -1.4 0.043909941 1.452301711
v -1.365 0.05275976 1.455405217
v -1.339378222 0.076937915 1.463884153
v -1.33 0.109965888 1.475466595
v -1.339378222 0.142993862 1.487049037
v -1.365 0.167172017 1.495527973
v -1.4 0.176021835 1.498631479
v -1.435 0.167172017 1.495527973
v -1.460621778 0.142993862 1.487049037
v -1.4 0.409965888 0.62
v -1.4 0.109965888 1.475466595
v -1.33 0.109965888 1.475466595
v -1.339378222 0.087194631 1.502046095
v -1.365 0.070524914 1.52150364
v -1.4 0.064423374 1.528625596
v -1.435 0.070524914 1.52150364
v -1.460621778 0.087194631 1.502046095
v -1.47 0.109965888 1.475466595
v -1.460621778 0.132737145 1.448887094
v -1.435 0.149406863 1.42942955
v -1.4 0.155508403 1.422307594
v -1.365 0.149406863 1.42942955
v -1.339378222 0.132737145 1.448887094
v -1.33 -0.200034112 1.209882608
v -1.339378222 -0.222805369 1.236462108
v -1.365 -0.239475086 1.255919653
v -1.4 -0.245576626 1.263041609
v -1.435 -0.239475086 1.255919653
v -1.460621778 -0.222805369 1.236462108
v -1.47 -0.200034112 1.209882608
v -1.460621778 -0.177262855 1.183303107
v -1.435 -0.160593137 1.163845563
v -1.4 -0.154491597 1.156723607
v -1.365 -0.160593137 1.163845563
v -1.339378222 -0.177262855 1.183303107
v -1.4 0.109965888 1.475466595
v -1.4 -0.200034112 1.209882608
v -1.01 0.745171638 0
v -1.01 0.745171638 0
v -1.01 0.745171638 0
v -1.01 0.745171638 0
v -1.01 0.745171638 0
v -1.01 0.745171638 0
v -1.01 0.745171638 0
v -1.01 0.745171638 0
v -1.01 0.745171638 0
v -1.01 0.745171638 0
v -1.01 0.745171638 0
v -1.01 0.745171638 0
v -0.905867903 0.723384789 0
v -0.919818958 0.723384789 0.056404886
v -0.957933951 0.723384789 0.097696128
v -1.01 0.723384789 0.112809772
v -1.062066049 0.723384789 0.097696128
v -1.100181042 0.723384789 0.056404886
v -1.114132097 0.723384789 0
v -1.100181042 0.723384789 -0.056404886
v -1.062066049 0.723384789 -0.097696128
v -1.01 0.723384789 -0.112809772
v -0.957933951 0.723384789 -0.097696128
v -0.919818958 0.723384789 -0.056404886
v -0.822360444 0.662339394 0
v -0.847499378 0.662339394 0.101638093
v -0.916180222 0.662339394 0.176042341
v -1.01 0.662339394 0.203276185
v -1.103819778 0.662339394 0.176042341
v -1.172500622 0.662339394 0.101638093
v -1.197639556 0.662339394 0
v -1.172500622 0.662339394 -0.101638093
v -1.103819778 0.662339394 -0.176042341
v -1.01 0.662339394 -0.203276185
v -0.916180222 0.662339394 -0.176042341
v -0.847499378 0.662339394 -0.101638093
v -0.776017301 0.574126243 0
v -0.807365039 0.574126243 0.126740629
v -0.893008651 0.574126243 0.219521208
v -1.01 0.574126243 0.253481257
v -1.126991349 0.574126243 0.219521208
v -1.212634961 0.574126243 0.126740629
v -1.243982699 0.574126243 0
v -1.212634961 0.574126243 -0.126740629
v -1.126991349 0.574126243 -0.219521208
v -1.01 0.574126243 -0.253481257
v -0.893008651 0.574126243 -0.219521208
v -0.807365039 0.574126243 -0.126740629
v -0.776017301 0.476217032 0
v -0.807365039 0.476217032 0.126740629
v -0.893008651 0.476217032 0.219521208
v -1.01 0.476217032 0.253481257
v -1.126991349 0.476217032 0.219521208
v -1.212634961 0.476217032 0.126740629
v -1.243982699 0.476217032 0
v -1.212634961 0.476217032 -0.126740629
v -1.126991349 0.476217032 -0.219521208
v -1.01 0.476217032 -0.253481257
v -0.893008651 0.476217032 -0.219521208
v -0.807365039 0.476217032 -0.126740629
v -0.822360444 0.388003881 0
v -0.847499378 0.388003881 0.101638093
v -0.916180222 0.388003881 0.176042341
v -1.01 0.388003881 0.203276185
v -1.103819778 0.388003881 0.176042341
v -1.172500622 0.388003881 0.101638093
v -1.197639556 0.388003881 0
v -1.172500622 0.388003881 -0.101638093
v -1.103819778 0.388003881 -0.176042341
v -1.01 0.388003881 -0.203276185
v -0.916180222 0.388003881 -0.176042341
v -0.847499378 0.388003881 -0.101638093
v -0.905867903 0.326958487 0
v -0.919818958 0.326958487 0.056404886
v -0.957933951 0.326958487 0.097696128
v -1.01 0.326958487 0.112809772
v -1.062066049 0.326958487 0.097696128
v -1.100181042 0.326958487 0.056404886
v -1.114132097 0.326958487 0
v -1.100181042 0.326958487 -0.056404886
v -1.062066049 0.326958487 -0.097696128
v -1.01 0.326958487 -0.112809772
v -0.957933951 0.326958487 -0.097696128
v -0.919818958 0.326958487 -0.056404886
v -1.01 0.305171638 0
v -1.01 0.305171638 0
v -1.01 0.305171638 0
v -1.01 0.305171638 0
v -1.01 0.305171638 0
v -1.01 0.305171638 0
v -1.01 0.305171638 0
v -1.01 0.305171638 0
v -1.01 0.305171638 0
v -1.01 0.305171638 0
v -1.01 0.305171638 0
v -1.01 0.305171638 0
v -0.94 0.525171638 -0.16
v -0.949378222 0.491305033 -0.151165234
v -0.975 0.466512958 -0.144697736
v -1.01 0.457438429 -0.142330467
v -1.045 0.466512958 -0.144697736
v -1.070621778 0.491305033 -0.151165234
v -1.08 0.525171638 -0.16
v -1.070621778 0.559038242 -0.168834766
v -1.045 0.583830318 -0.175302264
v -1.01 0.592904847 -0.177669533
v -0.975 0.583830318 -0.175302264
v -0.949378222 0.559038242 -0.168834766
v -0.94 0.405171638 -0.62
v -0.949378222 0.371305033 -0.611165234
v -0.975 0.346512958 -0.604697736
v -1.01 0.337438429 -0.602330467
v -1.045 0.346512958 -0.604697736
v -1.070621778 0.371305033 -0.611165234
v -1.08 0.405171638 -0.62
v -1.070621778 0.439038242 -0.628834766
v -1.045 0.463830318 -0.635302264
v -1.01 0.472904847 -0.637669533
v -0.975 0.463830318 -0.635302264
v -0.949378222 0.439038242 -0.628834766
v -1.01 0.525171638 -0.16
v -1.01 0.405171638 -0.62
v -0.94 0.405171638 -0.62
v -0.949378222 0.372043781 -0.608706413
v -0.975 0.347792507 -0.600438933
v -1.01 0.338915925 -0.597412825
v -1.045 0.347792507 -0.600438933
v -1.070621778 0.372043781 -0.608706413
v -1.08 0.405171638 -0.62
v -1.070621778 0.438299494 -0.631293587
v -1.045 0.462550769 -0.639561067
v -1.01 0.471427351 -0.642587175
v -0.975 0.462550769 -0.639561067
v -0.949378222 0.438299494 -0.631293587
v -0.94 0.105171638 -1.5
v -0.949378222 0.072043781 -1.488706413
v -0.975 0.047792507 -1.480438933
v -1.01 0.038915925 -1.477412825
v -1.045 0.047792507 -1.480438933
v -1.070621778 0.072043781 -1.488706413
v -1.08 0.105171638 -1.5
v -1.070621778 0.138299494 -1.511293587
v -1.045 0.162550769 -1.519561067
v -1.01 0.171427351 -1.522587175
v -0.975 0.162550769 -1.519561067
v -0.949378222 0.138299494 -1.511293587
v -1.01 0.405171638 -0.62
v -1.01 0.105171638 -1.5
v -1.08 0.105171638 -1.5
v -1.070621778 0.082184312 -1.526392856
v -1.045 0.065356421 -1.545713767
v -1.01 0.059196986 -1.552785712
v -0.975 0.065356421 -1.545713767
v -0.949378222 0.082184312 -1.526392856
v -0.94 0.105171638 -1.5
v -0.949378222 0.128158964 -1.473607144
v -0.975 0.144986855 -1.454286233
v -1.01 0.15114629 -1.447214288
v -1.045 0.144986855 -1.454286233
v -1.070621778 0.128158964 -1.473607144
v -1.08 -0.204828362 -1.23
v -1.070621778 -0.227815688 -1.256392856
v -1.045 -0.244643579 -1.275713767
v -1.01 -0.250803014 -1.282785712
v -0.975 -0.244643579 -1.275713767
v -0.949378222 -0.227815688 -1.256392856
v -0.94 -0.204828362 -1.23
v -0.949378222 -0.181841036 -1.203607144
v -0.975 -0.165013145 -1.184286233
v -1.01 -0.15885371 -1.177214288
v -1.045 -0.165013145 -1.184286233
v -1.070621778 -0.181841036 -1.203607144
v -1.01 0.105171638 -1.5
v -1.01 -0.204828362 -1.23
v -1.08 0.525171638 0.16
v -1.070621778 0.491305033 0.151165234
v -1.045 0.466512958 0.144697736
v -1.01 0.457438429 0.142330467
v -0.975 0.466512958 0.144697736
v -0.949378222 0.491305033 0.151165234
v -0.94 0.525171638 0.16
v -0.949378222 0.559038242 0.168834766
v -0.975 0.583830318 0.175302264
v -1.01 0.592904847 0.177669533
v -1.045 0.583830318 0.175302264
v -1.070621778 0.559038242 0.168834766
v -1.08 0.405171638 0.62
v -1.070621778 0.371305033 0.611165234
v -1.045 0.346512958 0.604697736
v -1.01 0.337438429 0.602330467
v -0.975 0.346512958 0.604697736
v -0.949378222 0.371305033 0.611165234
v -0.94 0.405171638 0.62
v -0.949378222 0.439038242 0.628834766
v -0.975 0.463830318 0.635302264
v -1.01 0.472904847 0.637669533
v -1.045 0.463830318 0.635302264
v -1.070621778 0.439038242 0.628834766
v -1.01 0.525171638 0.16
v -1.01 0.405171638 0.62
v -1.08 0.405171638 0.62
v -1.070621778 0.372043781 0.608706413
v -1.045 0.347792507 0.600438933
v -1.01 0.338915925 0.597412825
v -0.975 0.347792507 0.600438933
v -0.949378222 0.372043781 0.608706413
v -0.94 0.405171638 0.62
v -0.949378222 0.438299494 0.631293587
v -0.975 0.462550769 0.639561067
v -1.01 0.471427351 0.642587175
v -1.045 0.462550769 0.639561067
v -1.070621778 0.438299494 0.631293587
v -1.08 0.105171638 1.5
v -1.070621778 0.072043781 1.488706413
v -1.045 0.047792507 1.480438933
v -1.01 0.038915925 1.477412825
v -0.975 0.047792507 1.480438933
v -0.949378222 0.072043781 1.488706413
v -0.94 0.105171638 1.5
v -0.949378222 0.138299494 1.511293587
v -0.975 0.162550769 1.519561067
v -1.01 0.171427351 1.522587175
v -1.045 0.162550769 1.519561067
v -1.070621778 0.138299494 1.511293587
v -1.01 0.405171638 0.62
v -1.01 0.105171638 1.5
v -0.94 0.105171638 1.5
v -0.949378222 0.082184312 1.526392856
v -0.975 0.065356421 1.545713767
v -1.01 0.059196986 1.552785712
v -1.045 0.065356421 1.545713767
v -1.070621778 0.082184312 1.526392856
v -1.08 0.105171638 1.5
v -1.070621778 0.128158964 1.473607144
v -1.045 0.144986855 1.454286233
v -1.01 0.15114629 1.447214288
v -0.975 0.144986855 1.454286233
v -0.949378222 0.128158964 1.473607144
v -0.94 -0.204828362 1.23
v -0.949378222 -0.227815688 1.256392856
v -0.975 -0.244643579 1.275713767
v -1.01 -0.250803014 1.282785712
v -1.045 -0.244643579 1.275713767
v -1.070621778 -0.227815688 1.256392856
v -1.08 -0.204828362 1.23
v -1.070621778 -0.181841036 1.203607144
v -1.045 -0.165013145 1.184286233
v -1.01 -0.15885371 1.177214288
v -0.975 -0.165013145 1.184286233
v -0.949378222 -0.181841036 1.203607144
v -1.01 0.105171638 1.5
v -1.01 -0.204828362 1.23
v -0.62 0.732745274 0
v -0.62 0.732745274 0
v -0.62 0.732745274 0
v -0.62 0.732745274 0
v -0.62 0.732745274 0
v -0.62 0.732745274 0
v -0.62 0.732745274 0
v -0.62 0.732745274 0
v -0.62 0.732745274 0
v -0.62 0.732745274 0
v -0.62 0.732745274 0
v -0.62 0.732745274 0
v -0.515867903 0.710958425 0
v -0.529818958 0.710958425 0.056404886
v -0.567933951 0.710958425 0.097696128
v -0.62 0.710958425 0.112809772
v -0.672066049 0.710958425 0.097696128
v -0.710181042 0.710958425 0.056404886
v -0.724132097 0.710958425 0
v -0.710181042 0.710958425 -0.056404886
v -0.672066049 0.710958425 -0.097696128
v -0.62 0.710958425 -0.112809772
v -0.567933951 0.710958425 -0.097696128
v -0.529818958 0.710958425 -0.056404886
v -0.432360444 0.64991303 0
v -0.457499378 0.64991303 0.101638093
v -0.526180222 0.64991303 0.176042341
v -0.62 0.64991303 0.203276185
v -0.713819778 0.64991303 0.176042341
v -0.782500622 0.64991303 0.101638093
v -0.807639556 0.64991303 0
v -0.782500622 0.64991303 -0.101638093
v -0.713819778 0.64991303 -0.176042341
v -0.62 0.64991303 -0.203276185
v -0.526180222 0.64991303 -0.176042341
v -0.457499378 0.64991303 -0.101638093
v -0.386017301 0.561699879 0
v -0.417365039 0.561699879 0.126740629
v -0.503008651 0.561699879 0.219521208
v -0.62 0.561699879 0.253481257
v -0.736991349 0.561699879 0.219521208
v -0.822634961 0.561699879 0.126740629
v -0.853982699 0.561699879 0
v -0.822634961 0.561699879 -0.126740629
v -0.736991349 0.561699879 -0.219521208
v -0.62 0.561699879 -0.253481257
v -0.503008651 0.561699879 -0.219521208
v -0.417365039 0.561699879 -0.126740629
v -0.386017301 0.463790669 0
v -0.417365039 0.463790669 0.126740629
v -0.503008651 0.463790669 0.219521208
v -0.62 0.463790669 0.253481257
v -0.736991349 0.463790669 0.219521208
v -0.822634961 0.463790669 0.126740629
v -0.853982699 0.463790669 0
v -0.822634961 0.463790669 -0.126740629
v -0.736991349 0.463790669 -0.219521208
v -0.62 0.463790669 -0.253481257
v -0.503008651 0.463790669 -0.219521208
v -0.417365039 0.463790669 -0.126740629
v -0.432360444 0.375577518 0
v -0.457499378 0.375577518 0.101638093
v -0.526180222 0.375577518 0.176042341
v -0.62 0.375577518 0.203276185
v -0.713819778 0.375577518 0.176042341
v -0.782500622 0.375577518 0.101638093
v -0.807639556 0.375577518 0
v -0.782500622 0.375577518 -0.101638093
v -0.713819778 0.375577518 -0.176042341
v -0.62 0.375577518 -0.203276185
v -0.526180222 0.375577518 -0.176042341
v -0.457499378 0.375577518 -0.101638093
v -0.515867903 0.314532123 0
v -0.529818958 0.314532123 0.056404886
v -0.567933951 0.314532123 0.097696128
v -0.62 0.314532123 0.112809772
v -0.672066049 0.314532123 0.097696128
v -0.710181042 0.314532123 0.056404886
v -0.724132097 0.314532123 0
v -0.710181042 0.314532123 -0.056404886
v -0.672066049 0.314532123 -0.097696128
v -0.62 0.314532123 -0.112809772
v -0.567933951 0.314532123 -0.097696128
v -0.529818958 0.314532123 -0.056404886
v -0.62 0.292745274 0
v -0.62 0.292745274 0
v -0.62 0.292745274 0
v -0.62 0.292745274 0
v -0.62 0.292745274 0
v -0.62 0.292745274 0
v -0.62 0.292745274 0
v -0.62 0.292745274 0
v -0.62 0.292745274 0
v -0.62 0.292745274 0
v -0.62 0.292745274 0
v -0.62 0.292745274 0
v -0.55 0.512745274 -0.16
v -0.559378222 0.478878669 -0.151165234
v -0.585 0.454086594 -0.144697736
v -0.62 0.445012065 -0.142330467
v -0.655 0.454086594 -0.144697736
v -0.680621778 0.478878669 -0.151165234
v -0.69 0.512745274 -0.16
v -0.680621778 0.546611879 -0.168834766
v -0.655 0.571403954 -0.175302264
v -0.62 0.580478483 -0.177669533
v -0.585 0.571403954 -0.175302264
v -0.559378222 0.546611879 -0.168834766
v -0.55 0.392745274 -0.62
v -0.559378222 0.358878669 -0.611165234
v -0.585 0.334086594 -0.604697736
v -0.62 0.325012065 -0.602330467
v -0.655 0.334086594 -0.604697736
v -0.680621778 0.358878669 -0.611165234
v -0.69 0.392745274 -0.62
v -0.680621778 0.426611879 -0.628834766
v -0.655 0.451403954 -0.635302264
v -0.62 0.460478483 -0.637669533
v -0.585 0.451403954 -0.635302264
v -0.559378222 0.426611879 -0.628834766
v -0.62 0.512745274 -0.16
v -0.62 0.392745274 -0.62
v -0.55 0.392745274 -0.62
v -0.559378222 0.3597173 -0.608417558
v -0.585 0.335539146 -0.599938622
v -0.62 0.326689327 -0.596835116
v -0.655 0.335539146 -0.599938622
v -0.680621778 0.3597173 -0.608417558
v -0.69 0.392745274 -0.62
v -0.680621778 0.425773248 -0.631582442
v -0.655 0.449951402 -0.640061378
v -0.62 0.458801221 -0.643164884
v -0.585 0.449951402 -0.640061378
v -0.559378222 0.425773248 -0.631582442
v -0.55 0.092745274 -1.475466595
v -0.559378222 0.0597173 -1.463884153
v -0.585 0.035539146 -1.455405217
v -0.62 0.026689327 -1.452301711
v -0.655 0.035539146 -1.455405217
v -0.680621778 0.0597173 -1.463884153
v -0.69 0.092745274 -1.475466595
v -0.680621778 0.125773248 -1.487049037
v -0.655 0.149951402 -1.495527973
v -0.62 0.158801221 -1.498631479
v -0.585 0.149951402 -1.495527973
v -0.559378222 0.125773248 -1.487049037
v -0.62 0.392745274 -0.62
v -0.62 0.092745274 -1.475466595
v -0.69 0.092745274 -1.475466595
v -0.680621778 0.069974017 -1.502046095
v -0.655 0.0533043 -1.52150364
v -0.62 0.04720276 -1.528625596
v -0.585 0.0533043 -1.52150364
v -0.559378222 0.069974017 -1.502046095
v -0.55 0.092745274 -1.475466595
v -0.559378222 0.115516531 -1.448887094
v -0.585 0.132186248 -1.42942955
v -0.62 0.138287788 -1.422307594
v -0.655 0.132186248 -1.42942955
v -0.680621778 0.115516531 -1.448887094
v -0.69 -0.217254726 -1.209882608
v -0.680621778 -0.240025983 -1.236462108
v -0.655 -0.2566957 -1.255919653
v -0.62 -0.26279724 -1.263041609
v -0.585 -0.2566957 -1.255919653
v -0.559378222 -0.240025983 -1.236462108
v -0.55 -0.217254726 -1.209882608
v -0.559378222 -0.194483469 -1.183303107
v -0.585 -0.177813752 -1.163845563
v -0.62 -0.171712212 -1.156723607
v -0.655 -0.177813752 -1.163845563
v -0.680621778 -0.194483469 -1.183303107
v -0.62 0.092745274 -1.475466595
v -0.62 -0.217254726 -1.209882608
v -0.69 0.512745274 0.16
v -0.680621778 0.478878669 0.151165234
v -0.655 0.454086594 0.144697736
v -0.62 0.445012065 0.142330467
v -0.585 0.454086594 0.144697736
v -0.559378222 0.478878669 0.151165234
v -0.55 0.512745274 0.16
v -0.559378222 0.546611879 0.168834766
v -0.585 0.571403954 0.175302264
v -0.62 0.580478483 0.177669533
v -0.655 0.571403954 0.175302264
v -0.680621778 0.546611879 0.168834766
v -0.69 0.392745274 0.62
v -0.680621778 0.358878669 0.611165234
v -0.655 0.334086594 0.604697736
v -0.62 0.325012065 0.602330467
v -0.585 0.334086594 0.604697736
v -0.559378222 0.358878669 0.611165234
v -0.55 0.392745274 0.62
v -0.559378222 0.426611879 0.628834766
v -0.585 0.451403954 0.635302264
v -0.62 0.460478483 0.637669533
v -0.655 0.451403954 0.635302264
v -0.680621778 0.426611879 0.628834766
v -0.62 0.512745274 0.16
v -0.62 0.392745274 0.62
v -0.69 0.392745274 0.62
v -0.680621778 0.3597173 0.608417558
v -0.655 0.335539146 0.599938622
v -0.62 0.326689327 0.596835116
v -0.585 0.335539146 0.599938622
v -0.559378222 0.3597173 0.608417558
v -0.55 0.392745274 0.62
v -0.559378222 0.425773248 0.631582442
v -0.585 0.449951402 0.640061378
v -0.62 0.458801221 0.643164884
v -0.655 0.449951402 0.640061378
v -0.680621778 0.425773248 0.631582442
v -0.69 0.092745274 1.475466595
v -0.680621778 0.0597173 1.463884153
v -0.655 0.035539146 1.455405217
v -0.62 0.026689327 1.452301711
v -0.585 0.035539146 1.455405217
v -0.559378222 0.0597173 1.463884153
v -0.55 0.092745274 1.475466595
v -0.559378222 0.125773248 1.487049037
v -0.585 0.149951402 1.495527973
v -0.62 0.158801221 1.498631479
v -0.655 0.149951402 1.495527973
v -0.680621778 0.125773248 1.487049037
v -0.62 0.392745274 0.62
v -0.62 0.092745274 1.475466595
v -0.55 0.092745274 1.475466595
v -0.559378222 0.069974017 1.502046095
v -0.585 0.0533043 1.52150364
v -0.62 0.04720276 1.528625596
v -0.655 0.0533043 1.52150364
v -0.680621778 0.069974017 1.502046095
v -0.69 0.092745274 1.475466595
v -0.680621778 0.115516531 1.448887094
v -0.655 0.132186248 1.42942955
v -0.62 0.138287788 1.422307594
v -0.585 0.132186248 1.42942955
v -0.559378222 0.115516531 1.448887094
v -0.55 -0.217254726 1.209882608
v -0.559378222 -0.240025983 1.236462108
v -0.585 -0.2566957 1.255919653
v -0.62 -0.26279724 1.263041609
v -0.655 -0.2566957 1.255919653
v -0.680621778 -0.240025983 1.236462108
v -0.69 -0.217254726 1.209882608
v -0.680621778 -0.194483469 1.183303107
v -0.655 -0.177813752 1.163845563
v -0.62 -0.171712212 1.156723607
v -0.585 -0.177813752 1.163845563
v -0.559378222 -0.194483469 1.183303107
v -0.62 0.092745274 1.475466595
v -0.62 -0.217254726 1.209882608
v -0.23 0.713948435 0
v -0.23 0.713948435 0
v -0.23 0.713948435 0
v -0.23 0.713948435 0
v -0.23 0.713948435 0
v -0.23 0.713948435 0
v -0.23 0.713948435 0
v -0.23 0.713948435 0
v -0.23 0.713948435 0
v -0.23 0.713948435 0
v -0.23 0.713948435 0
v -0.23 0.713948435 0
v -0.125867903 0.692161586 0
v -0.139818958 0.692161586 0.056404886
v -0.177933951 0.692161586 0.097696128
v -0.23 0.692161586 0.112809772
v -0.282066049 0.692161586 0.097696128
v -0.320181042 0.692161586 0.056404886
v -0.334132097 0.692161586 0
v -0.320181042 0.692161586 -0.056404886
v -0.282066049 0.692161586 -0.097696128
v -0.23 0.692161586 -0.112809772
v -0.177933951 0.692161586 -0.097696128
v -0.139818958 0.692161586 -0.056404886
v -0.042360444 0.631116191 0
v -0.067499378 0.631116191 0.101638093
v -0.136180222 0.631116191 0.176042341
v -0.23 0.631116191 0.203276185
v -0.323819778 0.631116191 0.176042341
v -0.392500622 0.631116191 0.101638093
v -0.417639556 0.631116191 0
v -0.392500622 0.631116191 -0.101638093
v -0.323819778 0.631116191 -0.176042341
v -0.23 0.631116191 -0.203276185
v -0.136180222 0.631116191 -0.176042341
v -0.067499378 0.631116191 -0.101638093
v 0.003982699 0.54290304 0
v -0.027365039 0.54290304 0.126740629
v -0.113008651 0.54290304 0.219521208
v -0.23 0.54290304 0.253481257
v -0.346991349 0.54290304 0.219521208
v -0.432634961 0.54290304 0.126740629
v -0.463982699 0.54290304 0
v -0.432634961 0.54290304 -0.126740629
v -0.346991349 0.54290304 -0.219521208
v -0.23 0.54290304 -0.253481257
v -0.113008651 0.54290304 -0.219521208
v -0.027365039 0.54290304 -0.126740629
v 0.003982699 0.444993829 0
v -0.027365039 0.444993829 0.126740629
v -0.113008651 0.444993829 0.219521208
v -0.23 0.444993829 0.253481257
v -0.346991349 0.444993829 0.219521208
v -0.432634961 0.444993829 0.126740629
v -0.463982699 0.444993829 0
v -0.432634961 0.444993829 -0.126740629
v -0.346991349 0.444993829 -0.219521208
v -0.23 0.444993829 -0.253481257
v -0.113008651 0.444993829 -0.219521208
v -0.027365039 0.444993829 -0.126740629
v -0.042360444 0.356780679 0
v -0.067499378 0.356780679 0.101638093
v -0.136180222 0.356780679 0.176042341
v -0.23 0.356780679 0.203276185
v -0.323819778 0.356780679 0.176042341
v -0.392500622 0.356780679 0.101638093
v -0.417639556 0.356780679 0
v -0.392500622 0.356780679 -0.101638093
v -0.323819778 0.356780679 -0.176042341
v -0.23 0.356780679 -0.203276185
v -0.136180222 0.356780679 -0.176042341
v -0.067499378 0.356780679 -0.101638093
v -0.125867903 0.295735284 0
v -0.139818958 0.295735284 0.056404886
v -0.177933951 0.295735284 0.097696128
v -0.23 0.295735284 0.112809772
v -0.282066049 0.295735284 0.097696128
v -0.320181042 0.295735284 0.056404886
v -0.334132097 0.295735284 0
v -0.320181042 0.295735284 -0.056404886
v -0.282066049 0.295735284 -0.097696128
v -0.23 0.295735284 -0.112809772
v -0.177933951 0.295735284 -0.097696128
v -0.139818958 0.295735284 -0.056404886
v -0.23 0.273948435 0
v -0.23 0.273948435 0
v -0.23 0.273948435 0
v -0.23 0.273948435 0
v -0.23 0.273948435 0
v -0.23 0.273948435 0
v -0.23 0.273948435 0
v -0.23 0.273948435 0
v -0.23 0.273948435 0
v -0.23 0.273948435 0
v -0.23 0.273948435 0
v -0.23 0.273948435 0
v -0.16 0.493948435 -0.16
v -0.169378222 0.46008183 -0.151165234
v -0.195 0.435289755 -0.144697736
v -0.23 0.426215226 -0.142330467
v -0.265 0.435289755 -0.144697736
v -0.290621778 0.46008183 -0.151165234
v -0.3 0.493948435 -0.16
v -0.290621778 0.527815039 -0.168834766
v -0.265 0.552607115 -0.175302264
v -0.23 0.561681644 -0.177669533
v -0.195 0.552607115 -0.175302264
v -0.169378222 0.527815039 -0.168834766
v -0.16 0.373948435 -0.62
v -0.169378222 0.34008183 -0.611165234
v -0.195 0.315289755 -0.604697736
v -0.23 0.306215226 -0.602330467
v -0.265 0.315289755 -0.604697736
v -0.290621778 0.34008183 -0.611165234
v -0.3 0.373948435 -0.62
v -0.290621778 0.407815039 -0.628834766
v -0.265 0.432607115 -0.635302264
v -0.23 0.441681644 -0.637669533
v -0.195 0.432607115 -0.635302264
v -0.169378222 0.407815039 -0.628834766
v -0.23 0.493948435 -0.16
v -0.23 0.373948435 -0.62
v -0.16 0.373948435 -0.62
v -0.169378222 0.341262355 -0.607485201
v -0.195 0.317334484 -0.598323733
v -0.23 0.308576275 -0.594970403
v -0.265 0.317334484 -0.598323733
v -0.290621778 0.341262355 -0.607485201
v -0.3 0.373948435 -0.62
v -0.290621778 0.406634515 -0.632514799
v -0.265 0.430562386 -0.641676267
v -0.23 0.439320595 -0.645029597
v -0.195 0.430562386 -0.641676267
v -0.169378222 0.406634515 -0.632514799
v -0.16 0.073948435 -1.403538291
v -0.169378222 0.041262355 -1.391023492
v -0.195 0.017334484 -1.381862024
v -0.23 0.008576275 -1.378508693
v -0.265 0.017334484 -1.381862024
v -0.290621778 0.041262355 -1.391023492
v -0.3 0.073948435 -1.403538291
v -0.290621778 0.106634515 -1.416053089
v -0.265 0.130562386 -1.425214558
v -0.23 0.139320595 -1.428567888
v -0.195 0.130562386 -1.425214558
v -0.169378222 0.106634515 -1.416053089
v -0.23 0.373948435 -0.62
v -0.23 0.073948435 -1.403538291
v -0.3 0.073948435 -1.403538291
v -0.290621778 0.051837552 -1.430669617
v -0.265 0.035651262 -1.450531125
v -0.23 0.029726668 -1.457800942
v -0.195 0.035651262 -1.450531125
v -0.169378222 0.051837552 -1.430669617
v -0.16 0.073948435 -1.403538291
v -0.169378222 0.096059318 -1.376406965
v -0.195 0.112245608 -1.356545456
v -0.23 0.118170202 -1.349275639
v -0.265 0.112245608 -1.356545456
v -0.290621778 0.096059318 -1.376406965
v -0.3 -0.236051565 -1.150901398
v -0.290621778 -0.258162448 -1.178032724
v -0.265 -0.274348738 -1.197894233
v -0.23 -0.280273332 -1.20516405
v -0.195 -0.274348738 -1.197894233
v -0.169378222 -0.258162448 -1.178032724
v -0.16 -0.236051565 -1.150901398
v -0.169378222 -0.213940682 -1.123770073
v -0.195 -0.197754392 -1.103908564
v -0.23 -0.191829798 -1.096638747
v -0.265 -0.197754392 -1.103908564
v -0.290621778 -0.213940682 -1.123770073
v -0.23 0.073948435 -1.403538291
v -0.23 -0.236051565 -1.150901398
v -0.3 0.493948435 0.16
v -0.290621778 0.46008183 0.151165234
v -0.265 0.435289755 0.144697736
v -0.23 0.426215226 0.142330467
v -0.195 0.435289755 0.144697736
v -0.169378222 0.46008183 0.151165234
v -0.16 0.493948435 0.16
v -0.169378222 0.527815039 0.168834766
v -0.195 0.552607115 0.175302264
v -0.23 0.561681644 0.177669533
v -0.265 0.552607115 0.175302264
v -0.290621778 0.527815039 0.168834766
v -0.3 0.373948435 0.62
v -0.290621778 0.34008183 0.611165234
v -0.265 0.315289755 0.604697736
v -0.23 0.306215226 0.602330467
v -0.195 0.315289755 0.604697736
v -0.169378222 0.34008183 0.611165234
v -0.16 0.373948435 0.62
v -0.169378222 0.407815039 0.628834766
v -0.195 0.432607115 0.635302264
v -0.23 0.441681644 0.637669533
v -0.265 0.432607115 0.635302264
v -0.290621778 0.407815039 0.628834766
v -0.23 0.493948435 0.16
v -0.23 0.373948435 0.62
v -0.3 0.373948435 0.62
v -0.290621778 0.341262355 0.607485201
v -0.265 0.317334484 0.598323733
v -0.23 0.308576275 0.594970403
v -0.195 0.317334484 0.598323733
v -0.169378222 0.341262355 0.607485201
v -0.16 0.373948435 0.62
v -0.169378222 0.406634515 0.632514799
v -0.195 0.430562386 0.641676267
v -0.23 0.439320595 0.645029597
v -0.265 0.430562386 0.641676267
v -0.290621778 0.406634515 0.632514799
v -0.3 0.073948435 1.403538291
v -0.290621778 0.041262355 1.391023492
v -0.265 0.017334484 1.381862024
v -0.23 0.008576275 1.378508693
v -0.195 0.017334484 1.381862024
v -0.169378222 0.041262355 1.391023492
v -0.16 0.073948435 1.403538291
v -0.169378222 0.106634515 1.416053089
v -0.195 0.130562386 1.425214558
v -0.23 0.139320595 1.428567888
v -0.265 0.130562386 1.425214558
v -0.290621778 0.106634515 1.416053089
v -0.23 0.373948435 0.62
v -0.23 0.073948435 1.403538291
v -0.16 0.073948435 1.403538291
v -0.169378222 0.051837552 1.430669617
v -0.195 0.035651262 1.450531125
v -0.23 0.029726668 1.457800942
v -0.265 0.035651262 1.450531125
v -0.290621778 0.051837552 1.430669617
v -0.3 0.073948435 1.403538291
v -0.290621778 0.096059318 1.376406965
v -0.265 0.112245608 1.356545456
v -0.23 0.118170202 1.349275639
v -0.195 0.112245608 1.356545456
v -0.169378222 0.096059318 1.376406965
v -0.16 -0.236051565 1.150901398
v -0.169378222 -0.258162448 1.178032724
v -0.195 -0.274348738 1.197894233
v -0.23 -0.280273332 1.20516405
v -0.265 -0.274348738 1.197894233
v -0.290621778 -0.258162448 1.178032724
v -0.3 -0.236051565 1.150901398
v -0.290621778 -0.213940682 1.123770073
v -0.265 -0.197754392 1.103908564
v -0.23 -0.191829798 1.096638747
v -0.195 -0.197754392 1.103908564
v -0.169378222 -0.213940682 1.123770073
v -0.23 0.073948435 1.403538291
v -0.23 -0.236051565 1.150901398
v 0.16 0.690689548 0
v 0.16 0.690689548 0
v 0.16 0.690689548 0
v 0.16 0.690689548 0
v 0.16 0.690689548 0
v 0.16 0.690689548 0
v 0.16 0.690689548 0
v 0.16 0.690689548 0
v 0.16 0.690689548 0
v 0.16 0.690689548 0
v 0.16 0.690689548 0
v 0.16 0.690689548 0
v 0.264132097 0.668902699 0
v 0.250181042 0.668902699 0.056404886
v 0.212066049 0.668902699 0.097696128
v 0.16 0.668902699 0.112809772
v 0.107933951 0.668902699 0.097696128
v 0.069818958 0.668902699 0.056404886
v 0.055867903 0.668902699 0
v 0.069818958 0.668902699 -0.056404886
v 0.107933951 0.668902699 -0.097696128
v 0.16 0.668902699 -0.112809772
v 0.212066049 0.668902699 -0.097696128
v 0.250181042 0.668902699 -0.056404886
v 0.347639556 0.607857304 0
v 0.322500622 0.607857304 0.101638093
v 0.253819778 0.607857304 0.176042341
v 0.16 0.607857304 0.203276185
v 0.066180222 0.607857304 0.176042341
v -0.002500622 0.607857304 0.101638093
v -0.027639556 0.607857304 0
v -0.002500622 0.607857304 -0.101638093
v 0.066180222 0.607857304 -0.176042341
v 0.16 0.607857304 -0.203276185
v 0.253819778 0.607857304 -0.176042341
v 0.322500622 0.607857304 -0.101638093
v 0.393982699 0.519644153 0
v 0.362634961 0.519644153 0.126740629
v 0.276991349 0.519644153 0.219521208
v 0.16 0.519644153 0.253481257
v 0.043008651 0.519644153 0.219521208
v -0.042634961 0.519644153 0.126740629
v -0.073982699 0.519644153 0
v -0.042634961 0.519644153 -0.126740629
v 0.043008651 0.519644153 -0.219521208
v 0.16 0.519644153 -0.253481257
v 0.276991349 0.519644153 -0.219521208
v 0.362634961 0.519644153 -0.126740629
v 0.393982699 0.421734943 0
v 0.362634961 0.421734943 0.126740629
v 0.276991349 0.421734943 0.219521208
v 0.16 0.421734943 0.253481257
v 0.043008651 0.421734943 0.219521208
v -0.042634961 0.421734943 0.126740629
v -0.073982699 0.421734943 0
v -0.042634961 0.421734943 -0.126740629
v 0.043008651 0.421734943 -0.219521208
v 0.16 0.421734943 -0.253481257
v 0.276991349 0.421734943 -0.219521208
v 0.362634961 0.421734943 -0.126740629
v 0.347639556 0.333521792 0
v 0.322500622 0.333521792 0.101638093
v 0.253819778 0.333521792 0.176042341
v 0.16 0.333521792 0.203276185
v 0.066180222 0.333521792 0.176042341
v -0.002500622 0.333521792 0.101638093
v -0.027639556 0.333521792 0
v -0.002500622 0.333521792 -0.101638093
v 0.066180222 0.333521792 -0.176042341
v 0.16 0.333521792 -0.203276185
v 0.253819778 0.333521792 -0.176042341
v 0.322500622 0.333521792 -0.101638093
v 0.264132097 0.272476397 0
v 0.250181042 0.272476397 0.056404886
v 0.212066049 0.272476397 0.097696128
v 0.16 0.272476397 0.112809772
v 0.107933951 0.272476397 0.097696128
v 0.069818958 0.272476397 0.056404886
v 0.055867903 0.272476397 0
v 0.069818958 0.272476397 -0.056404886
v 0.107933951 0.272476397 -0.097696128
v 0.16 0.272476397 -0.112809772
v 0.212066049 0.272476397 -0.097696128
v 0.250181042 0.272476397 -0.056404886
v 0.16 0.250689548 0
v 0.16 0.250689548 0
v 0.16 0.250689548 0
v 0.16 0.250689548 0
v 0.16 0.250689548 0
v 0.16 0.250689548 0
v 0.16 0.250689548 0
v 0.16 0.250689548 0
v 0.16 0.250689548 0
v 0.16 0.250689548 0
v 0.16 0.250689548 0
v 0.16 0.250689548 0
v 0.23 0.470689548 -0.16
v 0.220621778 0.436822943 -0.151165234
v 0.195 0.412030868 -0.144697736
v 0.16 0.402956339 -0.142330467
v 0.125 0.412030868 -0.144697736
v 0.099378222 0.436822943 -0.151165234
v 0.09 0.470689548 -0.16
v 0.099378222 0.504556153 -0.168834766
v 0.125 0.529348228 -0.175302264
v 0.16 0.538422757 -0.177669533
v 0.195 0.529348228 -0.175302264
v 0.220621778 0.504556153 -0.168834766
v 0.23 0.350689548 -0.62
v 0.220621778 0.316822943 -0.611165234
v 0.195 0.292030868 -0.604697736
v 0.16 0.282956339 -0.602330467
v 0.125 0.292030868 -0.604697736
v 0.099378222 0.316822943 -0.611165234
v 0.09 0.350689548 -0.62
v 0.099378222 0.384556153 -0.628834766
v 0.125 0.409348228 -0.635302264
v 0.16 0.418422757 -0.637669533
v 0.195 0.409348228 -0.635302264
v 0.220621778 0.384556153 -0.628834766
v 0.16 0.470689548 -0.16
v 0.16 0.350689548 -0.62
v 0.23 0.350689548 -0.62
v 0.220621778 0.318752631 -0.605681014
v 0.195 0.295373186 -0.595198789
v 0.16 0.286815714 -0.591362029
v 0.125 0.295373186 -0.595198789
v 0.099378222 0.318752631 -0.605681014
v 0.09 0.350689548 -0.62
v 0.099378222 0.382626465 -0.634318986
v 0.125 0.40600591 -0.644801211
v 0.16 0.414563381 -0.648637971
v 0.195 0.40600591 -0.644801211
v 0.220621778 0.382626465 -0.634318986
v 0.23 0.050689548 -1.289116882
v 0.220621778 0.018752631 -1.274797897
v 0.195 -0.004626814 -1.264315672
v 0.16 -0.013184286 -1.260478911
v 0.125 -0.004626814 -1.264315672
v 0.099378222 0.018752631 -1.274797897
v 0.09 0.050689548 -1.289116882
v 0.099378222 0.082626465 -1.303435868
v 0.125 0.10600591 -1.313918093
v 0.16 0.114563381 -1.317754854
v 0.195 0.10600591 -1.313918093
v 0.220621778 0.082626465 -1.303435868
v 0.16 0.350689548 -0.62
v 0.16 0.050689548 -1.289116882
v 0.09 0.050689548 -1.289116882
v 0.099378222 0.029716107 -1.317136782
v 0.125 0.014362483 -1.337648772
v 0.16 0.008742666 -1.345156682
v 0.195 0.014362483 -1.337648772
v 0.220621778 0.029716107 -1.317136782
v 0.23 0.050689548 -1.289116882
v 0.220621778 0.071662989 -1.261096983
v 0.195 0.087016613 -1.240584992
v 0.16 0.09263643 -1.233077083
v 0.125 0.087016613 -1.240584992
v 0.099378222 0.071662989 -1.261096983
v 0.09 -0.259310452 -1.057075844
v 0.099378222 -0.280283893 -1.085095743
v 0.125 -0.295637517 -1.105607734
v 0.16 -0.301257334 -1.113115643
v 0.195 -0.295637517 -1.105607734
v 0.220621778 -0.280283893 -1.085095743
v 0.23 -0.259310452 -1.057075844
v 0.220621778 -0.238337011 -1.029055944
v 0.195 -0.222983387 -1.008543954
v 0.16 -0.21736357 -1.001036044
v 0.125 -0.222983387 -1.008543954
v 0.099378222 -0.238337011 -1.029055944
v 0.16 0.050689548 -1.289116882
v 0.16 -0.259310452 -1.057075844
v 0.09 0.470689548 0.16
v 0.099378222 0.436822943 0.151165234
v 0.125 0.412030868 0.144697736
v 0.16 0.402956339 0.142330467
v 0.195 0.412030868 0.144697736
v 0.220621778 0.436822943 0.151165234
v 0.23 0.470689548 0.16
v 0.220621778 0.504556153 0.168834766
v 0.195 0.529348228 0.175302264
v 0.16 0.538422757 0.177669533
v 0.125 0.529348228 0.175302264
v 0.099378222 0.504556153 0.168834766
v 0.09 0.350689548 0.62
v 0.099378222 0.316822943 0.611165234
v 0.125 0.292030868 0.604697736
v 0.16 0.282956339 0.602330467
v 0.195 0.292030868 0.604697736
v 0.220621778 0.316822943 0.611165234
v 0.23 0.350689548 0.62
v 0.220621778 0.384556153 0.628834766
v 0.195 0.409348228 0.635302264
v 0.16 0.418422757 0.637669533
v 0.125 0.409348228 0.635302264
v 0.099378222 0.384556153 0.628834766
v 0.16 0.470689548 0.16
v 0.16 0.350689548 0.62
v 0.09 0.350689548 0.62
v 0.099378222 0.318752631 0.605681014
v 0.125 0.295373186 0.595198789
v 0.16 0.286815714 0.591362029
v 0.195 0.295373186 0.595198789
v 0.220621778 0.318752631 0.605681014
v 0.23 0.350689548 0.62
v 0.220621778 0.382626465 0.634318986
v 0.195 0.40600591 0.644801211
v 0.16 0.414563381 0.648637971
v 0.125 0.40600591 0.644801211
v 0.099378222 0.382626465 0.634318986
v 0.09 0.050689548 1.289116882
v 0.099378222 0.018752631 1.274797897
v 0.125 -0.004626814 1.264315672
v 0.16 -0.013184286 1.260478911
v 0.195 -0.004626814 1.264315672
v 0.220621778 0.018752631 1.274797897
v 0.23 0.050689548 1.289116882
v 0.220621778 0.082626465 1.303435868
v 0.195 0.10600591 1.313918093
v 0.16 0.114563381 1.317754854
v 0.125 0.10600591 1.313918093
v 0.099378222 0.082626465 1.303435868
v 0.16 0.350689548 0.62
v 0.16 0.050689548 1.289116882
v 0.23 0.050689548 1.289116882
v 0.220621778 0.029716107 1.317136782
v 0.195 0.014362483 1.337648772
v 0.16 0.008742666 1.345156682
v 0.125 0.014362483 1.337648772
v 0.099378222 0.029716107 1.317136782
v 0.09 0.050689548 1.289116882
v 0.099378222 0.071662989 1.261096983
v 0.125 0.087016613 1.240584992
v 0.16 0.09263643 1.233077083
v 0.195 0.087016613 1.240584992
v 0.220621778 0.071662989 1.261096983
v 0.23 -0.259310452 1.057075844
v 0.220621778 -0.280283893 1.085095743
v 0.195 -0.295637517 1.105607734
v 0.16 -0.301257334 1.113115643
v 0.125 -0.295637517 1.105607734
v 0.099378222 -0.280283893 1.085095743
v 0.09 -0.259310452 1.057075844
v 0.099378222 -0.238337011 1.029055944
v 0.125 -0.222983387 1.008543954
v 0.16 -0.21736357 1.001036044
v 0.195 -0.222983387 1.008543954
v 0.220621778 -0.238337011 1.029055944
v 0.16 0.050689548 1.289116882
v 0.16 -0.259310452 1.057075844
v 0.55 0.665330069 0
v 0.55 0.665330069 0
v 0.55 0.665330069 0
v 0.55 0.665330069 0
v 0.55 0.665330069 0
v 0.55 0.665330069 0
v 0.55 0.665330069 0
v 0.55 0.665330069 0
v 0.55 0.665330069 0
v 0.55 0.665330069 0
v 0.55 0.665330069 0
v 0.55 0.665330069 0
v 0.654132097 0.643543219 0
v 0.640181042 0.643543219 0.056404886
v 0.602066049 0.643543219 0.097696128
v 0.55 0.643543219 0.112809772
v 0.497933951 0.643543219 0.097696128
v 0.459818958 0.643543219 0.056404886
v 0.445867903 0.643543219 0
v 0.459818958 0.643543219 -0.056404886
v 0.497933951 0.643543219 -0.097696128
v 0.55 0.643543219 -0.112809772
v 0.602066049 0.643543219 -0.097696128
v 0.640181042 0.643543219 -0.056404886
v 0.737639556 0.582497825 0
v 0.712500622 0.582497825 0.101638093
v 0.643819778 0.582497825 0.176042341
v 0.55 0.582497825 0.203276185
v 0.456180222 0.582497825 0.176042341
v 0.387499378 0.582497825 0.101638093
v 0.362360444 0.582497825 0
v 0.387499378 0.582497825 -0.101638093
v 0.456180222 0.582497825 -0.176042341
v 0.55 0.582497825 -0.203276185
v 0.643819778 0.582497825 -0.176042341
v 0.712500622 0.582497825 -0.101638093
v 0.783982699 0.494284674 0
v 0.752634961 0.494284674 0.126740629
v 0.666991349 0.494284674 0.219521208
v 0.55 0.494284674 0.253481257
v 0.433008651 0.494284674 0.219521208
v 0.347365039 0.494284674 0.126740629
v 0.316017301 0.494284674 0
v 0.347365039 0.494284674 -0.126740629
v 0.433008651 0.494284674 -0.219521208
v 0.55 0.494284674 -0.253481257
v 0.666991349 0.494284674 -0.219521208
v 0.752634961 0.494284674 -0.126740629
v 0.783982699 0.396375463 0
v 0.752634961 0.396375463 0.126740629
v 0.666991349 0.396375463 0.219521208
v 0.55 0.396375463 0.253481257
v 0.433008651 0.396375463 0.219521208
v 0.347365039 0.396375463 0.126740629
v 0.316017301 0.396375463 0
v 0.347365039 0.396375463 -0.126740629
v 0.433008651 0.396375463 -0.219521208
v 0.55 0.396375463 -0.253481257
v 0.666991349 0.396375463 -0.219521208
v 0.752634961 0.396375463 -0.126740629
v 0.737639556 0.308162312 0
v 0.712500622 0.308162312 0.101638093
v 0.643819778 0.308162312 0.176042341
v 0.55 0.308162312 0.203276185
v 0.456180222 0.308162312 0.176042341
v 0.387499378 0.308162312 0.101638093
v 0.362360444 0.308162312 0
v 0.387499378 0.308162312 -0.101638093
v 0.456180222 0.308162312 -0.176042341
v 0.55 0.308162312 -0.203276185
v 0.643819778 0.308162312 -0.176042341
v 0.712500622 0.308162312 -0.101638093
v 0.654132097 0.247116918 0
v 0.640181042 0.247116918 0.056404886
v 0.602066049 0.247116918 0.097696128
v 0.55 0.247116918 0.112809772
v 0.497933951 0.247116918 0.097696128
v 0.459818958 0.247116918 0.056404886
v 0.445867903 0.247116918 0
v 0.459818958 0.247116918 -0.056404886
v 0.497933951 0.247116918 -0.097696128
v 0.55 0.247116918 -0.112809772
v 0.602066049 0.247116918 -0.097696128
v 0.640181042 0.247116918 -0.056404886
v 0.55 0.225330069 0
v 0.55 0.225330069 0
v 0.55 0.225330069 0
v 0.55 0.225330069 0
v 0.55 0.225330069 0
v 0.55 0.225330069 0
v 0.55 0.225330069 0
v 0.55 0.225330069 0
v 0.55 0.225330069 0
v 0.55 0.225330069 0
v 0.55 0.225330069 0
v 0.55 0.225330069 0
v 0.62 0.445330069 -0.16
v 0.610621778 0.411463464 -0.151165234
v 0.585 0.386671389 -0.144697736
v 0.55 0.377596859 -0.142330467
v 0.515 0.386671389 -0.144697736
v 0.489378222 0.411463464 -0.151165234
v 0.48 0.445330069 -0.16
v 0.489378222 0.479196673 -0.168834766
v 0.515 0.503988748 -0.175302264
v 0.55 0.513063278 -0.177669533
v 0.585 0.503988748 -0.175302264
v 0.610621778 0.479196673 -0.168834766
v 0.62 0.325330069 -0.62
v 0.610621778 0.291463464 -0.611165234
v 0.585 0.266671389 -0.604697736
v 0.55 0.257596859 -0.602330467
v 0.515 0.266671389 -0.604697736
v 0.489378222 0.291463464 -0.611165234
v 0.48 0.325330069 -0.62
v 0.489378222 0.359196673 -0.628834766
v 0.515 0.383988748 -0.635302264
v 0.55 0.393063278 -0.637669533
v 0.585 0.383988748 -0.635302264
v 0.610621778 0.359196673 -0.628834766
v 0.55 0.445330069 -0.16
v 0.55 0.325330069 -0.62
v 0.62 0.325330069 -0.62
v 0.610621778 0.295013573 -0.602509714
v 0.585 0.272820358 -0.589705936
v 0.55 0.264697078 -0.585019428
v 0.515 0.272820358 -0.589705936
v 0.489378222 0.295013573 -0.602509714
v 0.48 0.325330069 -0.62
v 0.489378222 0.355646564 -0.637490286
v 0.515 0.377839779 -0.650294064
v 0.55 0.38596306 -0.654980572
v 0.585 0.377839779 -0.650294064
v 0.610621778 0.355646564 -0.637490286
v 0.62 0.025330069 -1.14
v 0.610621778 -0.004986427 -1.122509714
v 0.585 -0.027179642 -1.109705936
v 0.55 -0.035302922 -1.105019428
v 0.515 -0.027179642 -1.109705936
v 0.489378222 -0.004986427 -1.122509714
v 0.48 0.025330069 -1.14
v 0.489378222 0.055646564 -1.157490286
v 0.515 0.077839779 -1.170294064
v 0.55 0.08596306 -1.174980572
v 0.585 0.077839779 -1.170294064
v 0.610621778 0.055646564 -1.157490286
v 0.55 0.325330069 -0.62
v 0.55 0.025330069 -1.14
v 0.48 0.025330069 -1.14
v 0.489378222 0.006011261 -1.169185333
v 0.515 -0.008131088 -1.19055048
v 0.55 -0.013307547 -1.198370666
v 0.585 -0.008131088 -1.19055048
v 0.610621778 0.006011261 -1.169185333
v 0.62 0.025330069 -1.14
v 0.610621778 0.044648876 -1.110814667
v 0.585 0.058791225 -1.08944952
v 0.55 0.063967684 -1.081629334
v 0.515 0.058791225 -1.08944952
v 0.489378222 0.044648876 -1.110814667
v 0.48 -0.284669931 -0.9348
v 0.489378222 -0.303988739 -0.963985333
v 0.515 -0.318131088 -0.98535048
v 0.55 -0.323307547 -0.993170666
v 0.585 -0.318131088 -0.98535048
v 0.610621778 -0.303988739 -0.963985333
v 0.62 -0.284669931 -0.9348
v 0.610621778 -0.265351124 -0.905614667
v 0.585 -0.251208775 -0.88424952
v 0.55 -0.246032316 -0.876429334
v 0.515 -0.251208775 -0.88424952
v 0.489378222 -0.265351124 -0.905614667
v 0.55 0.025330069 -1.14
v 0.55 -0.284669931 -0.9348
v 0.48 0.445330069 0.16
v 0.489378222 0.411463464 0.151165234
v 0.515 0.386671389 0.144697736
v 0.55 0.377596859 0.142330467
v 0.585 0.386671389 0.144697736
v 0.610621778 0.411463464 0.151165234
v 0.62 0.445330069 0.16
v 0.610621778 0.479196673 0.168834766
v 0.585 0.503988748 0.175302264
v 0.55 0.513063278 0.177669533
v 0.515 0.503988748 0.175302264
v 0.489378222 0.479196673 0.168834766
v 0.48 0.325330069 0.62
v 0.489378222 0.291463464 0.611165234
v 0.515 0.266671389 0.604697736
v 0.55 0.257596859 0.602330467
v 0.585 0.266671389 0.604697736
v 0.610621778 0.291463464 0.611165234
v 0.62 0.325330069 0.62
v 0.610621778 0.359196673 0.628834766
v 0.585 0.383988748 0.635302264
v 0.55 0.393063278 0.637669533
v 0.515 0.383988748 0.635302264
v 0.489378222 0.359196673 0.628834766
v 0.55 0.445330069 0.16
v 0.55 0.325330069 0.62
v 0.48 0.325330069 0.62
v 0.489378222 0.295013573 0.602509714
v 0.515 0.272820358 0.589705936
v 0.55 0.264697078 0.585019428
v 0.585 0.272820358 0.589705936
v 0.610621778 0.295013573 0.602509714
v 0.62 0.325330069 0.62
v 0.610621778 0.355646564 0.637490286
v 0.585 0.377839779 0.650294064
v 0.55 0.38596306 0.654980572
v 0.515 0.377839779 0.650294064
v 0.489378222 0.355646564 0.637490286
v 0.48 0.025330069 1.14
v 0.489378222 -0.004986427 1.122509714
v 0.515 -0.027179642 1.109705936
v 0.55 -0.035302922 1.105019428
v 0.585 -0.027179642 1.109705936
v 0.610621778 -0.004986427 1.122509714
v 0.62 0.025330069 1.14
v 0.610621778 0.055646564 1.157490286
v 0.585 0.077839779 1.170294064
v 0.55 0.08596306 1.174980572
v 0.515 0.077839779 1.170294064
v 0.489378222 0.055646564 1.157490286
v 0.55 0.325330069 0.62
v 0.55 0.025330069 1.14
v 0.62 0.025330069 1.14
v 0.610621778 0.006011261 1.169185333
v 0.585 -0.008131088 1.19055048
v 0.55 -0.013307547 1.198370666
v 0.515 -0.008131088 1.19055048
v 0.489378222 0.006011261 1.169185333
v 0.48 0.025330069 1.14
v 0.489378222 0.044648876 1.110814667
v 0.515 0.058791225 1.08944952
v 0.55 0.063967684 1.081629334
v 0.585 0.058791225 1.08944952
v 0.610621778 0.044648876 1.110814667
v 0.62 -0.284669931 0.9348
v 0.610621778 -0.303988739 0.963985333
v 0.585 -0.318131088 0.98535048
v 0.55 -0.323307547 0.993170666
v 0.515 -0.318131088 0.98535048
v 0.489378222 -0.303988739 0.963985333
v 0.48 -0.284669931 0.9348
v 0.489378222 -0.265351124 0.905614667
v 0.515 -0.251208775 0.88424952
v 0.55 -0.246032316 0.876429334
v 0.585 -0.251208775 0.88424952
v 0.610621778 -0.265351124 0.905614667
v 0.55 0.025330069 1.14
v 0.55 -0.284669931 0.9348
v 0.94 0.640444723 0
v 0.94 0.640444723 0
v 0.94 0.640444723 0
v 0.94 0.640444723 0
v 0.94 0.640444723 0
v 0.94 0.640444723 0
v 0.94 0.640444723 0
v 0.94 0.640444723 0
v 0.94 0.640444723 0
v 0.94 0.640444723 0
v 0.94 0.640444723 0
v 0.94 0.640444723 0
v 1.044132097 0.618657874 0
v 1.030181042 0.618657874 0.056404886
v 0.992066049 0.618657874 0.097696128
v 0.94 0.618657874 0.112809772
v 0.887933951 0.618657874 0.097696128
v 0.849818958 0.618657874 0.056404886
v 0.835867903 0.618657874 0
v 0.849818958 0.618657874 -0.056404886
v 0.887933951 0.618657874 -0.097696128
v 0.94 0.618657874 -0.112809772
v 0.992066049 0.618657874 -0.097696128
v 1.030181042 0.618657874 -0.056404886
v 1.127639556 0.55761248 0
v 1.102500622 0.55761248 0.101638093
v 1.033819778 0.55761248 0.176042341
v 0.94 0.55761248 0.203276185
v 0.846180222 0.55761248 0.176042341
v 0.777499378 0.55761248 0.101638093
v 0.752360444 0.55761248 0
v 0.777499378 0.55761248 -0.101638093
v 0.846180222 0.55761248 -0.176042341
v 0.94 0.55761248 -0.203276185
v 1.033819778 0.55761248 -0.176042341
v 1.102500622 0.55761248 -0.101638093
v 1.173982699 0.469399329 0
v 1.142634961 0.469399329 0.126740629
v 1.056991349 0.469399329 0.219521208
v 0.94 0.469399329 0.253481257
v 0.823008651 0.469399329 0.219521208
v 0.737365039 0.469399329 0.126740629
v 0.706017301 0.469399329 0
v 0.737365039 0.469399329 -0.126740629
v 0.823008651 0.469399329 -0.219521208
v 0.94 0.469399329 -0.253481257
v 1.056991349 0.469399329 -0.219521208
v 1.142634961 0.469399329 -0.126740629
v 1.173982699 0.371490118 0
v 1.142634961 0.371490118 0.126740629
v 1.056991349 0.371490118 0.219521208
v 0.94 0.371490118 0.253481257
v 0.823008651 0.371490118 0.219521208
v 0.737365039 0.371490118 0.126740629
v 0.706017301 0.371490118 0
v 0.737365039 0.371490118 -0.126740629
v 0.823008651 0.371490118 -0.219521208
v 0.94 0.371490118 -0.253481257
v 1.056991349 0.371490118 -0.219521208
v 1.142634961 0.371490118 -0.126740629
v 1.127639556 0.283276967 0
v 1.102500622 0.283276967 0.101638093
v 1.033819778 0.283276967 0.176042341
v 0.94 0.283276967 0.203276185
v 0.846180222 0.283276967 0.176042341
v 0.777499378 0.283276967 0.101638093
v 0.752360444 0.283276967 0
v 0.777499378 0.283276967 -0.101638093
v 0.846180222 0.283276967 -0.176042341
v 0.94 0.283276967 -0.203276185
v 1.033819778 0.283276967 -0.176042341
v 1.102500622 0.283276967 -0.101638093
v 1.044132097 0.222231572 0
v 1.030181042 0.222231572 0.056404886
v 0.992066049 0.222231572 0.097696128
v 0.94 0.222231572 0.112809772
v 0.887933951 0.222231572 0.097696128
v 0.849818958 0.222231572 0.056404886
v 0.835867903 0.222231572 0
v 0.849818958 0.222231572 -0.056404886
v 0.887933951 0.222231572 -0.097696128
v 0.94 0.222231572 -0.112809772
v 0.992066049 0.222231572 -0.097696128
v 1.030181042 0.222231572 -0.056404886
v 0.94 0.200444723 0
v 0.94 0.200444723 0
v 0.94 0.200444723 0
v 0.94 0.200444723 0
v 0.94 0.200444723 0
v 0.94 0.200444723 0
v 0.94 0.200444723 0
v 0.94 0.200444723 0
v 0.94 0.200444723 0
v 0.94 0.200444723 0
v 0.94 0.200444723 0
v 0.94 0.200444723 0
v 1.01 0.420444723 -0.16
v 1.000621778 0.386578119 -0.151165234
v 0.975 0.361786044 -0.144697736
v 0.94 0.352711514 -0.142330467
v 0.905 0.361786044 -0.144697736
v 0.879378222 0.386578119 -0.151165234
v 0.87 0.420444723 -0.16
v 0.879378222 0.454311328 -0.168834766
v 0.905 0.479103403 -0.175302264
v 0.94 0.488177932 -0.177669533
v 0.975 0.479103403 -0.175302264
v 1.000621778 0.454311328 -0.168834766
v 1.01 0.300444723 -0.62
v 1.000621778 0.266578119 -0.611165234
v 0.975 0.241786044 -0.604697736
v 0.94 0.232711514 -0.602330467
v 0.905 0.241786044 -0.604697736
v 0.879378222 0.266578119 -0.611165234
v 0.87 0.300444723 -0.62
v 0.879378222 0.334311328 -0.628834766
v 0.905 0.359103403 -0.635302264
v 0.94 0.368177932 -0.637669533
v 0.975 0.359103403 -0.635302264
v 1.000621778 0.334311328 -0.628834766
v 0.94 0.420444723 -0.16
v 0.94 0.300444723 -0.62
v 1.01 0.300444723 -0.62
v 1.000621778 0.273989189 -0.597084837
v 0.975 0.254622394 -0.580309773
v 0.94 0.247533655 -0.574169673
v 0.905 0.254622394 -0.580309773
v 0.879378222 0.273989189 -0.597084837
v 0.87 0.300444723 -0.62
v 0.879378222 0.326900257 -0.642915163
v 0.905 0.346267053 -0.659690227
v 0.94 0.353355792 -0.665830327
v 0.975 0.346267053 -0.659690227
v 1.000621778 0.326900257 -0.642915163
v 1.01 0.000444723 -0.966349712
v 1.000621778 -0.026010811 -0.943434549
v 0.975 -0.045377606 -0.926659485
v 0.94 -0.052466345 -0.920519386
v 0.905 -0.045377606 -0.926659485
v 0.879378222 -0.026010811 -0.943434549
v 0.87 0.000444723 -0.966349712
v 0.879378222 0.026900257 -0.989264876
v 0.905 0.046267053 -1.00603994
v 0.94 0.053355792 -1.012180039
v 0.975 0.046267053 -1.00603994
v 1.000621778 0.026900257 -0.989264876
v 0.94 0.300444723 -0.62
v 0.94 0.000444723 -0.966349712
v 0.94 0.034698359 -0.905303104
v 0.905 0.030109242 -0.913481799
v 0.879378222 0.017571541 -0.935826408
v 0.87 0.000444723 -0.966349712
v 0.879378222 -0.016682095 -0.996873017
v 0.905 -0.029219795 -1.019217626
v 0.94 -0.033808912 -1.027396321
v 0.975 -0.029219795 -1.019217626
v 1.000621778 -0.016682095 -0.996873017
v 1.01 0.000444723 -0.966349712
v 1.000621778 0.017571541 -0.935826408
v 0.975 0.030109242 -0.913481799
v 0.94 -0.275301641 -0.731360156
v 0.905 -0.279890758 -0.73953885
v 0.879378222 -0.292428459 -0.76188346
v 0.87 -0.309555277 -0.792406764
v 0.879378222 -0.326682095 -0.822930069
v 0.905 -0.339219795 -0.845274678
v 0.94 -0.343808912 -0.853453373
v 0.975 -0.339219795 -0.845274678
v 1.000621778 -0.326682095 -0.822930069
v 1.01 -0.309555277 -0.792406764
v 1.000621778 -0.292428459 -0.76188346
v 0.975 -0.279890758 -0.73953885
v 0.94 0.000444723 -0.966349712
v 0.94 -0.309555277 -0.792406764
v 0.87 0.420444723 0.16
v 0.879378222 0.386578119 0.151165234
v 0.905 0.361786044 0.144697736
v 0.94 0.352711514 0.142330467
v 0.975 0.361786044 0.144697736
v 1.000621778 0.386578119 0.151165234
v 1.01 0.420444723 0.16
v 1.000621778 0.454311328 0.168834766
v 0.975 0.479103403 0.175302264
v 0.94 0.488177932 0.177669533
v 0.905 0.479103403 0.175302264
v 0.879378222 0.454311328 0.168834766
v 0.87 0.300444723 0.62
v 0.879378222 0.266578119 0.611165234
v 0.905 0.241786044 0.604697736
v 0.94 0.232711514 0.602330467
v 0.975 0.241786044 0.604697736
v 1.000621778 0.266578119 0.611165234
v 1.01 0.300444723 0.62
v 1.000621778 0.334311328 0.628834766
v 0.975 0.359103403 0.635302264
v 0.94 0.368177932 0.637669533
v 0.905 0.359103403 0.635302264
v 0.879378222 0.334311328 0.628834766
v 0.94 0.420444723 0.16
v 0.94 0.300444723 0.62
v 0.87 0.300444723 0.62
v 0.879378222 0.273989189 0.597084837
v 0.905 0.254622394 0.580309773
v 0.94 0.247533655 0.574169673
v 0.975 0.254622394 0.580309773
v 1.000621778 0.273989189 0.597084837
v 1.01 0.300444723 0.62
v 1.000621778 0.326900257 0.642915163
v 0.975 0.346267053 0.659690227
v 0.94 0.353355792 0.665830327
v 0.905 0.346267053 0.659690227
v 0.879378222 0.326900257 0.642915163
v 0.87 0.000444723 0.966349712
v 0.879378222 -0.026010811 0.943434549
v 0.905 -0.045377606 0.926659485
v 0.94 -0.052466345 0.920519386
v 0.975 -0.045377606 0.926659485
v 1.000621778 -0.026010811 0.943434549
v 1.01 0.000444723 0.966349712
v 1.000621778 0.026900257 0.989264876
v 0.975 0.046267053 1.00603994
v 0.94 0.053355792 1.012180039
v 0.905 0.046267053 1.00603994
v 0.879378222 0.026900257 0.989264876
v 0.94 0.300444723 0.62
v 0.94 0.000444723 0.966349712
v 0.94 -0.033808912 1.027396321
v 0.905 -0.029219795 1.019217626
v 0.879378222 -0.016682095 0.996873017
v 0.87 0.000444723 0.966349712
v 0.879378222 0.017571541 0.935826408
v 0.905 0.030109242 0.913481799
v 0.94 0.034698359 0.905303104
v 0.975 0.030109242 0.913481799
v 1.000621778 0.017571541 0.935826408
v 1.01 0.000444723 0.966349712
v 1.000621778 -0.016682095 0.996873017
v 0.975 -0.029219795 1.019217626
v 0.94 -0.343808912 0.853453373
v 0.905 -0.339219795 0.845274678
v 0.879378222 -0.326682095 0.822930069
v 0.87 -0.309555277 0.792406764
v 0.879378222 -0.292428459 0.76188346
v 0.905 -0.279890758 0.73953885
v 0.94 -0.275301641 0.731360156
v 0.975 -0.279890758 0.73953885
v 1.000621778 -0.292428459 0.76188346
v 1.01 -0.309555277 0.792406764
v 1.000621778 -0.326682095 0.822930069
v 0.975 -0.339219795 0.845274678
v 0.94 0.000444723 0.966349712
v 0.94 -0.309555277 0.792406764
v 1.33 0.618560101 0
v 1.33 0.618560101 0
v 1.33 0.618560101 0
v 1.33 0.618560101 0
v 1.33 0.618560101 0
v 1.33 0.618560101 0
v 1.33 0.618560101 0
v 1.33 0.618560101 0
v 1.33 0.618560101 0
v 1.33 0.618560101 0
v 1.33 0.618560101 0
v 1.33 0.618560101 0
v 1.434132097 0.596773252 0
v 1.420181042 0.596773252 0.056404886
v 1.382066049 0.596773252 0.097696128
v 1.33 0.596773252 0.112809772
v 1.277933951 0.596773252 0.097696128
v 1.239818958 0.596773252 0.056404886
v 1.225867903 0.596773252 0
v 1.239818958 0.596773252 -0.056404886
v 1.277933951 0.596773252 -0.097696128
v 1.33 0.596773252 -0.112809772
v 1.382066049 0.596773252 -0.097696128
v 1.420181042 0.596773252 -0.056404886
v 1.517639556 0.535727857 0
v 1.492500622 0.535727857 0.101638093
v 1.423819778 0.535727857 0.176042341
v 1.33 0.535727857 0.203276185
v 1.236180222 0.535727857 0.176042341
v 1.167499378 0.535727857 0.101638093
v 1.142360444 0.535727857 0
v 1.167499378 0.535727857 -0.101638093
v 1.236180222 0.535727857 -0.176042341
v 1.33 0.535727857 -0.203276185
v 1.423819778 0.535727857 -0.176042341
v 1.492500622 0.535727857 -0.101638093
v 1.563982699 0.447514706 0
v 1.532634961 0.447514706 0.126740629
v 1.446991349 0.447514706 0.219521208
v 1.33 0.447514706 0.253481257
v 1.213008651 0.447514706 0.219521208
v 1.127365039 0.447514706 0.126740629
v 1.096017301 0.447514706 0
v 1.127365039 0.447514706 -0.126740629
v 1.213008651 0.447514706 -0.219521208
v 1.33 0.447514706 -0.253481257
v 1.446991349 0.447514706 -0.219521208
v 1.532634961 0.447514706 -0.126740629
v 1.563982699 0.349605495 0
v 1.532634961 0.349605495 0.126740629
v 1.446991349 0.349605495 0.219521208
v 1.33 0.349605495 0.253481257
v 1.213008651 0.349605495 0.219521208
v 1.127365039 0.349605495 0.126740629
v 1.096017301 0.349605495 0
v 1.127365039 0.349605495 -0.126740629
v 1.213008651 0.349605495 -0.219521208
v 1.33 0.349605495 -0.253481257
v 1.446991349 0.349605495 -0.219521208
v 1.532634961 0.349605495 -0.126740629
v 1.517639556 0.261392344 0
v 1.492500622 0.261392344 0.101638093
v 1.423819778 0.261392344 0.176042341
v 1.33 0.261392344 0.203276185
v 1.236180222 0.261392344 0.176042341
v 1.167499378 0.261392344 0.101638093
v 1.142360444 0.261392344 0
v 1.167499378 0.261392344 -0.101638093
v 1.236180222 0.261392344 -0.176042341
v 1.33 0.261392344 -0.203276185
v 1.423819778 0.261392344 -0.176042341
v 1.492500622 0.261392344 -0.101638093
v 1.434132097 0.20034695 0
v 1.420181042 0.20034695 0.056404886
v 1.382066049 0.20034695 0.097696128
v 1.33 0.20034695 0.112809772
v 1.277933951 0.20034695 0.097696128
v 1.239818958 0.20034695 0.056404886
v 1.225867903 0.20034695 0
v 1.239818958 0.20034695 -0.056404886
v 1.277933951 0.20034695 -0.097696128
v 1.33 0.20034695 -0.112809772
v 1.382066049 0.20034695 -0.097696128
v 1.420181042 0.20034695 -0.056404886
v 1.33 0.178560101 0
v 1.33 0.178560101 0
v 1.33 0.178560101 0
v 1.33 0.178560101 0
v 1.33 0.178560101 0
v 1.33 0.178560101 0
v 1.33 0.178560101 0
v 1.33 0.178560101 0
v 1.33 0.178560101 0
v 1.33 0.178560101 0
v 1.33 0.178560101 0
v 1.33 0.178560101 0
v 1.4 0.398560101 -0.16
v 1.390621778 0.364693496 -0.151165234
v 1.365 0.339901421 -0.144697736
v 1.33 0.330826892 -0.142330467
v 1.295 0.339901421 -0.144697736
v 1.269378222 0.364693496 -0.151165234
v 1.26 0.398560101 -0.16
v 1.269378222 0.432426705 -0.168834766
v 1.295 0.45721878 -0.175302264
v 1.33 0.46629331 -0.177669533
v 1.365 0.45721878 -0.175302264
v 1.390621778 0.432426705 -0.168834766
v 1.4 0.278560101 -0.62
v 1.390621778 0.244693496 -0.611165234
v 1.365 0.219901421 -0.604697736
v 1.33 0.210826892 -0.602330467
v 1.295 0.219901421 -0.604697736
v 1.269378222 0.244693496 -0.611165234
v 1.26 0.278560101 -0.62
v 1.269378222 0.312426705 -0.628834766
v 1.295 0.33721878 -0.635302264
v 1.33 0.34629331 -0.637669533
v 1.365 0.33721878 -0.635302264
v 1.390621778 0.312426705 -0.628834766
v 1.33 0.398560101 -0.16
v 1.33 0.278560101 -0.62
v 1.33 0.245618924 -0.558235294
v 1.295 0.250032205 -0.566510196
v 1.269378222 0.262089512 -0.589117647
v 1.26 0.278560101 -0.62
v 1.269378222 0.295030689 -0.650882353
v 1.295 0.307087996 -0.673489804
v 1.33 0.311501277 -0.681764706
v 1.365 0.307087996 -0.673489804
v 1.390621778 0.295030689 -0.650882353
v 1.4 0.278560101 -0.62
v 1.390621778 0.262089512 -0.589117647
v 1.365 0.250032205 -0.566510196
v 1.33 -0.054381076 -0.718235294
v 1.295 -0.049967795 -0.726510196
v 1.269378222 -0.037910488 -0.749117647
v 1.26 -0.021439899 -0.78
v 1.269378222 -0.004969311 -0.810882353
v 1.295 0.007087996 -0.833489804
v 1.33 0.011501277 -0.841764706
v 1.365 0.007087996 -0.833489804
v 1.390621778 -0.004969311 -0.810882353
v 1.4 -0.021439899 -0.78
v 1.390621778 -0.037910488 -0.749117647
v 1.365 -0.049967795 -0.726510196
v 1.33 0.278560101 -0.62
v 1.33 -0.021439899 -0.78
v 1.33 0.007439494 -0.716234958
v 1.295 0.003570389 -0.724777853
v 1.269378222 -0.007000203 -0.748117479
v 1.26 -0.021439899 -0.78
v 1.269378222 -0.035879596 -0.811882521
v 1.295 -0.046450188 -0.835222147
v 1.33 -0.050319293 -0.843765042
v 1.365 -0.046450188 -0.835222147
v 1.390621778 -0.035879596 -0.811882521
v 1.4 -0.021439899 -0.78
v 1.390621778 -0.007000203 -0.748117479
v 1.365 0.003570389 -0.724777853
v 1.33 -0.302560506 -0.575834958
v 1.295 -0.306429611 -0.584377853
v 1.269378222 -0.317000203 -0.607717479
v 1.26 -0.331439899 -0.6396
v 1.269378222 -0.345879596 -0.671482521
v 1.295 -0.356450188 -0.694822147
v 1.33 -0.360319293 -0.703365042
v 1.365 -0.356450188 -0.694822147
v 1.390621778 -0.345879596 -0.671482521
v 1.4 -0.331439899 -0.6396
v 1.390621778 -0.317000203 -0.607717479
v 1.365 -0.306429611 -0.584377853
v 1.33 -0.021439899 -0.78
v 1.33 -0.331439899 -0.6396
v 1.26 0.398560101 0.16
v 1.269378222 0.364693496 0.151165234
v 1.295 0.339901421 0.144697736
v 1.33 0.330826892 0.142330467
v 1.365 0.339901421 0.144697736
v 1.390621778 0.364693496 0.151165234
v 1.4 0.398560101 0.16
v 1.390621778 0.432426705 0.168834766
v 1.365 0.45721878 0.175302264
v 1.33 0.46629331 0.177669533
v 1.295 0.45721878 0.175302264
v 1.269378222 0.432426705 0.168834766
v 1.26 0.278560101 0.62
v 1.269378222 0.244693496 0.611165234
v 1.295 0.219901421 0.604697736
v 1.33 0.210826892 0.602330467
v 1.365 0.219901421 0.604697736
v 1.390621778 0.244693496 0.611165234
v 1.4 0.278560101 0.62
v 1.390621778 0.312426705 0.628834766
v 1.365 0.33721878 0.635302264
v 1.33 0.34629331 0.637669533
v 1.295 0.33721878 0.635302264
v 1.269378222 0.312426705 0.628834766
v 1.33 0.398560101 0.16
v 1.33 0.278560101 0.62
v 1.33 0.311501277 0.681764706
v 1.295 0.307087996 0.673489804
v 1.269378222 0.295030689 0.650882353
v 1.26 0.278560101 0.62
v 1.269378222 0.262089512 0.589117647
v 1.295 0.250032205 0.566510196
v 1.33 0.245618924 0.558235294
v 1.365 0.250032205 0.566510196
v 1.390621778 0.262089512 0.589117647
v 1.4 0.278560101 0.62
v 1.390621778 0.295030689 0.650882353
v 1.365 0.307087996 0.673489804
v 1.33 0.011501277 0.841764706
v 1.295 0.007087996 0.833489804
v 1.269378222 -0.004969311 0.810882353
v 1.26 -0.021439899 0.78
v 1.269378222 -0.037910488 0.749117647
v 1.295 -0.049967795 0.726510196
v 1.33 -0.054381076 0.718235294
v 1.365 -0.049967795 0.726510196
v 1.390621778 -0.037910488 0.749117647
v 1.4 -0.021439899 0.78
v 1.390621778 -0.004969311 0.810882353
v 1.365 0.007087996 0.833489804
v 1.33 0.278560101 0.62
v 1.33 -0.021439899 0.78
v 1.33 -0.050319293 0.843765042
v 1.295 -0.046450188 0.835222147
v 1.269378222 -0.035879596 0.811882521
v 1.26 -0.021439899 0.78
v 1.269378222 -0.007000203 0.748117479
v 1.295 0.003570389 0.724777853
v 1.33 0.007439494 0.716234958
v 1.365 0.003570389 0.724777853
v 1.390621778 -0.007000203 0.748117479
v 1.4 -0.021439899 0.78
v 1.390621778 -0.035879596 0.811882521
v 1.365 -0.046450188 0.835222147
v 1.33 -0.360319293 0.703365042
v 1.295 -0.356450188 0.694822147
v 1.269378222 -0.345879596 0.671482521
v 1.26 -0.331439899 0.6396
v 1.269378222 -0.317000203 0.607717479
v 1.295 -0.306429611 0.584377853
v 1.33 -0.302560506 0.575834958
v 1.365 -0.306429611 0.584377853
v 1.390621778 -0.317000203 0.607717479
v 1.4 -0.331439899 0.6396
v 1.390621778 -0.345879596 0.671482521
v 1.365 -0.356450188 0.694822147
v 1.33 -0.021439899 0.78
v 1.33 -0.331439899 0.6396
v 1.72 0.601898128 0
v 1.72 0.601898128 0
v 1.72 0.601898128 0
v 1.72 0.601898128 0
v 1.72 0.601898128 0
v 1.72 0.601898128 0
v 1.72 0.601898128 0
v 1.72 0.601898128 0
v 1.72 0.601898128 0
v 1.72 0.601898128 0
v 1.72 0.601898128 0
v 1.72 0.601898128 0
v 1.824132097 0.580111279 0
v 1.810181042 0.580111279 0.056404886
v 1.772066049 0.580111279 0.097696128
v 1.72 0.580111279 0.112809772
v 1.667933951 0.580111279 0.097696128
v 1.629818958 0.580111279 0.056404886
v 1.615867903 0.580111279 0
v 1.629818958 0.580111279 -0.056404886
v 1.667933951 0.580111279 -0.097696128
v 1.72 0.580111279 -0.112809772
v 1.772066049 0.580111279 -0.097696128
v 1.810181042 0.580111279 -0.056404886
v 1.907639556 0.519065884 0
v 1.882500622 0.519065884 0.101638093
v 1.813819778 0.519065884 0.176042341
v 1.72 0.519065884 0.203276185
v 1.626180222 0.519065884 0.176042341
v 1.557499378 0.519065884 0.101638093
v 1.532360444 0.519065884 0
v 1.557499378 0.519065884 -0.101638093
v 1.626180222 0.519065884 -0.176042341
v 1.72 0.519065884 -0.203276185
v 1.813819778 0.519065884 -0.176042341
v 1.882500622 0.519065884 -0.101638093
v 1.953982699 0.430852733 0
v 1.922634961 0.430852733 0.126740629
v 1.836991349 0.430852733 0.219521208
v 1.72 0.430852733 0.253481257
v 1.603008651 0.430852733 0.219521208
v 1.517365039 0.430852733 0.126740629
v 1.486017301 0.430852733 0
v 1.517365039 0.430852733 -0.126740629
v 1.603008651 0.430852733 -0.219521208
v 1.72 0.430852733 -0.253481257
v 1.836991349 0.430852733 -0.219521208
v 1.922634961 0.430852733 -0.126740629
v 1.953982699 0.332943522 0
v 1.922634961 0.332943522 0.126740629
v 1.836991349 0.332943522 0.219521208
v 1.72 0.332943522 0.253481257
v 1.603008651 0.332943522 0.219521208
v 1.517365039 0.332943522 0.126740629
v 1.486017301 0.332943522 0
v 1.517365039 0.332943522 -0.126740629
v 1.603008651 0.332943522 -0.219521208
v 1.72 0.332943522 -0.253481257
v 1.836991349 0.332943522 -0.219521208
v 1.922634961 0.332943522 -0.126740629
v 1.907639556 0.244730372 0
v 1.882500622 0.244730372 0.101638093
v 1.813819778 0.244730372 0.176042341
v 1.72 0.244730372 0.203276185
v 1.626180222 0.244730372 0.176042341
v 1.557499378 0.244730372 0.101638093
v 1.532360444 0.244730372 0
v 1.557499378 0.244730372 -0.101638093
v 1.626180222 0.244730372 -0.176042341
v 1.72 0.244730372 -0.203276185
v 1.813819778 0.244730372 -0.176042341
v 1.882500622 0.244730372 -0.101638093
v 1.824132097 0.183684977 0
v 1.810181042 0.183684977 0.056404886
v 1.772066049 0.183684977 0.097696128
v 1.72 0.183684977 0.112809772
v 1.667933951 0.183684977 0.097696128
v 1.629818958 0.183684977 0.056404886
v 1.615867903 0.183684977 0
v 1.629818958 0.183684977 -0.056404886
v 1.667933951 0.183684977 -0.097696128
v 1.72 0.183684977 -0.112809772
v 1.772066049 0.183684977 -0.097696128
v 1.810181042 0.183684977 -0.056404886
v 1.72 0.161898128 0
v 1.72 0.161898128 0
v 1.72 0.161898128 0
v 1.72 0.161898128 0
v 1.72 0.161898128 0
v 1.72 0.161898128 0
v 1.72 0.161898128 0
v 1.72 0.161898128 0
v 1.72 0.161898128 0
v 1.72 0.161898128 0
v 1.72 0.161898128 0
v 1.72 0.161898128 0
v 2.11 0.592150481 0
v 2.11 0.592150481 0
v 2.11 0.592150481 0
v 2.11 0.592150481 0
v 2.11 0.592150481 0
v 2.11 0.592150481 0
v 2.11 0.592150481 0
v 2.11 0.592150481 0
v 2.11 0.592150481 0
v 2.11 0.592150481 0
v 2.11 0.592150481 0
v 2.11 0.592150481 0
v 2.214132097 0.570363632 0
v 2.200181042 0.570363632 0.056404886
v 2.162066049 0.570363632 0.097696128
v 2.11 0.570363632 0.112809772
v 2.057933951 0.570363632 0.097696128
v 2.019818958 0.570363632 0.056404886
v 2.005867903 0.570363632 0
v 2.019818958 0.570363632 -0.056404886
v 2.057933951 0.570363632 -0.097696128
v 2.11 0.570363632 -0.112809772
v 2.162066049 0.570363632 -0.097696128
v 2.200181042 0.570363632 -0.056404886
v 2.297639556 0.509318238 0
v 2.272500622 0.509318238 0.101638093
v 2.203819778 0.509318238 0.176042341
v 2.11 0.509318238 0.203276185
v 2.016180222 0.509318238 0.176042341
v 1.947499378 0.509318238 0.101638093
v 1.922360444 0.509318238 0
v 1.947499378 0.509318238 -0.101638093
v 2.016180222 0.509318238 -0.176042341
v 2.11 0.509318238 -0.203276185
v 2.203819778 0.509318238 -0.176042341
v 2.272500622 0.509318238 -0.101638093
v 2.343982699 0.421105087 0
v 2.312634961 0.421105087 0.126740629
v 2.226991349 0.421105087 0.219521208
v 2.11 0.421105087 0.253481257
v 1.993008651 0.421105087 0.219521208
v 1.907365039 0.421105087 0.126740629
v 1.876017301 0.421105087 0
v 1.907365039 0.421105087 -0.126740629
v 1.993008651 0.421105087 -0.219521208
v 2.11 0.421105087 -0.253481257
v 2.226991349 0.421105087 -0.219521208
v 2.312634961 0.421105087 -0.126740629
v 2.343982699 0.323195876 0
v 2.312634961 0.323195876 0.126740629
v 2.226991349 0.323195876 0.219521208
v 2.11 0.323195876 0.253481257
v 1.993008651 0.323195876 0.219521208
v 1.907365039 0.323195876 0.126740629
v 1.876017301 0.323195876 0
v 1.907365039 0.323195876 -0.126740629
v 1.993008651 0.323195876 -0.219521208
v 2.11 0.323195876 -0.253481257
v 2.226991349 0.323195876 -0.219521208
v 2.312634961 0.323195876 -0.126740629
v 2.297639556 0.234982725 0
v 2.272500622 0.234982725 0.101638093
v 2.203819778 0.234982725 0.176042341
v 2.11 0.234982725 0.203276185
v 2.016180222 0.234982725 0.176042341
v 1.947499378 0.234982725 0.101638093
v 1.922360444 0.234982725 0
v 1.947499378 0.234982725 -0.101638093
v 2.016180222 0.234982725 -0.176042341
v 2.11 0.234982725 -0.203276185
v 2.203819778 0.234982725 -0.176042341
v 2.272500622 0.234982725 -0.101638093
v 2.214132097 0.17393733 0
v 2.200181042 0.17393733 0.056404886
v 2.162066049 0.17393733 0.097696128
v 2.11 0.17393733 0.112809772
v 2.057933951 0.17393733 0.097696128
v 2.019818958 0.17393733 0.056404886
v 2.005867903 0.17393733 0
v 2.019818958 0.17393733 -0.056404886
v 2.057933951 0.17393733 -0.097696128
v 2.11 0.17393733 -0.112809772
v 2.162066049 0.17393733 -0.097696128
v 2.200181042 0.17393733 -0.056404886
v 2.11 0.152150481 0
v 2.11 0.152150481 0
v 2.11 0.152150481 0
v 2.11 0.152150481 0
v 2.11 0.152150481 0
v 2.11 0.152150481 0
v 2.11 0.152150481 0
v 2.11 0.152150481 0
v 2.11 0.152150481 0
v 2.11 0.152150481 0
v 2.11 0.152150481 0
v 2.11 0.152150481 0
v 2.5 0.590306831 0
v 2.5 0.590306831 0
v 2.5 0.590306831 0
v 2.5 0.590306831 0
v 2.5 0.590306831 0
v 2.5 0.590306831 0
v 2.5 0.590306831 0
v 2.5 0.590306831 0
v 2.5 0.590306831 0
v 2.5 0.590306831 0
v 2.5 0.590306831 0
v 2.5 0.590306831 0
v 2.604132097 0.568519982 0
v 2.590181042 0.568519982 0.056404886
v 2.552066049 0.568519982 0.097696128
v 2.5 0.568519982 0.112809772
v 2.447933951 0.568519982 0.097696128
v 2.409818958 0.568519982 0.056404886
v 2.395867903 0.568519982 0
v 2.409818958 0.568519982 -0.056404886
v 2.447933951 0.568519982 -0.097696128
v 2.5 0.568519982 -0.112809772
v 2.552066049 0.568519982 -0.097696128
v 2.590181042 0.568519982 -0.056404886
v 2.687639556 0.507474588 0
v 2.662500622 0.507474588 0.101638093
v 2.593819778 0.507474588 0.176042341
v 2.5 0.507474588 0.203276185
v 2.406180222 0.507474588 0.176042341
v 2.337499378 0.507474588 0.101638093
v 2.312360444 0.507474588 0
v 2.337499378 0.507474588 -0.101638093
v 2.406180222 0.507474588 -0.176042341
v 2.5 0.507474588 -0.203276185
v 2.593819778 0.507474588 -0.176042341
v 2.662500622 0.507474588 -0.101638093
v 2.733982699 0.419261437 0
v 2.702634961 0.419261437 0.126740629
v 2.616991349 0.419261437 0.219521208
v 2.5 0.419261437 0.253481257
v 2.383008651 0.419261437 0.219521208
v 2.297365039 0.419261437 0.126740629
v 2.266017301 0.419261437 0
v 2.297365039 0.419261437 -0.126740629
v 2.383008651 0.419261437 -0.219521208
v 2.5 0.419261437 -0.253481257
v 2.616991349 0.419261437 -0.219521208
v 2.702634961 0.419261437 -0.126740629
v 2.733982699 0.321352226 0
v 2.702634961 0.321352226 0.126740629
v 2.616991349 0.321352226 0.219521208
v 2.5 0.321352226 0.253481257
v 2.383008651 0.321352226 0.219521208
v 2.297365039 0.321352226 0.126740629
v 2.266017301 0.321352226 0
v 2.297365039 0.321352226 -0.126740629
v 2.383008651 0.321352226 -0.219521208
v 2.5 0.321352226 -0.253481257
v 2.616991349 0.321352226 -0.219521208
v 2.702634961 0.321352226 -0.126740629
v 2.687639556 0.233139075 0
v 2.662500622 0.233139075 0.101638093
v 2.593819778 0.233139075 0.176042341
v 2.5 0.233139075 0.203276185
v 2.406180222 0.233139075 0.176042341
v 2.337499378 0.233139075 0.101638093
v 2.312360444 0.233139075 0
v 2.337499378 0.233139075 -0.101638093
v 2.406180222 0.233139075 -0.176042341
v 2.5 0.233139075 -0.203276185
v 2.593819778 0.233139075 -0.176042341
v 2.662500622 0.233139075 -0.101638093
v 2.604132097 0.17209368 0
v 2.590181042 0.17209368 0.056404886
v 2.552066049 0.17209368 0.097696128
v 2.5 0.17209368 0.112809772
v 2.447933951 0.17209368 0.097696128
v 2.409818958 0.17209368 0.056404886
v 2.395867903 0.17209368 0
v 2.409818958 0.17209368 -0.056404886
v 2.447933951 0.17209368 -0.097696128
v 2.5 0.17209368 -0.112809772
v 2.552066049 0.17209368 -0.097696128
v 2.590181042 0.17209368 -0.056404886
v 2.5 0.150306831 0
v 2.5 0.150306831 0
v 2.5 0.150306831 0
v 2.5 0.150306831 0
v 2.5 0.150306831 0
v 2.5 0.150306831 0
v 2.5 0.150306831 0
v 2.5 0.150306831 0
v 2.5 0.150306831 0
v 2.5 0.150306831 0
v 2.5 0.150306831 0
v 2.5 0.150306831 0
v 2.89 0.596554362 0
v 2.89 0.596554362 0
v 2.89 0.596554362 0
v 2.89 0.596554362 0
v 2.89 0.596554362 0
v 2.89 0.596554362 0
v 2.89 0.596554362 0
v 2.89 0.596554362 0
v 2.89 0.596554362 0
v 2.89 0.596554362 0
v 2.89 0.596554362 0
v 2.89 0.596554362 0
v 2.994132097 0.574767513 0
v 2.980181042 0.574767513 0.056404886
v 2.942066049 0.574767513 0.097696128
v 2.89 0.574767513 0.112809772
v 2.837933951 0.574767513 0.097696128
v 2.799818958 0.574767513 0.056404886
v 2.785867903 0.574767513 0
v 2.799818958 0.574767513 -0.056404886
v 2.837933951 0.574767513 -0.097696128
v 2.89 0.574767513 -0.112809772
v 2.942066049 0.574767513 -0.097696128
v 2.980181042 0.574767513 -0.056404886
v 3.077639556 0.513722118 0
v 3.052500622 0.513722118 0.101638093
v 2.983819778 0.513722118 0.176042341
v 2.89 0.513722118 0.203276185
v 2.796180222 0.513722118 0.176042341
v 2.727499378 0.513722118 0.101638093
v 2.702360444 0.513722118 0
v 2.727499378 0.513722118 -0.101638093
v 2.796180222 0.513722118 -0.176042341
v 2.89 0.513722118 -0.203276185
v 2.983819778 0.513722118 -0.176042341
v 3.052500622 0.513722118 -0.101638093
v 3.123982699 0.425508967 0
v 3.092634961 0.425508967 0.126740629
v 3.006991349 0.425508967 0.219521208
v 2.89 0.425508967 0.253481257
v 2.773008651 0.425508967 0.219521208
v 2.687365039 0.425508967 0.126740629
v 2.656017301 0.425508967 0
v 2.687365039 0.425508967 -0.126740629
v 2.773008651 0.425508967 -0.219521208
v 2.89 0.425508967 -0.253481257
v 3.006991349 0.425508967 -0.219521208
v 3.092634961 0.425508967 -0.126740629
v 3.123982699 0.327599757 0
v 3.092634961 0.327599757 0.126740629
v 3.006991349 0.327599757 0.219521208
v 2.89 0.327599757 0.253481257
v 2.773008651 0.327599757 0.219521208
v 2.687365039 0.327599757 0.126740629
v 2.656017301 0.327599757 0
v 2.687365039 0.327599757 -0.126740629
v 2.773008651 0.327599757 -0.219521208
v 2.89 0.327599757 -0.253481257
v 3.006991349 0.327599757 -0.219521208
v 3.092634961 0.327599757 -0.126740629
v 3.077639556 0.239386606 0
v 3.052500622 0.239386606 0.101638093
v 2.983819778 0.239386606 0.176042341
v 2.89 0.239386606 0.203276185
v 2.796180222 0.239386606 0.176042341
v 2.727499378 0.239386606 0.101638093
v 2.702360444 0.239386606 0
v 2.727499378 0.239386606 -0.101638093
v 2.796180222 0.239386606 -0.176042341
v 2.89 0.239386606 -0.203276185
v 2.983819778 0.239386606 -0.176042341
v 3.052500622 0.239386606 -0.101638093
v 2.994132097 0.178341211 0
v 2.980181042 0.178341211 0.056404886
v 2.942066049 0.178341211 0.097696128
v 2.89 0.178341211 0.112809772
v 2.837933951 0.178341211 0.097696128
v 2.799818958 0.178341211 0.056404886
v 2.785867903 0.178341211 0
v 2.799818958 0.178341211 -0.056404886
v 2.837933951 0.178341211 -0.097696128
v 2.89 0.178341211 -0.112809772
v 2.942066049 0.178341211 -0.097696128
v 2.980181042 0.178341211 -0.056404886
v 2.89 0.156554362 0
v 2.89 0.156554362 0
v 2.89 0.156554362 0
v 2.89 0.156554362 0
v 2.89 0.156554362 0
v 2.89 0.156554362 0
v 2.89 0.156554362 0
v 2.89 0.156554362 0
v 2.89 0.156554362 0
v 2.89 0.156554362 0
v 2.89 0.156554362 0
v 2.89 0.156554362 0
v 3.232823281 0.42 0.193238092
v 3.22660323 0.323377985 0.166591648
v 3.226652325 0.252645761 0.095307107
v 3.23295741 0.22675597 -0.001514897
v 3.243829044 0.252645761 -0.097930985
v 3.25635418 0.323377985 -0.168106545
v 3.267176719 0.42 -0.193238092
v 3.27339677 0.516622015 -0.166591648
v 3.273347675 0.587354239 -0.095307107
v 3.26704259 0.61324403 0.001514897
v 3.256170956 0.587354239 0.097930985
v 3.24364582 0.516622015 0.168106545
v 4.132823281 0.34 0.273238092
v 4.12660323 0.243377985 0.246591648
v 4.126652325 0.172645761 0.175307107
v 4.13295741 0.14675597 0.078485103
v 4.143829044 0.172645761 -0.017930985
v 4.15635418 0.243377985 -0.088106545
v 4.167176719 0.34 -0.113238092
v 4.17339677 0.436622015 -0.086591648
v 4.173347675 0.507354239 -0.015307107
v 4.16704259 0.53324403 0.081514897
v 4.156170956 0.507354239 0.177930985
v 4.14364582 0.436622015 0.248106545
v 3.25 0.42 0
v 4.15 0.34 0.08
v 4.118818062 0.34 0.245080849
v 4.113153395 0.256599318 0.221105116
v 4.117361746 0.195545781 0.159320382
v 4.13031549 0.173198636 0.076281815
v 4.148543684 0.195545781 -0.005760467
v 4.167162096 0.256599318 -0.064823302
v 4.181181938 0.34 -0.085080849
v 4.186846605 0.423400682 -0.061105116
v 4.182638254 0.484454219 0.000679618
v 4.16968451 0.506801364 0.083718185
v 4.151456316 0.484454219 0.165760467
v 4.132837904 0.423400682 0.224823302
v 5.018818062 0.23 0.415080849
v 5.013153395 0.146599318 0.391105116
v 5.017361746 0.085545781 0.329320382
v 5.03031549 0.063198636 0.246281815
v 5.048543684 0.085545781 0.164239533
v 5.067162096 0.146599318 0.105176698
v 5.081181938 0.23 0.084919151
v 5.086846605 0.313400682 0.108894884
v 5.082638254 0.374454219 0.170679618
v 5.06968451 0.396801364 0.253718185
v 5.051456316 0.374454219 0.335760467
v 5.032837904 0.313400682 0.394823302
v 4.15 0.34 0.08
v 5.05 0.23 0.25
v 5.009932382 0.23 0.386229901
v 5.006908169 0.159540952 0.365510245
v 5.015430377 0.107961349 0.313839711
v 5.033215488 0.089081903 0.245063379
v 5.055497995 0.107961349 0.17760981
v 5.076307319 0.159540952 0.129553134
v 5.090067618 0.23 0.113770099
v 5.093091831 0.300459048 0.134489755
v 5.084569623 0.352038651 0.186160289
v 5.066784512 0.370918097 0.254936621
v 5.044502005 0.352038651 0.32239019
v 5.023692681 0.300459048 0.370446866
v 5.859932382 0.12 0.636229901
v 5.856908169 0.049540952 0.615510245
v 5.865430377 -0.002038651 0.563839711
v 5.883215488 -0.020918097 0.495063379
v 5.905497995 -0.002038651 0.42760981
v 5.926307319 0.049540952 0.379553134
v 5.940067618 0.12 0.363770099
v 5.943091831 0.190459048 0.384489755
v 5.934569623 0.242038651 0.436160289
v 5.916784512 0.260918097 0.504936621
v 5.894502005 0.242038651 0.57239019
v 5.873692681 0.190459048 0.620446866
v 5.05 0.23 0.25
v 5.9 0.12 0.5
v 5.854477113 0.12 0.606694267
v 5.85472346 0.062350091 0.589902853
v 5.86710162 0.020147428 0.549022041
v 5.888294875 0.004700182 0.495005813
v 5.912624508 0.020147428 0.442327774
v 5.933571414 0.062350091 0.405102961
v 5.945522887 0.12 0.393305733
v 5.94527654 0.177649909 0.410097147
v 5.93289838 0.219852572 0.450977959
v 5.911705125 0.235299818 0.504994187
v 5.887375492 0.219852572 0.557672226
v 5.866428586 0.177649909 0.594897039
v 6.604477113 0.03 0.926694267
v 6.60472346 -0.027649909 0.909902853
v 6.61710162 -0.069852572 0.869022041
v 6.638294875 -0.085299818 0.815005813
v 6.662624508 -0.069852572 0.762327774
v 6.683571414 -0.027649909 0.725102961
v 6.695522887 0.03 0.713305733
v 6.69527654 0.087649909 0.730097147
v 6.68289838 0.129852572 0.770977959
v 6.661705125 0.145299818 0.824994187
v 6.637375492 0.129852572 0.877672226
v 6.616428586 0.087649909 0.914897039
v 5.9 0.12 0.5
v 6.65 0.03 0.82
v 6.609750776 0.03 0.900498447
v 6.611557464 -0.014821073 0.887920857
v 6.623664798 -0.047632375 0.857143929
v 6.642828628 -0.059642146 0.816414314
v 6.663914022 -0.047632375 0.776645481
v 6.681271164 -0.014821073 0.748493457
v 6.690249224 0.03 0.739501553
v 6.688442536 0.074821073 0.752079143
v 6.676335202 0.107632375 0.782856071
v 6.657171372 0.119642146 0.823585686
v 6.636085978 0.107632375 0.863354519
v 6.618728836 0.074821073 0.891506543
v 7.209750776 -0.03 1.200498447
v 7.211557464 -0.074821073 1.187920857
v 7.223664798 -0.107632375 1.157143929
v 7.242828628 -0.119642146 1.116414314
v 7.263914022 -0.107632375 1.076645481
v 7.281271164 -0.074821073 1.048493457
v 7.290249224 -0.03 1.039501553
v 7.288442536 0.014821073 1.052079143
v 7.276335202 0.047632375 1.082856071
v 7.257171372 0.059642146 1.123585686
v 7.236085978 0.047632375 1.163354519
v 7.218728836 0.014821073 1.191506543
v 6.65 0.03 0.82
v 7.25 -0.03 1.12
v -1.8 0.52 -0.42
v -1.8 0.52 -0.42
v -1.8 0.52 -0.42
v -1.8 0.52 -0.42
v -1.8 0.52 -0.42
v -1.8 0.52 -0.42
v -1.8 0.52 -0.42
v -1.8 0.52 -0.42
v -1.8 0.52 -0.42
v -1.8 0.52 -0.42
v -1.8 0.52 -0.42
v -1.8 0.52 -0.42
v -1.669887633 0.499447474 -0.42
v -1.687319385 0.499447474 -0.366424319
v -1.734943816 0.499447474 -0.327204199
v -1.8 0.499447474 -0.312848639
v -1.865056184 0.499447474 -0.327204199
v -1.912680615 0.499447474 -0.366424319
v -1.930112367 0.499447474 -0.42
v -1.912680615 0.499447474 -0.473575681
v -1.865056184 0.499447474 -0.512795801
v -1.8 0.499447474 -0.527151361
v -1.734943816 0.499447474 -0.512795801
v -1.687319385 0.499447474 -0.473575681
v -1.559583694 0.440918831 -0.42
v -1.591793372 0.440918831 -0.321005051
v -1.679791847 0.440918831 -0.248535718
v -1.8 0.440918831 -0.222010101
v -1.920208153 0.440918831 -0.248535718
v -2.008206628 0.440918831 -0.321005051
v -2.040416306 0.440918831 -0.42
v -2.008206628 0.440918831 -0.518994949
v -1.920208153 0.440918831 -0.591464282
v -1.8 0.440918831 -0.617989899
v -1.679791847 0.440918831 -0.591464282
v -1.591793372 0.440918831 -0.518994949
v -1.485880959 0.353324527 -0.42
v -1.527964931 0.353324527 -0.290656865
v -1.642940479 0.353324527 -0.195971119
v -1.8 0.353324527 -0.161313731
v -1.957059521 0.353324527 -0.195971119
v -2.072035069 0.353324527 -0.290656865
v -2.114119041 0.353324527 -0.42
v -2.072035069 0.353324527 -0.549343135
v -1.957059521 0.353324527 -0.644028881
v -1.8 0.353324527 -0.678686269
v -1.642940479 0.353324527 -0.644028881
v -1.527964931 0.353324527 -0.549343135
v -1.46 0.25 -0.42
v -1.505551363 0.25 -0.28
v -1.63 0.25 -0.177512887
v -1.8 0.25 -0.14
v -1.97 0.25 -0.177512887
v -2.094448637 0.25 -0.28
v -2.14 0.25 -0.42
v -2.094448637 0.25 -0.56
v -1.97 0.25 -0.662487113
v -1.8 0.25 -0.7
v -1.63 0.25 -0.662487113
v -1.505551363 0.25 -0.56
v -1.485880959 0.146675473 -0.42
v -1.527964931 0.146675473 -0.290656865
v -1.642940479 0.146675473 -0.195971119
v -1.8 0.146675473 -0.161313731
v -1.957059521 0.146675473 -0.195971119
v -2.072035069 0.146675473 -0.290656865
v -2.114119041 0.146675473 -0.42
v -2.072035069 0.146675473 -0.549343135
v -1.957059521 0.146675473 -0.644028881
v -1.8 0.146675473 -0.678686269
v -1.642940479 0.146675473 -0.644028881
v -1.527964931 0.146675473 -0.549343135
v -1.559583694 0.059081169 -0.42
v -1.591793372 0.059081169 -0.321005051
v -1.679791847 0.059081169 -0.248535718
v -1.8 0.059081169 -0.222010101
v -1.920208153 0.059081169 -0.248535718
v -2.008206628 0.059081169 -0.321005051
v -2.040416306 0.059081169 -0.42
v -2.008206628 0.059081169 -0.518994949
v -1.920208153 0.059081169 -0.591464282
v -1.8 0.059081169 -0.617989899
v -1.679791847 0.059081169 -0.591464282
v -1.591793372 0.059081169 -0.518994949
v -1.669887633 0.000552526 -0.42
v -1.687319385 0.000552526 -0.366424319
v -1.734943816 0.000552526 -0.327204199
v -1.8 0.000552526 -0.312848639
v -1.865056184 0.000552526 -0.327204199
v -1.912680615 0.000552526 -0.366424319
v -1.930112367 0.000552526 -0.42
v -1.912680615 0.000552526 -0.473575681
v -1.865056184 0.000552526 -0.512795801
v -1.8 0.000552526 -0.527151361
v -1.734943816 0.000552526 -0.512795801
v -1.687319385 0.000552526 -0.473575681
v -1.8 -0.02 -0.42
v -1.8 -0.02 -0.42
v -1.8 -0.02 -0.42
v -1.8 -0.02 -0.42
v -1.8 -0.02 -0.42
v -1.8 -0.02 -0.42
v -1.8 -0.02 -0.42
v -1.8 -0.02 -0.42
v -1.8 -0.02 -0.42
v -1.8 -0.02 -0.42
v -1.8 -0.02 -0.42
v -1.8 -0.02 -0.42
v -1.687339081 0.18 -0.484865378
v -1.681760022 0.12991562 -0.440269746
v -1.707863271 0.09325131 -0.390242852
v -1.758654481 0.079831241 -0.348189362
v -1.82052419 0.09325131 -0.325377474
v -1.876894459 0.12991562 -0.327919616
v -1.912660919 0.18 -0.355134622
v -1.918239978 0.23008438 -0.399730254
v -1.892136729 0.26674869 -0.449757148
v -1.841345519 0.280168759 -0.491810638
v -1.77947581 0.26674869 -0.514622526
v -1.723105541 0.23008438 -0.512080384
v -2.067339081 -0.45 -1.144865378
v -2.061760022 -0.50008438 -1.100269746
v -2.087863271 -0.53674869 -1.050242852
v -2.138654481 -0.550168759 -1.008189362
v -2.20052419 -0.53674869 -0.985377474
v -2.256894459 -0.50008438 -0.987919616
v -2.292660919 -0.45 -1.015134622
v -2.298239978 -0.39991562 -1.059730254
v -2.272136729 -0.36325131 -1.109757148
v -2.221345519 -0.349831241 -1.151810638
v -2.15947581 -0.36325131 -1.174622526
v -2.103105541 -0.39991562 -1.172080384
v -1.8 0.18 -0.42
v -2.18 -0.45 -1.08
v -2.18 -0.487377627 -0.987248111
v -2.226620191 -0.499131086 -1.006428985
v -2.260748539 -0.49771991 -1.045323154
v -2.273240382 -0.483522222 -1.093508955
v -2.260748539 -0.460342283 -1.138075043
v -2.226620191 -0.434391137 -1.16707997
v -2.18 -0.412622373 -1.172751889
v -2.133379809 -0.400868914 -1.153571015
v -2.099251461 -0.40228009 -1.114676846
v -2.086759618 -0.416477778 -1.066491045
v -2.099251461 -0.439657717 -1.021924957
v -2.133379809 -0.465608863 -0.99292003
v -1.9 -1.157377627 -1.257248111
v -1.946620191 -1.169131086 -1.276428985
v -1.980748539 -1.16771991 -1.315323154
v -1.993240382 -1.153522222 -1.363508955
v -1.980748539 -1.130342283 -1.408075043
v -1.946620191 -1.104391137 -1.43707997
v -1.9 -1.082622373 -1.442751889
v -1.853379809 -1.070868914 -1.423571015
v -1.819251461 -1.07228009 -1.384676846
v -1.806759618 -1.086477778 -1.336491045
v -1.819251461 -1.109657717 -1.291924957
v -1.853379809 -1.135608863 -1.26292003
v -2.18 -0.45 -1.08
v -1.9 -1.12 -1.35
v -1.881290811 -1.12 -1.390926351
v -1.884521467 -1.15172356 -1.377911123
v -1.896819238 -1.164863888 -1.348545937
v -1.910980256 -1.15172356 -1.320032522
v -1.918709189 -1.12 -1.309073649
v -1.915478533 -1.08827644 -1.322088877
v -1.903180762 -1.075136112 -1.351454063
v -1.889019744 -1.08827644 -1.379967478
v -2.231290811 -1.15 -1.550926351
v -2.234521467 -1.18172356 -1.537911123
v -2.246819238 -1.194863888 -1.508545937
v -2.260980256 -1.18172356 -1.480032522
v -2.268709189 -1.15 -1.469073649
v -2.265478533 -1.11827644 -1.482088877
v -2.253180762 -1.105136112 -1.511454063
v -2.239019744 -1.11827644 -1.539967478
v -1.9 -1.12 -1.35
v -2.25 -1.15 -1.51
v -1.9 -1.12 -1.395
v -1.897282552 -1.151703556 -1.381819805
v -1.896156949 -1.164835599 -1.35
v -1.897282552 -1.151703556 -1.318180195
v -1.9 -1.12 -1.305
v -1.902717448 -1.088296444 -1.318180195
v -1.903843051 -1.075164401 -1.35
v -1.902717448 -1.088296444 -1.381819805
v -2.25 -1.15 -1.395
v -2.247282552 -1.181703556 -1.381819805
v -2.246156949 -1.194835599 -1.35
v -2.247282552 -1.181703556 -1.318180195
v -2.25 -1.15 -1.305
v -2.252717448 -1.118296444 -1.318180195
v -2.253843051 -1.105164401 -1.35
v -2.252717448 -1.118296444 -1.381819805
v -1.9 -1.12 -1.35
v -2.25 -1.15 -1.35
v -1.918709189 -1.12 -1.390926351
v -1.910980256 -1.15172356 -1.379967478
v -1.896819238 -1.164863888 -1.351454063
v -1.884521467 -1.15172356 -1.322088877
v -1.881290811 -1.12 -1.309073649
v -1.889019744 -1.08827644 -1.320032522
v -1.903180762 -1.075136112 -1.348545937
v -1.915478533 -1.08827644 -1.377911123
v -2.268709189 -1.15 -1.230926351
v -2.260980256 -1.18172356 -1.219967478
v -2.246819238 -1.194863888 -1.191454063
v -2.234521467 -1.18172356 -1.162088877
v -2.231290811 -1.15 -1.149073649
v -2.239019744 -1.11827644 -1.160032522
v -2.253180762 -1.105136112 -1.188545937
v -2.265478533 -1.11827644 -1.217911123
v -1.9 -1.12 -1.35
v -2.25 -1.15 -1.19
v -1.8 0.52 0.42
v -1.8 0.52 0.42
v -1.8 0.52 0.42
v -1.8 0.52 0.42
v -1.8 0.52 0.42
v -1.8 0.52 0.42
v -1.8 0.52 0.42
v -1.8 0.52 0.42
v -1.8 0.52 0.42
v -1.8 0.52 0.42
v -1.8 0.52 0.42
v -1.8 0.52 0.42
v -1.669887633 0.499447474 0.42
v -1.687319385 0.499447474 0.473575681
v -1.734943816 0.499447474 0.512795801
v -1.8 0.499447474 0.527151361
v -1.865056184 0.499447474 0.512795801
v -1.912680615 0.499447474 0.473575681
v -1.930112367 0.499447474 0.42
v -1.912680615 0.499447474 0.366424319
v -1.865056184 0.499447474 0.327204199
v -1.8 0.499447474 0.312848639
v -1.734943816 0.499447474 0.327204199
v -1.687319385 0.499447474 0.366424319
v -1.559583694 0.440918831 0.42
v -1.591793372 0.440918831 0.518994949
v -1.679791847 0.440918831 0.591464282
v -1.8 0.440918831 0.617989899
v -1.920208153 0.440918831 0.591464282
v -2.008206628 0.440918831 0.518994949
v -2.040416306 0.440918831 0.42
v -2.008206628 0.440918831 0.321005051
v -1.920208153 0.440918831 0.248535718
v -1.8 0.440918831 0.222010101
v -1.679791847 0.440918831 0.248535718
v -1.591793372 0.440918831 0.321005051
v -1.485880959 0.353324527 0.42
v -1.527964931 0.353324527 0.549343135
v -1.642940479 0.353324527 0.644028881
v -1.8 0.353324527 0.678686269
v -1.957059521 0.353324527 0.644028881
v -2.072035069 0.353324527 0.549343135
v -2.114119041 0.353324527 0.42
v -2.072035069 0.353324527 0.290656865
v -1.957059521 0.353324527 0.195971119
v -1.8 0.353324527 0.161313731
v -1.642940479 0.353324527 0.195971119
v -1.527964931 0.353324527 0.290656865
v -1.46 0.25 0.42
v -1.505551363 0.25 0.56
v -1.63 0.25 0.662487113
v -1.8 0.25 0.7
v -1.97 0.25 0.662487113
v -2.094448637 0.25 0.56
v -2.14 0.25 0.42
v -2.094448637 0.25 0.28
v -1.97 0.25 0.177512887
v -1.8 0.25 0.14
v -1.63 0.25 0.177512887
v -1.505551363 0.25 0.28
v -1.485880959 0.146675473 0.42
v -1.527964931 0.146675473 0.549343135
v -1.642940479 0.146675473 0.644028881
v -1.8 0.146675473 0.678686269
v -1.957059521 0.146675473 0.644028881
v -2.072035069 0.146675473 0.549343135
v -2.114119041 0.146675473 0.42
v -2.072035069 0.146675473 0.290656865
v -1.957059521 0.146675473 0.195971119
v -1.8 0.146675473 0.161313731
v -1.642940479 0.146675473 0.195971119
v -1.527964931 0.146675473 0.290656865
v -1.559583694 0.059081169 0.42
v -1.591793372 0.059081169 0.518994949
v -1.679791847 0.059081169 0.591464282
v -1.8 0.059081169 0.617989899
v -1.920208153 0.059081169 0.591464282
v -2.008206628 0.059081169 0.518994949
v -2.040416306 0.059081169 0.42
v -2.008206628 0.059081169 0.321005051
v -1.920208153 0.059081169 0.248535718
v -1.8 0.059081169 0.222010101
v -1.679791847 0.059081169 0.248535718
v -1.591793372 0.059081169 0.321005051
v -1.669887633 0.000552526 0.42
v -1.687319385 0.000552526 0.473575681
v -1.734943816 0.000552526 0.512795801
v -1.8 0.000552526 0.527151361
v -1.865056184 0.000552526 0.512795801
v -1.912680615 0.000552526 0.473575681
v -1.930112367 0.000552526 0.42
v -1.912680615 0.000552526 0.366424319
v -1.865056184 0.000552526 0.327204199
v -1.8 0.000552526 0.312848639
v -1.734943816 0.000552526 0.327204199
v -1.687319385 0.000552526 0.366424319
v -1.8 -0.02 0.42
v -1.8 -0.02 0.42
v -1.8 -0.02 0.42
v -1.8 -0.02 0.42
v -1.8 -0.02 0.42
v -1.8 -0.02 0.42
v -1.8 -0.02 0.42
v -1.8 -0.02 0.42
v -1.8 -0.02 0.42
v -1.8 -0.02 0.42
v -1.8 -0.02 0.42
v -1.8 -0.02 0.42
v -1.912660919 0.18 0.355134622
v -1.876894459 0.12991562 0.327919616
v -1.82052419 0.09325131 0.325377474
v -1.758654481 0.079831241 0.348189362
v -1.707863271 0.09325131 0.390242852
v -1.681760022 0.12991562 0.440269746
v -1.687339081 0.18 0.484865378
v -1.723105541 0.23008438 0.512080384
v -1.77947581 0.26674869 0.514622526
v -1.841345519 0.280168759 0.491810638
v -1.892136729 0.26674869 0.449757148
v -1.918239978 0.23008438 0.399730254
v -2.292660919 -0.45 1.015134622
v -2.256894459 -0.50008438 0.987919616
v -2.20052419 -0.53674869 0.985377474
v -2.138654481 -0.550168759 1.008189362
v -2.087863271 -0.53674869 1.050242852
v -2.061760022 -0.50008438 1.100269746
v -2.067339081 -0.45 1.144865378
v -2.103105541 -0.39991562 1.172080384
v -2.15947581 -0.36325131 1.174622526
v -2.221345519 -0.349831241 1.151810638
v -2.272136729 -0.36325131 1.109757148
v -2.298239978 -0.39991562 1.059730254
v -1.8 0.18 0.42
v -2.18 -0.45 1.08
v -2.18 -0.412622373 1.172751889
v -2.226620191 -0.434391137 1.16707997
v -2.260748539 -0.460342283 1.138075043
v -2.273240382 -0.483522222 1.093508955
v -2.260748539 -0.49771991 1.045323154
v -2.226620191 -0.499131086 1.006428985
v -2.18 -0.487377627 0.987248111
v -2.133379809 -0.465608863 0.99292003
v -2.099251461 -0.439657717 1.021924957
v -2.086759618 -0.416477778 1.066491045
v -2.099251461 -0.40228009 1.114676846
v -2.133379809 -0.400868914 1.153571015
v -1.9 -1.082622373 1.442751889
v -1.946620191 -1.104391137 1.43707997
v -1.980748539 -1.130342283 1.408075043
v -1.993240382 -1.153522222 1.363508955
v -1.980748539 -1.16771991 1.315323154
v -1.946620191 -1.169131086 1.276428985
v -1.9 -1.157377627 1.257248111
v -1.853379809 -1.135608863 1.26292003
v -1.819251461 -1.109657717 1.291924957
v -1.806759618 -1.086477778 1.336491045
v -1.819251461 -1.07228009 1.384676846
v -1.853379809 -1.070868914 1.423571015
v -2.18 -0.45 1.08
v -1.9 -1.12 1.35
v -1.881290811 -1.12 1.309073649
v -1.884521467 -1.15172356 1.322088877
v -1.896819238 -1.164863888 1.351454063
v -1.910980256 -1.15172356 1.379967478
v -1.918709189 -1.12 1.390926351
v -1.915478533 -1.08827644 1.377911123
v -1.903180762 -1.075136112 1.348545937
v -1.889019744 -1.08827644 1.320032522
v -2.231290811 -1.15 1.149073649
v -2.234521467 -1.18172356 1.162088877
v -2.246819238 -1.194863888 1.191454063
v -2.260980256 -1.18172356 1.219967478
v -2.268709189 -1.15 1.230926351
v -2.265478533 -1.11827644 1.217911123
v -2.253180762 -1.105136112 1.188545937
v -2.239019744 -1.11827644 1.160032522
v -1.9 -1.12 1.35
v -2.25 -1.15 1.19
v -1.9 -1.12 1.305
v -1.897282552 -1.151703556 1.318180195
v -1.896156949 -1.164835599 1.35
v -1.897282552 -1.151703556 1.381819805
v -1.9 -1.12 1.395
v -1.902717448 -1.088296444 1.381819805
v -1.903843051 -1.075164401 1.35
v -1.902717448 -1.088296444 1.318180195
v -2.25 -1.15 1.305
v -2.247282552 -1.181703556 1.318180195
v -2.246156949 -1.194835599 1.35
v -2.247282552 -1.181703556 1.381819805
v -2.25 -1.15 1.395
v -2.252717448 -1.118296444 1.381819805
v -2.253843051 -1.105164401 1.35
v -2.252717448 -1.118296444 1.318180195
v -1.9 -1.12 1.35
v -2.25 -1.15 1.35
v -1.918709189 -1.12 1.309073649
v -1.910980256 -1.15172356 1.320032522
v -1.896819238 -1.164863888 1.348545937
v -1.884521467 -1.15172356 1.377911123
v -1.881290811 -1.12 1.390926351
v -1.889019744 -1.08827644 1.379967478
v -1.903180762 -1.075136112 1.351454063
v -1.915478533 -1.08827644 1.322088877
v -2.268709189 -1.15 1.469073649
v -2.260980256 -1.18172356 1.480032522
v -2.246819238 -1.194863888 1.508545937
v -2.234521467 -1.18172356 1.537911123
v -2.231290811 -1.15 1.550926351
v -2.239019744 -1.11827644 1.539967478
v -2.253180762 -1.105136112 1.511454063
v -2.265478533 -1.11827644 1.482088877
v -1.9 -1.12 1.35
v -2.25 -1.15 1.51
v 1.45 0.52 -0.42
v 1.45 0.52 -0.42
v 1.45 0.52 -0.42
v 1.45 0.52 -0.42
v 1.45 0.52 -0.42
v 1.45 0.52 -0.42
v 1.45 0.52 -0.42
v 1.45 0.52 -0.42
v 1.45 0.52 -0.42
v 1.45 0.52 -0.42
v 1.45 0.52 -0.42
v 1.45 0.52 -0.42
v 1.580112367 0.499447474 -0.42
v 1.562680615 0.499447474 -0.366424319
v 1.515056184 0.499447474 -0.327204199
v 1.45 0.499447474 -0.312848639
v 1.384943816 0.499447474 -0.327204199
v 1.337319385 0.499447474 -0.366424319
v 1.319887633 0.499447474 -0.42
v 1.337319385 0.499447474 -0.473575681
v 1.384943816 0.499447474 -0.512795801
v 1.45 0.499447474 -0.527151361
v 1.515056184 0.499447474 -0.512795801
v 1.562680615 0.499447474 -0.473575681
v 1.690416306 0.440918831 -0.42
v 1.658206628 0.440918831 -0.321005051
v 1.570208153 0.440918831 -0.248535718
v 1.45 0.440918831 -0.222010101
v 1.329791847 0.440918831 -0.248535718
v 1.241793372 0.440918831 -0.321005051
v 1.209583694 0.440918831 -0.42
v 1.241793372 0.440918831 -0.518994949
v 1.329791847 0.440918831 -0.591464282
v 1.45 0.440918831 -0.617989899
v 1.570208153 0.440918831 -0.591464282
v 1.658206628 0.440918831 -0.518994949
v 1.764119041 0.353324527 -0.42
v 1.722035069 0.353324527 -0.290656865
v 1.607059521 0.353324527 -0.195971119
v 1.45 0.353324527 -0.161313731
v 1.292940479 0.353324527 -0.195971119
v 1.177964931 0.353324527 -0.290656865
v 1.135880959 0.353324527 -0.42
v 1.177964931 0.353324527 -0.549343135
v 1.292940479 0.353324527 -0.644028881
v 1.45 0.353324527 -0.678686269
v 1.607059521 0.353324527 -0.644028881
v 1.722035069 0.353324527 -0.549343135
v 1.79 0.25 -0.42
v 1.744448637 0.25 -0.28
v 1.62 0.25 -0.177512887
v 1.45 0.25 -0.14
v 1.28 0.25 -0.177512887
v 1.155551363 0.25 -0.28
v 1.11 0.25 -0.42
v 1.155551363 0.25 -0.56
v 1.28 0.25 -0.662487113
v 1.45 0.25 -0.7
v 1.62 0.25 -0.662487113
v 1.744448637 0.25 -0.56
v 1.764119041 0.146675473 -0.42
v 1.722035069 0.146675473 -0.290656865
v 1.607059521 0.146675473 -0.195971119
v 1.45 0.146675473 -0.161313731
v 1.292940479 0.146675473 -0.195971119
v 1.177964931 0.146675473 -0.290656865
v 1.135880959 0.146675473 -0.42
v 1.177964931 0.146675473 -0.549343135
v 1.292940479 0.146675473 -0.644028881
v 1.45 0.146675473 -0.678686269
v 1.607059521 0.146675473 -0.644028881
v 1.722035069 0.146675473 -0.549343135
v 1.690416306 0.059081169 -0.42
v 1.658206628 0.059081169 -0.321005051
v 1.570208153 0.059081169 -0.248535718
v 1.45 0.059081169 -0.222010101
v 1.329791847 0.059081169 -0.248535718
v 1.241793372 0.059081169 -0.321005051
v 1.209583694 0.059081169 -0.42
v 1.241793372 0.059081169 -0.518994949
v 1.329791847 0.059081169 -0.591464282
v 1.45 0.059081169 -0.617989899
v 1.570208153 0.059081169 -0.591464282
v 1.658206628 0.059081169 -0.518994949
v 1.580112367 0.000552526 -0.42
v 1.562680615 0.000552526 -0.366424319
v 1.515056184 0.000552526 -0.327204199
v 1.45 0.000552526 -0.312848639
v 1.384943816 0.000552526 -0.327204199
v 1.337319385 0.000552526 -0.366424319
v 1.319887633 0.000552526 -0.42
v 1.337319385 0.000552526 -0.473575681
v 1.384943816 0.000552526 -0.512795801
v 1.45 0.000552526 -0.527151361
v 1.515056184 0.000552526 -0.512795801
v 1.562680615 0.000552526 -0.473575681
v 1.45 -0.02 -0.42
v 1.45 -0.02 -0.42
v 1.45 -0.02 -0.42
v 1.45 -0.02 -0.42
v 1.45 -0.02 -0.42
v 1.45 -0.02 -0.42
v 1.45 -0.02 -0.42
v 1.45 -0.02 -0.42
v 1.45 -0.02 -0.42
v 1.45 -0.02 -0.42
v 1.45 -0.02 -0.42
v 1.45 -0.02 -0.42
v 1.562660919 0.18 -0.355134622
v 1.526894459 0.12991562 -0.327919616
v 1.47052419 0.09325131 -0.325377474
v 1.408654481 0.079831241 -0.348189362
v 1.357863271 0.09325131 -0.390242852
v 1.331760022 0.12991562 -0.440269746
v 1.337339081 0.18 -0.484865378
v 1.373105541 0.23008438 -0.512080384
v 1.42947581 0.26674869 -0.514622526
v 1.491345519 0.280168759 -0.491810638
v 1.542136729 0.26674869 -0.449757148
v 1.568239978 0.23008438 -0.399730254
v 1.942660919 -0.45 -1.015134622
v 1.906894459 -0.50008438 -0.987919616
v 1.85052419 -0.53674869 -0.985377474
v 1.788654481 -0.550168759 -1.008189362
v 1.737863271 -0.53674869 -1.050242852
v 1.711760022 -0.50008438 -1.100269746
v 1.717339081 -0.45 -1.144865378
v 1.753105541 -0.39991562 -1.172080384
v 1.80947581 -0.36325131 -1.174622526
v 1.871345519 -0.349831241 -1.151810638
v 1.922136729 -0.36325131 -1.109757148
v 1.948239978 -0.39991562 -1.059730254
v 1.45 0.18 -0.42
v 1.83 -0.45 -1.08
v 1.83 -0.487377627 -0.987248111
v 1.783379809 -0.465608863 -0.99292003
v 1.749251461 -0.439657717 -1.021924957
v 1.736759618 -0.416477778 -1.066491045
v 1.749251461 -0.40228009 -1.114676846
v 1.783379809 -0.400868914 -1.153571015
v 1.83 -0.412622373 -1.172751889
v 1.876620191 -0.434391137 -1.16707997
v 1.910748539 -0.460342283 -1.138075043
v 1.923240382 -0.483522222 -1.093508955
v 1.910748539 -0.49771991 -1.045323154
v 1.876620191 -0.499131086 -1.006428985
v 1.55 -1.157377627 -1.257248111
v 1.503379809 -1.135608863 -1.26292003
v 1.469251461 -1.109657717 -1.291924957
v 1.456759618 -1.086477778 -1.336491045
v 1.469251461 -1.07228009 -1.384676846
v 1.503379809 -1.070868914 -1.423571015
v 1.55 -1.082622373 -1.442751889
v 1.596620191 -1.104391137 -1.43707997
v 1.630748539 -1.130342283 -1.408075043
v 1.643240382 -1.153522222 -1.363508955
v 1.630748539 -1.16771991 -1.315323154
v 1.596620191 -1.169131086 -1.276428985
v 1.83 -0.45 -1.08
v 1.55 -1.12 -1.35
v 1.568709189 -1.12 -1.390926351
v 1.565478533 -1.15172356 -1.377911123
v 1.553180762 -1.164863888 -1.348545937
v 1.539019744 -1.15172356 -1.320032522
v 1.531290811 -1.12 -1.309073649
v 1.534521467 -1.08827644 -1.322088877
v 1.546819238 -1.075136112 -1.351454063
v 1.560980256 -1.08827644 -1.379967478
v 1.218709189 -1.15 -1.550926351
v 1.215478533 -1.18172356 -1.537911123
v 1.203180762 -1.194863888 -1.508545937
v 1.189019744 -1.18172356 -1.480032522
v 1.181290811 -1.15 -1.469073649
v 1.184521467 -1.11827644 -1.482088877
v 1.196819238 -1.105136112 -1.511454063
v 1.210980256 -1.11827644 -1.539967478
v 1.55 -1.12 -1.35
v 1.2 -1.15 -1.51
v 1.55 -1.12 -1.395
v 1.552717448 -1.151703556 -1.381819805
v 1.553843051 -1.164835599 -1.35
v 1.552717448 -1.151703556 -1.318180195
v 1.55 -1.12 -1.305
v 1.547282552 -1.088296444 -1.318180195
v 1.546156949 -1.075164401 -1.35
v 1.547282552 -1.088296444 -1.381819805
v 1.2 -1.15 -1.395
v 1.202717448 -1.181703556 -1.381819805
v 1.203843051 -1.194835599 -1.35
v 1.202717448 -1.181703556 -1.318180195
v 1.2 -1.15 -1.305
v 1.197282552 -1.118296444 -1.318180195
v 1.196156949 -1.105164401 -1.35
v 1.197282552 -1.118296444 -1.381819805
v 1.55 -1.12 -1.35
v 1.2 -1.15 -1.35
v 1.531290811 -1.12 -1.390926351
v 1.539019744 -1.15172356 -1.379967478
v 1.553180762 -1.164863888 -1.351454063
v 1.565478533 -1.15172356 -1.322088877
v 1.568709189 -1.12 -1.309073649
v 1.560980256 -1.08827644 -1.320032522
v 1.546819238 -1.075136112 -1.348545937
v 1.534521467 -1.08827644 -1.377911123
v 1.181290811 -1.15 -1.230926351
v 1.189019744 -1.18172356 -1.219967478
v 1.203180762 -1.194863888 -1.191454063
v 1.215478533 -1.18172356 -1.162088877
v 1.218709189 -1.15 -1.149073649
v 1.210980256 -1.11827644 -1.160032522
v 1.196819238 -1.105136112 -1.188545937
v 1.184521467 -1.11827644 -1.217911123
v 1.55 -1.12 -1.35
v 1.2 -1.15 -1.19
v 1.45 0.52 0.42
v 1.45 0.52 0.42
v 1.45 0.52 0.42
v 1.45 0.52 0.42
v 1.45 0.52 0.42
v 1.45 0.52 0.42
v 1.45 0.52 0.42
v 1.45 0.52 0.42
v 1.45 0.52 0.42
v 1.45 0.52 0.42
v 1.45 0.52 0.42
v 1.45 0.52 0.42
v 1.580112367 0.499447474 0.42
v 1.562680615 0.499447474 0.473575681
v 1.515056184 0.499447474 0.512795801
v 1.45 0.499447474 0.527151361
v 1.384943816 0.499447474 0.512795801
v 1.337319385 0.499447474 0.473575681
v 1.319887633 0.499447474 0.42
v 1.337319385 0.499447474 0.366424319
v 1.384943816 0.499447474 0.327204199
v 1.45 0.499447474 0.312848639
v 1.515056184 0.499447474 0.327204199
v 1.562680615 0.499447474 0.366424319
v 1.690416306 0.440918831 0.42
v 1.658206628 0.440918831 0.518994949
v 1.570208153 0.440918831 0.591464282
v 1.45 0.440918831 0.617989899
v 1.329791847 0.440918831 0.591464282
v 1.241793372 0.440918831 0.518994949
v 1.209583694 0.440918831 0.42
v 1.241793372 0.440918831 0.321005051
v 1.329791847 0.440918831 0.248535718
v 1.45 0.440918831 0.222010101
v 1.570208153 0.440918831 0.248535718
v 1.658206628 0.440918831 0.321005051
v 1.764119041 0.353324527 0.42
v 1.722035069 0.353324527 0.549343135
v 1.607059521 0.353324527 0.644028881
v 1.45 0.353324527 0.678686269
v 1.292940479 0.353324527 0.644028881
v 1.177964931 0.353324527 0.549343135
v 1.135880959 0.353324527 0.42
v 1.177964931 0.353324527 0.290656865
v 1.292940479 0.353324527 0.195971119
v 1.45 0.353324527 0.161313731
v 1.607059521 0.353324527 0.195971119
v 1.722035069 0.353324527 0.290656865
v 1.79 0.25 0.42
v 1.744448637 0.25 0.56
v 1.62 0.25 0.662487113
v 1.45 0.25 0.7
v 1.28 0.25 0.662487113
v 1.155551363 0.25 0.56
v 1.11 0.25 0.42
v 1.155551363 0.25 0.28
v 1.28 0.25 0.177512887
v 1.45 0.25 0.14
v 1.62 0.25 0.177512887
v 1.744448637 0.25 0.28
v 1.764119041 0.146675473 0.42
v 1.722035069 0.146675473 0.549343135
v 1.607059521 0.146675473 0.644028881
v 1.45 0.146675473 0.678686269
v 1.292940479 0.146675473 0.644028881
v 1.177964931 0.146675473 0.549343135
v 1.135880959 0.146675473 0.42
v 1.177964931 0.146675473 0.290656865
v 1.292940479 0.146675473 0.195971119
v 1.45 0.146675473 0.161313731
v 1.607059521 0.146675473 0.195971119
v 1.722035069 0.146675473 0.290656865
v 1.690416306 0.059081169 0.42
v 1.658206628 0.059081169 0.518994949
v 1.570208153 0.059081169 0.591464282
v 1.45 0.059081169 0.617989899
v 1.329791847 0.059081169 0.591464282
v 1.241793372 0.059081169 0.518994949
v 1.209583694 0.059081169 0.42
v 1.241793372 0.059081169 0.321005051
v 1.329791847 0.059081169 0.248535718
v 1.45 0.059081169 0.222010101
v 1.570208153 0.059081169 0.248535718
v 1.658206628 0.059081169 0.321005051
v 1.580112367 0.000552526 0.42
v 1.562680615 0.000552526 0.473575681
v 1.515056184 0.000552526 0.512795801
v 1.45 0.000552526 0.527151361
v 1.384943816 0.000552526 0.512795801
v 1.337319385 0.000552526 0.473575681
v 1.319887633 0.000552526 0.42
v 1.337319385 0.000552526 0.366424319
v 1.384943816 0.000552526 0.327204199
v 1.45 0.000552526 0.312848639
v 1.515056184 0.000552526 0.327204199
v 1.562680615 0.000552526 0.366424319
v 1.45 -0.02 0.42
v 1.45 -0.02 0.42
v 1.45 -0.02 0.42
v 1.45 -0.02 0.42
v 1.45 -0.02 0.42
v 1.45 -0.02 0.42
v 1.45 -0.02 0.42
v 1.45 -0.02 0.42
v 1.45 -0.02 0.42
v 1.45 -0.02 0.42
v 1.45 -0.02 0.42
v 1.45 -0.02 0.42
v 1.337339081 0.18 0.484865378
v 1.331760022 0.12991562 0.440269746
v 1.357863271 0.09325131 0.390242852
v 1.408654481 0.079831241 0.348189362
v 1.47052419 0.09325131 0.325377474
v 1.526894459 0.12991562 0.327919616
v 1.562660919 0.18 0.355134622
v 1.568239978 0.23008438 0.399730254
v 1.542136729 0.26674869 0.449757148
v 1.491345519 0.280168759 0.491810638
v 1.42947581 0.26674869 0.514622526
v 1.373105541 0.23008438 0.512080384
v 1.717339081 -0.45 1.144865378
v 1.711760022 -0.50008438 1.100269746
v 1.737863271 -0.53674869 1.050242852
v 1.788654481 -0.550168759 1.008189362
v 1.85052419 -0.53674869 0.985377474
v 1.906894459 -0.50008438 0.987919616
v 1.942660919 -0.45 1.015134622
v 1.948239978 -0.39991562 1.059730254
v 1.922136729 -0.36325131 1.109757148
v 1.871345519 -0.349831241 1.151810638
v 1.80947581 -0.36325131 1.174622526
v 1.753105541 -0.39991562 1.172080384
v 1.45 0.18 0.42
v 1.83 -0.45 1.08
v 1.83 -0.412622373 1.172751889
v 1.783379809 -0.400868914 1.153571015
v 1.749251461 -0.40228009 1.114676846
v 1.736759618 -0.416477778 1.066491045
v 1.749251461 -0.439657717 1.021924957
v 1.783379809 -0.465608863 0.99292003
v 1.83 -0.487377627 0.987248111
v 1.876620191 -0.499131086 1.006428985
v 1.910748539 -0.49771991 1.045323154
v 1.923240382 -0.483522222 1.093508955
v 1.910748539 -0.460342283 1.138075043
v 1.876620191 -0.434391137 1.16707997
v 1.55 -1.082622373 1.442751889
v 1.503379809 -1.070868914 1.423571015
v 1.469251461 -1.07228009 1.384676846
v 1.456759618 -1.086477778 1.336491045
v 1.469251461 -1.109657717 1.291924957
v 1.503379809 -1.135608863 1.26292003
v 1.55 -1.157377627 1.257248111
v 1.596620191 -1.169131086 1.276428985
v 1.630748539 -1.16771991 1.315323154
v 1.643240382 -1.153522222 1.363508955
v 1.630748539 -1.130342283 1.408075043
v 1.596620191 -1.104391137 1.43707997
v 1.83 -0.45 1.08
v 1.55 -1.12 1.35
v 1.568709189 -1.12 1.309073649
v 1.565478533 -1.15172356 1.322088877
v 1.553180762 -1.164863888 1.351454063
v 1.539019744 -1.15172356 1.379967478
v 1.531290811 -1.12 1.390926351
v 1.534521467 -1.08827644 1.377911123
v 1.546819238 -1.075136112 1.348545937
v 1.560980256 -1.08827644 1.320032522
v 1.218709189 -1.15 1.149073649
v 1.215478533 -1.18172356 1.162088877
v 1.203180762 -1.194863888 1.191454063
v 1.189019744 -1.18172356 1.219967478
v 1.181290811 -1.15 1.230926351
v 1.184521467 -1.11827644 1.217911123
v 1.196819238 -1.105136112 1.188545937
v 1.210980256 -1.11827644 1.160032522
v 1.55 -1.12 1.35
v 1.2 -1.15 1.19
v 1.55 -1.12 1.305
v 1.552717448 -1.151703556 1.318180195
v 1.553843051 -1.164835599 1.35
v 1.552717448 -1.151703556 1.381819805
v 1.55 -1.12 1.395
v 1.547282552 -1.088296444 1.381819805
v 1.546156949 -1.075164401 1.35
v 1.547282552 -1.088296444 1.318180195
v 1.2 -1.15 1.305
v 1.202717448 -1.181703556 1.318180195
v 1.203843051 -1.194835599 1.35
v 1.202717448 -1.181703556 1.381819805
v 1.2 -1.15 1.395
v 1.197282552 -1.118296444 1.381819805
v 1.196156949 -1.105164401 1.35
v 1.197282552 -1.118296444 1.318180195
v 1.55 -1.12 1.35
v 1.2 -1.15 1.35
v 1.531290811 -1.12 1.309073649
v 1.539019744 -1.15172356 1.320032522
v 1.553180762 -1.164863888 1.348545937
v 1.565478533 -1.15172356 1.377911123
v 1.568709189 -1.12 1.390926351
v 1.560980256 -1.08827644 1.379967478
v 1.546819238 -1.075136112 1.351454063
v 1.534521467 -1.08827644 1.322088877
v 1.181290811 -1.15 1.469073649
v 1.189019744 -1.18172356 1.480032522
v 1.203180762 -1.194863888 1.508545937
v 1.215478533 -1.18172356 1.537911123
v 1.218709189 -1.15 1.550926351
v 1.210980256 -1.11827644 1.539967478
v 1.196819238 -1.105136112 1.511454063
v 1.184521467 -1.11827644 1.482088877
v 1.55 -1.12 1.35
v 1.2 -1.15 1.51
f 1 20 19
f 1 2 20
f 2 21 20
f 2 3 21
f 3 22 21
f 3 4 22
f 4 23 22
f 4 5 23
f 5 24 23
f 5 6 24
f 6 25 24
f 6 7 25
f 7 26 25
f 7 8 26
f 8 27 26
f 8 9 27
f 9 28 27
f 9 10 28
f 10 29 28
f 10 11 29
f 11 30 29
f 11 12 30
f 12 31 30
f 12 13 31
f 13 32 31
f 13 14 32
f 14 33 32
f 14 15 33
f 15 34 33
f 15 16 34
f 16 35 34
f 16 17 35
f 17 36 35
f 17 18 36
f 18 19 36
f 18 1 19
f 19 38 37
f 19 20 38
f 20 39 38
f 20 21 39
f 21 40 39
f 21 22 40
f 22 41 40
f 22 23 41
f 23 42 41
f 23 24 42
f 24 43 42
f 24 25 43
f 25 44 43
f 25 26 44
f 26 45 44
f 26 27 45
f 27 46 45
f 27 28 46
f 28 47 46
f 28 29 47
f 29 48 47
f 29 30 48
f 30 49 48
f 30 31 49
f 31 50 49
f 31 32 50
f 32 51 50
f 32 33 51
f 33 52 51
f 33 34 52
f 34 53 52
f 34 35 53
f 35 54 53
f 35 36 54
f 36 37 54
f 36 19 37
f 37 56 55
f 37 38 56
f 38 57 56
f 38 39 57
f 39 58 57
f 39 40 58
f 40 59 58
f 40 41 59
f 41 60 59
f 41 42 60
f 42 61 60
f 42 43 61
f 43 62 61
f 43 44 62
f 44 63 62
f 44 45 63
f 45 64 63
f 45 46 64
f 46 65 64
f 46 47 65
f 47 66 65
f 47 48 66
f 48 67 66
f 48 49 67
f 49 68 67
f 49 50 68
f 50 69 68
f 50 51 69
f 51 70 69
f 51 52 70
f 52 71 70
f 52 53 71
f 53 72 71
f 53 54 72
f 54 55 72
f 54 37 55
f 55 74 73
f 55 56 74
f 56 75 74
f 56 57 75
f 57 76 75
f 57 58 76
f 58 77 76
f 58 59 77
f 59 78 77
f 59 60 78
f 60 79 78
f 60 61 79
f 61 80 79
f 61 62 80
f 62 81 80
f 62 63 81
f 63 82 81
f 63 64 82
f 64 83 82
f 64 65 83
f 65 84 83
f 65 66 84
f 66 85 84
f 66 67 85
f 67 86 85
f 67 68 86
f 68 87 86
f 68 69 87
f 69 88 87
f 69 70 88
f 70 89 88
f 70 71 89
f 71 90 89
f 71 72 90
f 72 73 90
f 72 55 73
f 73 92 91
f 73 74 92
f 74 93 92
f 74 75 93
f 75 94 93
f 75 76 94
f 76 95 94
f 76 77 95
f 77 96 95
f 77 78 96
f 78 97 96
f 78 79 97
f 79 98 97
f 79 80 98
f 80 99 98
f 80 81 99
f 81 100 99
f 81 82 100
f 82 101 100
f 82 83 101
f 83 102 101
f 83 84 102
f 84 103 102
f 84 85 103
f 85 104 103
f 85 86 104
f 86 105 104
f 86 87 105
f 87 106 105
f 87 88 106
f 88 107 106
f 88 89 107
f 89 108 107
f 89 90 108
f 90 91 108
f 90 73 91
f 91 110 109
f 91 92 110
f 92 111 110
f 92 93 111
f 93 112 111
f 93 94 112
f 94 113 112
f 94 95 113
f 95 114 113
f 95 96 114
f 96 115 114
f 96 97 115
f 97 116 115
f 97 98 116
f 98 117 116
f 98 99 117
f 99 118 117
f 99 100 118
f 100 119 118
f 100 101 119
f 101 120 119
f 101 102 120
f 102 121 120
f 102 103 121
f 103 122 121
f 103 104 122
f 104 123 122
f 104 105 123
f 105 124 123
f 105 106 124
f 106 125 124
f 106 107 125
f 107 126 125
f 107 108 126
f 108 109 126
f 108 91 109
f 109 128 127
f 109 110 128
f 110 129 128
f 110 111 129
f 111 130 129
f 111 112 130
f 112 131 130
f 112 113 131
f 113 132 131
f 113 114 132
f 114 133 132
f 114 115 133
f 115 134 133
f 115 116 134
f 116 135 134
f 116 117 135
f 117 136 135
f 117 118 136
f 118 137 136
f 118 119 137
f 119 138 137
f 119 120 138
f 120 139 138
f 120 121 139
f 121 140 139
f 121 122 140
f 122 141 140
f 122 123 141
f 123 142 141
f 123 124 142
f 124 143 142
f 124 125 143
f 125 144 143
f 125 126 144
f 126 127 144
f 126 109 127
f 127 146 145
f 127 128 146
f 128 147 146
f 128 129 147
f 129 148 147
f 129 130 148
f 130 149 148
f 130 131 149
f 131 150 149
f 131 132 150
f 132 151 150
f 132 133 151
f 133 152 151
f 133 134 152
f 134 153 152
f 134 135 153
f 135 154 153
f 135 136 154
f 136 155 154
f 136 137 155
f 137 156 155
f 137 138 156
f 138 157 156
f 138 139 157
f 139 158 157
f 139 140 158
f 140 159 158
f 140 141 159
f 141 160 159
f 141 142 160
f 142 161 160
f 142 143 161
f 143 162 161
f 143 144 162
f 144 145 162
f 144 127 145
f 145 164 163
f 145 146 164
f 146 165 164
f 146 147 165
f 147 166 165
f 147 148 166
f 148 167 166
f 148 149 167
f 149 168 167
f 149 150 168
f 150 169 168
f 150 151 169
f 151 170 169
f 151 152 170
f 152 171 170
f 152 153 171
f 153 172 171
f 153 154 172
f 154 173 172
f 154 155 173
f 155 174 173
f 155 156 174
f 156 175 174
f 156 157 175
f 157 176 175
f 157 158 176
f 158 177 176
f 158 159 177
f 159 178 177
f 159 160 178
f 160 179 178
f 160 161 179
f 161 180 179
f 161 162 180
f 162 163 180
f 162 145 163
f 163 182 181
f 163 164 182
f 164 183 182
f 164 165 183
f 165 184 183
f 165 166 184
f 166 185 184
f 166 167 185
f 167 186 185
f 167 168 186
f 168 187 186
f 168 169 187
f 169 188 187
f 169 170 188
f 170 189 188
f 170 171 189
f 171 190 189
f 171 172 190
f 172 191 190
f 172 173 191
f 173 192 191
f 173 174 192
f 174 193 192
f 174 175 193
f 175 194 193
f 175 176 194
f 176 195 194
f 176 177 195
f 177 196 195
f 177 178 196
f 178 197 196
f 178 179 197
f 179 198 197
f 179 180 198
f 180 181 198
f 180 163 181
f 181 200 199
f 181 182 200
f 182 201 200
f 182 183 201
f 183 202 201
f 183 184 202
f 184 203 202
f 184 185 203
f 185 204 203
f 185 186 204
f 186 205 204
f 186 187 205
f 187 206 205
f 187 188 206
f 188 207 206
f 188 189 207
f 189 208 207
f 189 190 208
f 190 209 208
f 190 191 209
f 191 210 209
f 191 192 210
f 192 211 210
f 192 193 211
f 193 212 211
f 193 194 212
f 194 213 212
f 194 195 213
f 195 214 213
f 195 196 214
f 196 215 214
f 196 197 215
f 197 216 215
f 197 198 216
f 198 199 216
f 198 181 199
f 217 219 218
f 217 220 219
f 222 224 221
f 222 223 224
f 221 220 217
f 221 224 220
f 218 223 222
f 218 219 223
f 220 223 219
f 220 224 223
f 221 218 222
f 221 217 218
f 225 238 237
f 225 226 238
f 226 239 238
f 226 227 239
f 227 240 239
f 227 228 240
f 228 241 240
f 228 229 241
f 229 242 241
f 229 230 242
f 230 243 242
f 230 231 243
f 231 244 243
f 231 232 244
f 232 245 244
f 232 233 245
f 233 246 245
f 233 234 246
f 234 247 246
f 234 235 247
f 235 248 247
f 235 236 248
f 236 237 248
f 236 225 237
f 237 250 249
f 237 238 250
f 238 251 250
f 238 239 251
f 239 252 251
f 239 240 252
f 240 253 252
f 240 241 253
f 241 254 253
f 241 242 254
f 242 255 254
f 242 243 255
f 243 256 255
f 243 244 256
f 244 257 256
f 244 245 257
f 245 258 257
f 245 246 258
f 246 259 258
f 246 247 259
f 247 260 259
f 247 248 260
f 248 249 260
f 248 237 249
f 249 262 261
f 249 250 262
f 250 263 262
f 250 251 263
f 251 264 263
f 251 252 264
f 252 265 264
f 252 253 265
f 253 266 265
f 253 254 266
f 254 267 266
f 254 255 267
f 255 268 267
f 255 256 268
f 256 269 268
f 256 257 269
f 257 270 269
f 257 258 270
f 258 271 270
f 258 259 271
f 259 272 271
f 259 260 272
f 260 261 272
f 260 249 261
f 261 274 273
f 261 262 274
f 262 275 274
f 262 263 275
f 263 276 275
f 263 264 276
f 264 277 276
f 264 265 277
f 265 278 277
f 265 266 278
f 266 279 278
f 266 267 279
f 267 280 279
f 267 268 280
f 268 281 280
f 268 269 281
f 269 282 281
f 269 270 282
f 270 283 282
f 270 271 283
f 271 284 283
f 271 272 284
f 272 273 284
f 272 261 273
f 273 286 285
f 273 274 286
f 274 287 286
f 274 275 287
f 275 288 287
f 275 276 288
f 276 289 288
f 276 277 289
f 277 290 289
f 277 278 290
f 278 291 290
f 278 279 291
f 279 292 291
f 279 280 292
f 280 293 292
f 280 281 293
f 281 294 293
f 281 282 294
f 282 295 294
f 282 283 295
f 283 296 295
f 283 284 296
f 284 285 296
f 284 273 285
f 285 298 297
f 285 286 298
f 286 299 298
f 286 287 299
f 287 300 299
f 287 288 300
f 288 301 300
f 288 289 301
f 289 302 301
f 289 290 302
f 290 303 302
f 290 291 303
f 291 304 303
f 291 292 304
f 292 305 304
f 292 293 305
f 293 306 305
f 293 294 306
f 294 307 306
f 294 295 307
f 295 308 307
f 295 296 308
f 296 297 308
f 296 285 297
f 297 310 309
f 297 298 310
f 298 311 310
f 298 299 311
f 299 312 311
f 299 300 312
f 300 313 312
f 300 301 313
f 301 314 313
f 301 302 314
f 302 315 314
f 302 303 315
f 303 316 315
f 303 304 316
f 304 317 316
f 304 305 317
f 305 318 317
f 305 306 318
f 306 319 318
f 306 307 319
f 307 320 319
f 307 308 320
f 308 309 320
f 308 297 309
f 321 334 333
f 321 322 334
f 345 322 321
f 346 333 334
f 322 335 334
f 322 323 335
f 345 323 322
f 346 334 335
f 323 336 335
f 323 324 336
f 345 324 323
f 346 335 336
f 324 337 336
f 324 325 337
f 345 325 324
f 346 336 337
f 325 338 337
f 325 326 338
f 345 326 325
f 346 337 338
f 326 339 338
f 326 327 339
f 345 327 326
f 346 338 339
f 327 340 339
f 327 328 340
f 345 328 327
f 346 339 340
f 328 341 340
f 328 329 341
f 345 329 328
f 346 340 341
f 329 342 341
f 329 330 342
f 345 330 329
f 346 341 342
f 330 343 342
f 330 331 343
f 345 331 330
f 346 342 343
f 331 344 343
f 331 332 344
f 345 332 331
f 346 343 344
f 332 333 344
f 332 321 333
f 345 321 332
f 346 344 333
f 347 360 359
f 347 348 360
f 371 348 347
f 372 359 360
f 348 361 360
f 348 349 361
f 371 349 348
f 372 360 361
f 349 362 361
f 349 350 362
f 371 350 349
f 372 361 362
f 350 363 362
f 350 351 363
f 371 351 350
f 372 362 363
f 351 364 363
f 351 352 364
f 371 352 351
f 372 363 364
f 352 365 364
f 352 353 365
f 371 353 352
f 372 364 365
f 353 366 365
f 353 354 366
f 371 354 353
f 372 365 366
f 354 367 366
f 354 355 367
f 371 355 354
f 372 366 367
f 355 368 367
f 355 356 368
f 371 356 355
f 372 367 368
f 356 369 368
f 356 357 369
f 371 357 356
f 372 368 369
f 357 370 369
f 357 358 370
f 371 358 357
f 372 369 370
f 358 359 370
f 358 347 359
f 371 347 358
f 372 370 359
f 373 386 385
f 373 374 386
f 397 374 373
f 398 385 386
f 374 387 386
f 374 375 387
f 397 375 374
f 398 386 387
f 375 388 387
f 375 376 388
f 397 376 375
f 398 387 388
f 376 389 388
f 376 377 389
f 397 377 376
f 398 388 389
f 377 390 389
f 377 378 390
f 397 378 377
f 398 389 390
f 378 391 390
f 378 379 391
f 397 379 378
f 398 390 391
f 379 392 391
f 379 380 392
f 397 380 379
f 398 391 392
f 380 393 392
f 380 381 393
f 397 381 380
f 398 392 393
f 381 394 393
f 381 382 394
f 397 382 381
f 398 393 394
f 382 395 394
f 382 383 395
f 397 383 382
f 398 394 395
f 383 396 395
f 383 384 396
f 397 384 383
f 398 395 396
f 384 385 396
f 384 373 385
f 397 373 384
f 398 396 385
f 399 412 411
f 399 400 412
f 423 400 399
f 424 411 412
f 400 413 412
f 400 401 413
f 423 401 400
f 424 412 413
f 401 414 413
f 401 402 414
f 423 402 401
f 424 413 414
f 402 415 414
f 402 403 415
f 423 403 402
f 424 414 415
f 403 416 415
f 403 404 416
f 423 404 403
f 424 415 416
f 404 417 416
f 404 405 417
f 423 405 404
f 424 416 417
f 405 418 417
f 405 406 418
f 423 406 405
f 424 417 418
f 406 419 418
f 406 407 419
f 423 407 406
f 424 418 419
f 407 420 419
f 407 408 420
f 423 408 407
f 424 419 420
f 408 421 420
f 408 409 421
f 423 409 408
f 424 420 421
f 409 422 421
f 409 410 422
f 423 410 409
f 424 421 422
f 410 411 422
f 410 399 411
f 423 399 410
f 424 422 411
f 425 438 437
f 425 426 438
f 449 426 425
f 450 437 438
f 426 439 438
f 426 427 439
f 449 427 426
f 450 438 439
f 427 440 439
f 427 428 440
f 449 428 427
f 450 439 440
f 428 441 440
f 428 429 441
f 449 429 428
f 450 440 441
f 429 442 441
f 429 430 442
f 449 430 429
f 450 441 442
f 430 443 442
f 430 431 443
f 449 431 430
f 450 442 443
f 431 444 443
f 431 432 444
f 449 432 431
f 450 443 444
f 432 445 444
f 432 433 445
f 449 433 432
f 450 444 445
f 433 446 445
f 433 434 446
f 449 434 433
f 450 445 446
f 434 447 446
f 434 435 447
f 449 435 434
f 450 446 447
f 435 448 447
f 435 436 448
f 449 436 435
f 450 447 448
f 436 437 448
f 436 425 437
f 449 425 436
f 450 448 437
f 451 464 463
f 451 452 464
f 475 452 451
f 476 463 464
f 452 465 464
f 452 453 465
f 475 453 452
f 476 464 465
f 453 466 465
f 453 454 466
f 475 454 453
f 476 465 466
f 454 467 466
f 454 455 467
f 475 455 454
f 476 466 467
f 455 468 467
f 455 456 468
f 475 456 455
f 476 467 468
f 456 469 468
f 456 457 469
f 475 457 456
f 476 468 469
f 457 470 469
f 457 458 470
f 475 458 457
f 476 469 470
f 458 471 470
f 458 459 471
f 475 459 458
f 476 470 471
f 459 472 471
f 459 460 472
f 475 460 459
f 476 471 472
f 460 473 472
f 460 461 473
f 475 461 460
f 476 472 473
f 461 474 473
f 461 462 474
f 475 462 461
f 476 473 474
f 462 463 474
f 462 451 463
f 475 451 462
f 476 474 463
f 477 490 489
f 477 478 490
f 478 491 490
f 478 479 491
f 479 492 491
f 479 480 492
f 480 493 492
f 480 481 493
f 481 494 493
f 481 482 494
f 482 495 494
f 482 483 495
f 483 496 495
f 483 484 496
f 484 497 496
f 484 485 497
f 485 498 497
f 485 486 498
f 486 499 498
f 486 487 499
f 487 500 499
f 487 488 500
f 488 489 500
f 488 477 489
f 489 502 501
f 489 490 502
f 490 503 502
f 490 491 503
f 491 504 503
f 491 492 504
f 492 505 504
f 492 493 505
f 493 506 505
f 493 494 506
f 494 507 506
f 494 495 507
f 495 508 507
f 495 496 508
f 496 509 508
f 496 497 509
f 497 510 509
f 497 498 510
f 498 511 510
f 498 499 511
f 499 512 511
f 499 500 512
f 500 501 512
f 500 489 501
f 501 514 513
f 501 502 514
f 502 515 514
f 502 503 515
f 503 516 515
f 503 504 516
f 504 517 516
f 504 505 517
f 505 518 517
f 505 506 518
f 506 519 518
f 506 507 519
f 507 520 519
f 507 508 520
f 508 521 520
f 508 509 521
f 509 522 521
f 509 510 522
f 510 523 522
f 510 511 523
f 511 524 523
f 511 512 524
f 512 513 524
f 512 501 513
f 513 526 525
f 513 514 526
f 514 527 526
f 514 515 527
f 515 528 527
f 515 516 528
f 516 529 528
f 516 517 529
f 517 530 529
f 517 518 530
f 518 531 530
f 518 519 531
f 519 532 531
f 519 520 532
f 520 533 532
f 520 521 533
f 521 534 533
f 521 522 534
f 522 535 534
f 522 523 535
f 523 536 535
f 523 524 536
f 524 525 536
f 524 513 525
f 525 538 537
f 525 526 538
f 526 539 538
f 526 527 539
f 527 540 539
f 527 528 540
f 528 541 540
f 528 529 541
f 529 542 541
f 529 530 542
f 530 543 542
f 530 531 543
f 531 544 543
f 531 532 544
f 532 545 544
f 532 533 545
f 533 546 545
f 533 534 546
f 534 547 546
f 534 535 547
f 535 548 547
f 535 536 548
f 536 537 548
f 536 525 537
f 537 550 549
f 537 538 550
f 538 551 550
f 538 539 551
f 539 552 551
f 539 540 552
f 540 553 552
f 540 541 553
f 541 554 553
f 541 542 554
f 542 555 554
f 542 543 555
f 543 556 555
f 543 544 556
f 544 557 556
f 544 545 557
f 545 558 557
f 545 546 558
f 546 559 558
f 546 547 559
f 547 560 559
f 547 548 560
f 548 549 560
f 548 537 549
f 549 562 561
f 549 550 562
f 550 563 562
f 550 551 563
f 551 564 563
f 551 552 564
f 552 565 564
f 552 553 565
f 553 566 565
f 553 554 566
f 554 567 566
f 554 555 567
f 555 568 567
f 555 556 568
f 556 569 568
f 556 557 569
f 557 570 569
f 557 558 570
f 558 571 570
f 558 559 571
f 559 572 571
f 559 560 572
f 560 561 572
f 560 549 561
f 573 586 585
f 573 574 586
f 597 574 573
f 598 585 586
f 574 587 586
f 574 575 587
f 597 575 574
f 598 586 587
f 575 588 587
f 575 576 588
f 597 576 575
f 598 587 588
f 576 589 588
f 576 577 589
f 597 577 576
f 598 588 589
f 577 590 589
f 577 578 590
f 597 578 577
f 598 589 590
f 578 591 590
f 578 579 591
f 597 579 578
f 598 590 591
f 579 592 591
f 579 580 592
f 597 580 579
f 598 591 592
f 580 593 592
f 580 581 593
f 597 581 580
f 598 592 593
f 581 594 593
f 581 582 594
f 597 582 581
f 598 593 594
f 582 595 594
f 582 583 595
f 597 583 582
f 598 594 595
f 583 596 595
f 583 584 596
f 597 584 583
f 598 595 596
f 584 585 596
f 584 573 585
f 597 573 584
f 598 596 585
f 599 612 611
f 599 600 612
f 623 600 599
f 624 611 612
f 600 613 612
f 600 601 613
f 623 601 600
f 624 612 613
f 601 614 613
f 601 602 614
f 623 602 601
f 624 613 614
f 602 615 614
f 602 603 615
f 623 603 602
f 624 614 615
f 603 616 615
f 603 604 616
f 623 604 603
f 624 615 616
f 604 617 616
f 604 605 617
f 623 605 604
f 624 616 617
f 605 618 617
f 605 606 618
f 623 606 605
f 624 617 618
f 606 619 618
f 606 607 619
f 623 607 606
f 624 618 619
f 607 620 619
f 607 608 620
f 623 608 607
f 624 619 620
f 608 621 620
f 608 609 621
f 623 609 608
f 624 620 621
f 609 622 621
f 609 610 622
f 623 610 609
f 624 621 622
f 610 611 622
f 610 599 611
f 623 599 610
f 624 622 611
f 625 638 637
f 625 626 638
f 649 626 625
f 650 637 638
f 626 639 638
f 626 627 639
f 649 627 626
f 650 638 639
f 627 640 639
f 627 628 640
f 649 628 627
f 650 639 640
f 628 641 640
f 628 629 641
f 649 629 628
f 650 640 641
f 629 642 641
f 629 630 642
f 649 630 629
f 650 641 642
f 630 643 642
f 630 631 643
f 649 631 630
f 650 642 643
f 631 644 643
f 631 632 644
f 649 632 631
f 650 643 644
f 632 645 644
f 632 633 645
f 649 633 632
f 650 644 645
f 633 646 645
f 633 634 646
f 649 634 633
f 650 645 646
f 634 647 646
f 634 635 647
f 649 635 634
f 650 646 647
f 635 648 647
f 635 636 648
f 649 636 635
f 650 647 648
f 636 637 648
f 636 625 637
f 649 625 636
f 650 648 637
f 651 664 663
f 651 652 664
f 675 652 651
f 676 663 664
f 652 665 664
f 652 653 665
f 675 653 652
f 676 664 665
f 653 666 665
f 653 654 666
f 675 654 653
f 676 665 666
f 654 667 666
f 654 655 667
f 675 655 654
f 676 666 667
f 655 668 667
f 655 656 668
f 675 656 655
f 676 667 668
f 656 669 668
f 656 657 669
f 675 657 656
f 676 668 669
f 657 670 669
f 657 658 670
f 675 658 657
f 676 669 670
f 658 671 670
f 658 659 671
f 675 659 658
f 676 670 671
f 659 672 671
f 659 660 672
f 675 660 659
f 676 671 672
f 660 673 672
f 660 661 673
f 675 661 660
f 676 672 673
f 661 674 673
f 661 662 674
f 675 662 661
f 676 673 674
f 662 663 674
f 662 651 663
f 675 651 662
f 676 674 663
f 677 690 689
f 677 678 690
f 701 678 677
f 702 689 690
f 678 691 690
f 678 679 691
f 701 679 678
f 702 690 691
f 679 692 691
f 679 680 692
f 701 680 679
f 702 691 692
f 680 693 692
f 680 681 693
f 701 681 680
f 702 692 693
f 681 694 693
f 681 682 694
f 701 682 681
f 702 693 694
f 682 695 694
f 682 683 695
f 701 683 682
f 702 694 695
f 683 696 695
f 683 684 696
f 701 684 683
f 702 695 696
f 684 697 696
f 684 685 697
f 701 685 684
f 702 696 697
f 685 698 697
f 685 686 698
f 701 686 685
f 702 697 698
f 686 699 698
f 686 687 699
f 701 687 686
f 702 698 699
f 687 700 699
f 687 688 700
f 701 688 687
f 702 699 700
f 688 689 700
f 688 677 689
f 701 677 688
f 702 700 689
f 703 716 715
f 703 704 716
f 727 704 703
f 728 715 716
f 704 717 716
f 704 705 717
f 727 705 704
f 728 716 717
f 705 718 717
f 705 706 718
f 727 706 705
f 728 717 718
f 706 719 718
f 706 707 719
f 727 707 706
f 728 718 719
f 707 720 719
f 707 708 720
f 727 708 707
f 728 719 720
f 708 721 720
f 708 709 721
f 727 709 708
f 728 720 721
f 709 722 721
f 709 710 722
f 727 710 709
f 728 721 722
f 710 723 722
f 710 711 723
f 727 711 710
f 728 722 723
f 711 724 723
f 711 712 724
f 727 712 711
f 728 723 724
f 712 725 724
f 712 713 725
f 727 713 712
f 728 724 725
f 713 726 725
f 713 714 726
f 727 714 713
f 728 725 726
f 714 715 726
f 714 703 715
f 727 703 714
f 728 726 715
f 729 742 741
f 729 730 742
f 730 743 742
f 730 731 743
f 731 744 743
f 731 732 744
f 732 745 744
f 732 733 745
f 733 746 745
f 733 734 746
f 734 747 746
f 734 735 747
f 735 748 747
f 735 736 748
f 736 749 748
f 736 737 749
f 737 750 749
f 737 738 750
f 738 751 750
f 738 739 751
f 739 752 751
f 739 740 752
f 740 741 752
f 740 729 741
f 741 754 753
f 741 742 754
f 742 755 754
f 742 743 755
f 743 756 755
f 743 744 756
f 744 757 756
f 744 745 757
f 745 758 757
f 745 746 758
f 746 759 758
f 746 747 759
f 747 760 759
f 747 748 760
f 748 761 760
f 748 749 761
f 749 762 761
f 749 750 762
f 750 763 762
f 750 751 763
f 751 764 763
f 751 752 764
f 752 753 764
f 752 741 753
f 753 766 765
f 753 754 766
f 754 767 766
f 754 755 767
f 755 768 767
f 755 756 768
f 756 769 768
f 756 757 769
f 757 770 769
f 757 758 770
f 758 771 770
f 758 759 771
f 759 772 771
f 759 760 772
f 760 773 772
f 760 761 773
f 761 774 773
f 761 762 774
f 762 775 774
f 762 763 775
f 763 776 775
f 763 764 776
f 764 765 776
f 764 753 765
f 765 778 777
f 765 766 778
f 766 779 778
f 766 767 779
f 767 780 779
f 767 768 780
f 768 781 780
f 768 769 781
f 769 782 781
f 769 770 782
f 770 783 782
f 770 771 783
f 771 784 783
f 771 772 784
f 772 785 784
f 772 773 785
f 773 786 785
f 773 774 786
f 774 787 786
f 774 775 787
f 775 788 787
f 775 776 788
f 776 777 788
f 776 765 777
f 777 790 789
f 777 778 790
f 778 791 790
f 778 779 791
f 779 792 791
f 779 780 792
f 780 793 792
f 780 781 793
f 781 794 793
f 781 782 794
f 782 795 794
f 782 783 795
f 783 796 795
f 783 784 796
f 784 797 796
f 784 785 797
f 785 798 797
f 785 786 798
f 786 799 798
f 786 787 799
f 787 800 799
f 787 788 800
f 788 789 800
f 788 777 789
f 789 802 801
f 789 790 802
f 790 803 802
f 790 791 803
f 791 804 803
f 791 792 804
f 792 805 804
f 792 793 805
f 793 806 805
f 793 794 806
f 794 807 806
f 794 795 807
f 795 808 807
f 795 796 808
f 796 809 808
f 796 797 809
f 797 810 809
f 797 798 810
f 798 811 810
f 798 799 811
f 799 812 811
f 799 800 812
f 800 801 812
f 800 789 801
f 801 814 813
f 801 802 814
f 802 815 814
f 802 803 815
f 803 816 815
f 803 804 816
f 804 817 816
f 804 805 817
f 805 818 817
f 805 806 818
f 806 819 818
f 806 807 819
f 807 820 819
f 807 808 820
f 808 821 820
f 808 809 821
f 809 822 821
f 809 810 822
f 810 823 822
f 810 811 823
f 811 824 823
f 811 812 824
f 812 813 824
f 812 801 813
f 825 838 837
f 825 826 838
f 849 826 825
f 850 837 838
f 826 839 838
f 826 827 839
f 849 827 826
f 850 838 839
f 827 840 839
f 827 828 840
f 849 828 827
f 850 839 840
f 828 841 840
f 828 829 841
f 849 829 828
f 850 840 841
f 829 842 841
f 829 830 842
f 849 830 829
f 850 841 842
f 830 843 842
f 830 831 843
f 849 831 830
f 850 842 843
f 831 844 843
f 831 832 844
f 849 832 831
f 850 843 844
f 832 845 844
f 832 833 845
f 849 833 832
f 850 844 845
f 833 846 845
f 833 834 846
f 849 834 833
f 850 845 846
f 834 847 846
f 834 835 847
f 849 835 834
f 850 846 847
f 835 848 847
f 835 836 848
f 849 836 835
f 850 847 848
f 836 837 848
f 836 825 837
f 849 825 836
f 850 848 837
f 851 864 863
f 851 852 864
f 875 852 851
f 876 863 864
f 852 865 864
f 852 853 865
f 875 853 852
f 876 864 865
f 853 866 865
f 853 854 866
f 875 854 853
f 876 865 866
f 854 867 866
f 854 855 867
f 875 855 854
f 876 866 867
f 855 868 867
f 855 856 868
f 875 856 855
f 876 867 868
f 856 869 868
f 856 857 869
f 875 857 856
f 876 868 869
f 857 870 869
f 857 858 870
f 875 858 857
f 876 869 870
f 858 871 870
f 858 859 871
f 875 859 858
f 876 870 871
f 859 872 871
f 859 860 872
f 875 860 859
f 876 871 872
f 860 873 872
f 860 861 873
f 875 861 860
f 876 872 873
f 861 874 873
f 861 862 874
f 875 862 861
f 876 873 874
f 862 863 874
f 862 851 863
f 875 851 862
f 876 874 863
f 877 890 889
f 877 878 890
f 901 878 877
f 902 889 890
f 878 891 890
f 878 879 891
f 901 879 878
f 902 890 891
f 879 892 891
f 879 880 892
f 901 880 879
f 902 891 892
f 880 893 892
f 880 881 893
f 901 881 880
f 902 892 893
f 881 894 893
f 881 882 894
f 901 882 881
f 902 893 894
f 882 895 894
f 882 883 895
f 901 883 882
f 902 894 895
f 883 896 895
f 883 884 896
f 901 884 883
f 902 895 896
f 884 897 896
f 884 885 897
f 901 885 884
f 902 896 897
f 885 898 897
f 885 886 898
f 901 886 885
f 902 897 898
f 886 899 898
f 886 887 899
f 901 887 886
f 902 898 899
f 887 900 899
f 887 888 900
f 901 888 887
f 902 899 900
f 888 889 900
f 888 877 889
f 901 877 888
f 902 900 889
f 903 916 915
f 903 904 916
f 927 904 903
f 928 915 916
f 904 917 916
f 904 905 917
f 927 905 904
f 928 916 917
f 905 918 917
f 905 906 918
f 927 906 905
f 928 917 918
f 906 919 918
f 906 907 919
f 927 907 906
f 928 918 919
f 907 920 919
f 907 908 920
f 927 908 907
f 928 919 920
f 908 921 920
f 908 909 921
f 927 909 908
f 928 920 921
f 909 922 921
f 909 910 922
f 927 910 909
f 928 921 922
f 910 923 922
f 910 911 923
f 927 911 910
f 928 922 923
f 911 924 923
f 911 912 924
f 927 912 911
f 928 923 924
f 912 925 924
f 912 913 925
f 927 913 912
f 928 924 925
f 913 926 925
f 913 914 926
f 927 914 913
f 928 925 926
f 914 915 926
f 914 903 915
f 927 903 914
f 928 926 915
f 929 942 941
f 929 930 942
f 953 930 929
f 954 941 942
f 930 943 942
f 930 931 943
f 953 931 930
f 954 942 943
f 931 944 943
f 931 932 944
f 953 932 931
f 954 943 944
f 932 945 944
f 932 933 945
f 953 933 932
f 954 944 945
f 933 946 945
f 933 934 946
f 953 934 933
f 954 945 946
f 934 947 946
f 934 935 947
f 953 935 934
f 954 946 947
f 935 948 947
f 935 936 948
f 953 936 935
f 954 947 948
f 936 949 948
f 936 937 949
f 953 937 936
f 954 948 949
f 937 950 949
f 937 938 950
f 953 938 937
f 954 949 950
f 938 951 950
f 938 939 951
f 953 939 938
f 954 950 951
f 939 952 951
f 939 940 952
f 953 940 939
f 954 951 952
f 940 941 952
f 940 929 941
f 953 929 940
f 954 952 941
f 955 968 967
f 955 956 968
f 979 956 955
f 980 967 968
f 956 969 968
f 956 957 969
f 979 957 956
f 980 968 969
f 957 970 969
f 957 958 970
f 979 958 957
f 980 969 970
f 958 971 970
f 958 959 971
f 979 959 958
f 980 970 971
f 959 972 971
f 959 960 972
f 979 960 959
f 980 971 972
f 960 973 972
f 960 961 973
f 979 961 960
f 980 972 973
f 961 974 973
f 961 962 974
f 979 962 961
f 980 973 974
f 962 975 974
f 962 963 975
f 979 963 962
f 980 974 975
f 963 976 975
f 963 964 976
f 979 964 963
f 980 975 976
f 964 977 976
f 964 965 977
f 979 965 964
f 980 976 977
f 965 978 977
f 965 966 978
f 979 966 965
f 980 977 978
f 966 967 978
f 966 955 967
f 979 955 966
f 980 978 967
f 981 994 993
f 981 982 994
f 982 995 994
f 982 983 995
f 983 996 995
f 983 984 996
f 984 997 996
f 984 985 997
f 985 998 997
f 985 986 998
f 986 999 998
f 986 987 999
f 987 1000 999
f 987 988 1000
f 988 1001 1000
f 988 989 1001
f 989 1002 1001
f 989 990 1002
f 990 1003 1002
f 990 991 1003
f 991 1004 1003
f 991 992 1004
f 992 993 1004
f 992 981 993
f 993 1006 1005
f 993 994 1006
f 994 1007 1006
f 994 995 1007
f 995 1008 1007
f 995 996 1008
f 996 1009 1008
f 996 997 1009
f 997 1010 1009
f 997 998 1010
f 998 1011 1010
f 998 999 1011
f 999 1012 1011
f 999 1000 1012
f 1000 1013 1012
f 1000 1001 1013
f 1001 1014 1013
f 1001 1002 1014
f 1002 1015 1014
f 1002 1003 1015
f 1003 1016 1015
f 1003 1004 1016
f 1004 1005 1016
f 1004 993 1005
f 1005 1018 1017
f 1005 1006 1018
f 1006 1019 1018
f 1006 1007 1019
f 1007 1020 1019
f 1007 1008 1020
f 1008 1021 1020
f 1008 1009 1021
f 1009 1022 1021
f 1009 1010 1022
f 1010 1023 1022
f 1010 1011 1023
f 1011 1024 1023
f 1011 1012 1024
f 1012 1025 1024
f 1012 1013 1025
f 1013 1026 1025
f 1013 1014 1026
f 1014 1027 1026
f 1014 1015 1027
f 1015 1028 1027
f 1015 1016 1028
f 1016 1017 1028
f 1016 1005 1017
f 1017 1030 1029
f 1017 1018 1030
f 1018 1031 1030
f 1018 1019 1031
f 1019 1032 1031
f 1019 1020 1032
f 1020 1033 1032
f 1020 1021 1033
f 1021 1034 1033
f 1021 1022 1034
f 1022 1035 1034
f 1022 1023 1035
f 1023 1036 1035
f 1023 1024 1036
f 1024 1037 1036
f 1024 1025 1037
f 1025 1038 1037
f 1025 1026 1038
f 1026 1039 1038
f 1026 1027 1039
f 1027 1040 1039
f 1027 1028 1040
f 1028 1029 1040
f 1028 1017 1029
f 1029 1042 1041
f 1029 1030 1042
f 1030 1043 1042
f 1030 1031 1043
f 1031 1044 1043
f 1031 1032 1044
f 1032 1045 1044
f 1032 1033 1045
f 1033 1046 1045
f 1033 1034 1046
f 1034 1047 1046
f 1034 1035 1047
f 1035 1048 1047
f 1035 1036 1048
f 1036 1049 1048
f 1036 1037 1049
f 1037 1050 1049
f 1037 1038 1050
f 1038 1051 1050
f 1038 1039 1051
f 1039 1052 1051
f 1039 1040 1052
f 1040 1041 1052
f 1040 1029 1041
f 1041 1054 1053
f 1041 1042 1054
f 1042 1055 1054
f 1042 1043 1055
f 1043 1056 1055
f 1043 1044 1056
f 1044 1057 1056
f 1044 1045 1057
f 1045 1058 1057
f 1045 1046 1058
f 1046 1059 1058
f 1046 1047 1059
f 1047 1060 1059
f 1047 1048 1060
f 1048 1061 1060
f 1048 1049 1061
f 1049 1062 1061
f 1049 1050 1062
f 1050 1063 1062
f 1050 1051 1063
f 1051 1064 1063
f 1051 1052 1064
f 1052 1053 1064
f 1052 1041 1053
f 1053 1066 1065
f 1053 1054 1066
f 1054 1067 1066
f 1054 1055 1067
f 1055 1068 1067
f 1055 1056 1068
f 1056 1069 1068
f 1056 1057 1069
f 1057 1070 1069
f 1057 1058 1070
f 1058 1071 1070
f 1058 1059 1071
f 1059 1072 1071
f 1059 1060 1072
f 1060 1073 1072
f 1060 1061 1073
f 1061 1074 1073
f 1061 1062 1074
f 1062 1075 1074
f 1062 1063 1075
f 1063 1076 1075
f 1063 1064 1076
f 1064 1065 1076
f 1064 1053 1065
f 1077 1090 1089
f 1077 1078 1090
f 1101 1078 1077
f 1102 1089 1090
f 1078 1091 1090
f 1078 1079 1091
f 1101 1079 1078
f 1102 1090 1091
f 1079 1092 1091
f 1079 1080 1092
f 1101 1080 1079
f 1102 1091 1092
f 1080 1093 1092
f 1080 1081 1093
f 1101 1081 1080
f 1102 1092 1093
f 1081 1094 1093
f 1081 1082 1094
f 1101 1082 1081
f 1102 1093 1094
f 1082 1095 1094
f 1082 1083 1095
f 1101 1083 1082
f 1102 1094 1095
f 1083 1096 1095
f 1083 1084 1096
f 1101 1084 1083
f 1102 1095 1096
f 1084 1097 1096
f 1084 1085 1097
f 1101 1085 1084
f 1102 1096 1097
f 1085 1098 1097
f 1085 1086 1098
f 1101 1086 1085
f 1102 1097 1098
f 1086 1099 1098
f 1086 1087 1099
f 1101 1087 1086
f 1102 1098 1099
f 1087 1100 1099
f 1087 1088 1100
f 1101 1088 1087
f 1102 1099 1100
f 1088 1089 1100
f 1088 1077 1089
f 1101 1077 1088
f 1102 1100 1089
f 1103 1116 1115
f 1103 1104 1116
f 1127 1104 1103
f 1128 1115 1116
f 1104 1117 1116
f 1104 1105 1117
f 1127 1105 1104
f 1128 1116 1117
f 1105 1118 1117
f 1105 1106 1118
f 1127 1106 1105
f 1128 1117 1118
f 1106 1119 1118
f 1106 1107 1119
f 1127 1107 1106
f 1128 1118 1119
f 1107 1120 1119
f 1107 1108 1120
f 1127 1108 1107
f 1128 1119 1120
f 1108 1121 1120
f 1108 1109 1121
f 1127 1109 1108
f 1128 1120 1121
f 1109 1122 1121
f 1109 1110 1122
f 1127 1110 1109
f 1128 1121 1122
f 1110 1123 1122
f 1110 1111 1123
f 1127 1111 1110
f 1128 1122 1123
f 1111 1124 1123
f 1111 1112 1124
f 1127 1112 1111
f 1128 1123 1124
f 1112 1125 1124
f 1112 1113 1125
f 1127 1113 1112
f 1128 1124 1125
f 1113 1126 1125
f 1113 1114 1126
f 1127 1114 1113
f 1128 1125 1126
f 1114 1115 1126
f 1114 1103 1115
f 1127 1103 1114
f 1128 1126 1115
f 1129 1142 1141
f 1129 1130 1142
f 1153 1130 1129
f 1154 1141 1142
f 1130 1143 1142
f 1130 1131 1143
f 1153 1131 1130
f 1154 1142 1143
f 1131 1144 1143
f 1131 1132 1144
f 1153 1132 1131
f 1154 1143 1144
f 1132 1145 1144
f 1132 1133 1145
f 1153 1133 1132
f 1154 1144 1145
f 1133 1146 1145
f 1133 1134 1146
f 1153 1134 1133
f 1154 1145 1146
f 1134 1147 1146
f 1134 1135 1147
f 1153 1135 1134
f 1154 1146 1147
f 1135 1148 1147
f 1135 1136 1148
f 1153 1136 1135
f 1154 1147 1148
f 1136 1149 1148
f 1136 1137 1149
f 1153 1137 1136
f 1154 1148 1149
f 1137 1150 1149
f 1137 1138 1150
f 1153 1138 1137
f 1154 1149 1150
f 1138 1151 1150
f 1138 1139 1151
f 1153 1139 1138
f 1154 1150 1151
f 1139 1152 1151
f 1139 1140 1152
f 1153 1140 1139
f 1154 1151 1152
f 1140 1141 1152
f 1140 1129 1141
f 1153 1129 1140
f 1154 1152 1141
f 1155 1168 1167
f 1155 1156 1168
f 1179 1156 1155
f 1180 1167 1168
f 1156 1169 1168
f 1156 1157 1169
f 1179 1157 1156
f 1180 1168 1169
f 1157 1170 1169
f 1157 1158 1170
f 1179 1158 1157
f 1180 1169 1170
f 1158 1171 1170
f 1158 1159 1171
f 1179 1159 1158
f 1180 1170 1171
f 1159 1172 1171
f 1159 1160 1172
f 1179 1160 1159
f 1180 1171 1172
f 1160 1173 1172
f 1160 1161 1173
f 1179 1161 1160
f 1180 1172 1173
f 1161 1174 1173
f 1161 1162 1174
f 1179 1162 1161
f 1180 1173 1174
f 1162 1175 1174
f 1162 1163 1175
f 1179 1163 1162
f 1180 1174 1175
f 1163 1176 1175
f 1163 1164 1176
f 1179 1164 1163
f 1180 1175 1176
f 1164 1177 1176
f 1164 1165 1177
f 1179 1165 1164
f 1180 1176 1177
f 1165 1178 1177
f 1165 1166 1178
f 1179 1166 1165
f 1180 1177 1178
f 1166 1167 1178
f 1166 1155 1167
f 1179 1155 1166
f 1180 1178 1167
f 1181 1194 1193
f 1181 1182 1194
f 1205 1182 1181
f 1206 1193 1194
f 1182 1195 1194
f 1182 1183 1195
f 1205 1183 1182
f 1206 1194 1195
f 1183 1196 1195
f 1183 1184 1196
f 1205 1184 1183
f 1206 1195 1196
f 1184 1197 1196
f 1184 1185 1197
f 1205 1185 1184
f 1206 1196 1197
f 1185 1198 1197
f 1185 1186 1198
f 1205 1186 1185
f 1206 1197 1198
f 1186 1199 1198
f 1186 1187 1199
f 1205 1187 1186
f 1206 1198 1199
f 1187 1200 1199
f 1187 1188 1200
f 1205 1188 1187
f 1206 1199 1200
f 1188 1201 1200
f 1188 1189 1201
f 1205 1189 1188
f 1206 1200 1201
f 1189 1202 1201
f 1189 1190 1202
f 1205 1190 1189
f 1206 1201 1202
f 1190 1203 1202
f 1190 1191 1203
f 1205 1191 1190
f 1206 1202 1203
f 1191 1204 1203
f 1191 1192 1204
f 1205 1192 1191
f 1206 1203 1204
f 1192 1193 1204
f 1192 1181 1193
f 1205 1181 1192
f 1206 1204 1193
f 1207 1220 1219
f 1207 1208 1220
f 1231 1208 1207
f 1232 1219 1220
f 1208 1221 1220
f 1208 1209 1221
f 1231 1209 1208
f 1232 1220 1221
f 1209 1222 1221
f 1209 1210 1222
f 1231 1210 1209
f 1232 1221 1222
f 1210 1223 1222
f 1210 1211 1223
f 1231 1211 1210
f 1232 1222 1223
f 1211 1224 1223
f 1211 1212 1224
f 1231 1212 1211
f 1232 1223 1224
f 1212 1225 1224
f 1212 1213 1225
f 1231 1213 1212
f 1232 1224 1225
f 1213 1226 1225
f 1213 1214 1226
f 1231 1214 1213
f 1232 1225 1226
f 1214 1227 1226
f 1214 1215 1227
f 1231 1215 1214
f 1232 1226 1227
f 1215 1228 1227
f 1215 1216 1228
f 1231 1216 1215
f 1232 1227 1228
f 1216 1229 1228
f 1216 1217 1229
f 1231 1217 1216
f 1232 1228 1229
f 1217 1230 1229
f 1217 1218 1230
f 1231 1218 1217
f 1232 1229 1230
f 1218 1219 1230
f 1218 1207 1219
f 1231 1207 1218
f 1232 1230 1219
f 1233 1246 1245
f 1233 1234 1246
f 1234 1247 1246
f 1234 1235 1247
f 1235 1248 1247
f 1235 1236 1248
f 1236 1249 1248
f 1236 1237 1249
f 1237 1250 1249
f 1237 1238 1250
f 1238 1251 1250
f 1238 1239 1251
f 1239 1252 1251
f 1239 1240 1252
f 1240 1253 1252
f 1240 1241 1253
f 1241 1254 1253
f 1241 1242 1254
f 1242 1255 1254
f 1242 1243 1255
f 1243 1256 1255
f 1243 1244 1256
f 1244 1245 1256
f 1244 1233 1245
f 1245 1258 1257
f 1245 1246 1258
f 1246 1259 1258
f 1246 1247 1259
f 1247 1260 1259
f 1247 1248 1260
f 1248 1261 1260
f 1248 1249 1261
f 1249 1262 1261
f 1249 1250 1262
f 1250 1263 1262
f 1250 1251 1263
f 1251 1264 1263
f 1251 1252 1264
f 1252 1265 1264
f 1252 1253 1265
f 1253 1266 1265
f 1253 1254 1266
f 1254 1267 1266
f 1254 1255 1267
f 1255 1268 1267
f 1255 1256 1268
f 1256 1257 1268
f 1256 1245 1257
f 1257 1270 1269
f 1257 1258 1270
f 1258 1271 1270
f 1258 1259 1271
f 1259 1272 1271
f 1259 1260 1272
f 1260 1273 1272
f 1260 1261 1273
f 1261 1274 1273
f 1261 1262 1274
f 1262 1275 1274
f 1262 1263 1275
f 1263 1276 1275
f 1263 1264 1276
f 1264 1277 1276
f 1264 1265 1277
f 1265 1278 1277
f 1265 1266 1278
f 1266 1279 1278
f 1266 1267 1279
f 1267 1280 1279
f 1267 1268 1280
f 1268 1269 1280
f 1268 1257 1269
f 1269 1282 1281
f 1269 1270 1282
f 1270 1283 1282
f 1270 1271 1283
f 1271 1284 1283
f 1271 1272 1284
f 1272 1285 1284
f 1272 1273 1285
f 1273 1286 1285
f 1273 1274 1286
f 1274 1287 1286
f 1274 1275 1287
f 1275 1288 1287
f 1275 1276 1288
f 1276 1289 1288
f 1276 1277 1289
f 1277 1290 1289
f 1277 1278 1290
f 1278 1291 1290
f 1278 1279 1291
f 1279 1292 1291
f 1279 1280 1292
f 1280 1281 1292
f 1280 1269 1281
f 1281 1294 1293
f 1281 1282 1294
f 1282 1295 1294
f 1282 1283 1295
f 1283 1296 1295
f 1283 1284 1296
f 1284 1297 1296
f 1284 1285 1297
f 1285 1298 1297
f 1285 1286 1298
f 1286 1299 1298
f 1286 1287 1299
f 1287 1300 1299
f 1287 1288 1300
f 1288 1301 1300
f 1288 1289 1301
f 1289 1302 1301
f 1289 1290 1302
f 1290 1303 1302
f 1290 1291 1303
f 1291 1304 1303
f 1291 1292 1304
f 1292 1293 1304
f 1292 1281 1293
f 1293 1306 1305
f 1293 1294 1306
f 1294 1307 1306
f 1294 1295 1307
f 1295 1308 1307
f 1295 1296 1308
f 1296 1309 1308
f 1296 1297 1309
f 1297 1310 1309
f 1297 1298 1310
f 1298 1311 1310
f 1298 1299 1311
f 1299 1312 1311
f 1299 1300 1312
f 1300 1313 1312
f 1300 1301 1313
f 1301 1314 1313
f 1301 1302 1314
f 1302 1315 1314
f 1302 1303 1315
f 1303 1316 1315
f 1303 1304 1316
f 1304 1305 1316
f 1304 1293 1305
f 1305 1318 1317
f 1305 1306 1318
f 1306 1319 1318
f 1306 1307 1319
f 1307 1320 1319
f 1307 1308 1320
f 1308 1321 1320
f 1308 1309 1321
f 1309 1322 1321
f 1309 1310 1322
f 1310 1323 1322
f 1310 1311 1323
f 1311 1324 1323
f 1311 1312 1324
f 1312 1325 1324
f 1312 1313 1325
f 1313 1326 1325
f 1313 1314 1326
f 1314 1327 1326
f 1314 1315 1327
f 1315 1328 1327
f 1315 1316 1328
f 1316 1317 1328
f 1316 1305 1317
f 1329 1342 1341
f 1329 1330 1342
f 1353 1330 1329
f 1354 1341 1342
f 1330 1343 1342
f 1330 1331 1343
f 1353 1331 1330
f 1354 1342 1343
f 1331 1344 1343
f 1331 1332 1344
f 1353 1332 1331
f 1354 1343 1344
f 1332 1345 1344
f 1332 1333 1345
f 1353 1333 1332
f 1354 1344 1345
f 1333 1346 1345
f 1333 1334 1346
f 1353 1334 1333
f 1354 1345 1346
f 1334 1347 1346
f 1334 1335 1347
f 1353 1335 1334
f 1354 1346 1347
f 1335 1348 1347
f 1335 1336 1348
f 1353 1336 1335
f 1354 1347 1348
f 1336 1349 1348
f 1336 1337 1349
f 1353 1337 1336
f 1354 1348 1349
f 1337 1350 1349
f 1337 1338 1350
f 1353 1338 1337
f 1354 1349 1350
f 1338 1351 1350
f 1338 1339 1351
f 1353 1339 1338
f 1354 1350 1351
f 1339 1352 1351
f 1339 1340 1352
f 1353 1340 1339
f 1354 1351 1352
f 1340 1341 1352
f 1340 1329 1341
f 1353 1329 1340
f 1354 1352 1341
f 1355 1368 1367
f 1355 1356 1368
f 1379 1356 1355
f 1380 1367 1368
f 1356 1369 1368
f 1356 1357 1369
f 1379 1357 1356
f 1380 1368 1369
f 1357 1370 1369
f 1357 1358 1370
f 1379 1358 1357
f 1380 1369 1370
f 1358 1371 1370
f 1358 1359 1371
f 1379 1359 1358
f 1380 1370 1371
f 1359 1372 1371
f 1359 1360 1372
f 1379 1360 1359
f 1380 1371 1372
f 1360 1373 1372
f 1360 1361 1373
f 1379 1361 1360
f 1380 1372 1373
f 1361 1374 1373
f 1361 1362 1374
f 1379 1362 1361
f 1380 1373 1374
f 1362 1375 1374
f 1362 1363 1375
f 1379 1363 1362
f 1380 1374 1375
f 1363 1376 1375
f 1363 1364 1376
f 1379 1364 1363
f 1380 1375 1376
f 1364 1377 1376
f 1364 1365 1377
f 1379 1365 1364
f 1380 1376 1377
f 1365 1378 1377
f 1365 1366 1378
f 1379 1366 1365
f 1380 1377 1378
f 1366 1367 1378
f 1366 1355 1367
f 1379 1355 1366
f 1380 1378 1367
f 1381 1394 1393
f 1381 1382 1394
f 1405 1382 1381
f 1406 1393 1394
f 1382 1395 1394
f 1382 1383 1395
f 1405 1383 1382
f 1406 1394 1395
f 1383 1396 1395
f 1383 1384 1396
f 1405 1384 1383
f 1406 1395 1396
f 1384 1397 1396
f 1384 1385 1397
f 1405 1385 1384
f 1406 1396 1397
f 1385 1398 1397
f 1385 1386 1398
f 1405 1386 1385
f 1406 1397 1398
f 1386 1399 1398
f 1386 1387 1399
f 1405 1387 1386
f 1406 1398 1399
f 1387 1400 1399
f 1387 1388 1400
f 1405 1388 1387
f 1406 1399 1400
f 1388 1401 1400
f 1388 1389 1401
f 1405 1389 1388
f 1406 1400 1401
f 1389 1402 1401
f 1389 1390 1402
f 1405 1390 1389
f 1406 1401 1402
f 1390 1403 1402
f 1390 1391 1403
f 1405 1391 1390
f 1406 1402 1403
f 1391 1404 1403
f 1391 1392 1404
f 1405 1392 1391
f 1406 1403 1404
f 1392 1393 1404
f 1392 1381 1393
f 1405 1381 1392
f 1406 1404 1393
f 1407 1420 1419
f 1407 1408 1420
f 1431 1408 1407
f 1432 1419 1420
f 1408 1421 1420
f 1408 1409 1421
f 1431 1409 1408
f 1432 1420 1421
f 1409 1422 1421
f 1409 1410 1422
f 1431 1410 1409
f 1432 1421 1422
f 1410 1423 1422
f 1410 1411 1423
f 1431 1411 1410
f 1432 1422 1423
f 1411 1424 1423
f 1411 1412 1424
f 1431 1412 1411
f 1432 1423 1424
f 1412 1425 1424
f 1412 1413 1425
f 1431 1413 1412
f 1432 1424 1425
f 1413 1426 1425
f 1413 1414 1426
f 1431 1414 1413
f 1432 1425 1426
f 1414 1427 1426
f 1414 1415 1427
f 1431 1415 1414
f 1432 1426 1427
f 1415 1428 1427
f 1415 1416 1428
f 1431 1416 1415
f 1432 1427 1428
f 1416 1429 1428
f 1416 1417 1429
f 1431 1417 1416
f 1432 1428 1429
f 1417 1430 1429
f 1417 1418 1430
f 1431 1418 1417
f 1432 1429 1430
f 1418 1419 1430
f 1418 1407 1419
f 1431 1407 1418
f 1432 1430 1419
f 1433 1446 1445
f 1433 1434 1446
f 1457 1434 1433
f 1458 1445 1446
f 1434 1447 1446
f 1434 1435 1447
f 1457 1435 1434
f 1458 1446 1447
f 1435 1448 1447
f 1435 1436 1448
f 1457 1436 1435
f 1458 1447 1448
f 1436 1449 1448
f 1436 1437 1449
f 1457 1437 1436
f 1458 1448 1449
f 1437 1450 1449
f 1437 1438 1450
f 1457 1438 1437
f 1458 1449 1450
f 1438 1451 1450
f 1438 1439 1451
f 1457 1439 1438
f 1458 1450 1451
f 1439 1452 1451
f 1439 1440 1452
f 1457 1440 1439
f 1458 1451 1452
f 1440 1453 1452
f 1440 1441 1453
f 1457 1441 1440
f 1458 1452 1453
f 1441 1454 1453
f 1441 1442 1454
f 1457 1442 1441
f 1458 1453 1454
f 1442 1455 1454
f 1442 1443 1455
f 1457 1443 1442
f 1458 1454 1455
f 1443 1456 1455
f 1443 1444 1456
f 1457 1444 1443
f 1458 1455 1456
f 1444 1445 1456
f 1444 1433 1445
f 1457 1433 1444
f 1458 1456 1445
f 1459 1472 1471
f 1459 1460 1472
f 1483 1460 1459
f 1484 1471 1472
f 1460 1473 1472
f 1460 1461 1473
f 1483 1461 1460
f 1484 1472 1473
f 1461 1474 1473
f 1461 1462 1474
f 1483 1462 1461
f 1484 1473 1474
f 1462 1475 1474
f 1462 1463 1475
f 1483 1463 1462
f 1484 1474 1475
f 1463 1476 1475
f 1463 1464 1476
f 1483 1464 1463
f 1484 1475 1476
f 1464 1477 1476
f 1464 1465 1477
f 1483 1465 1464
f 1484 1476 1477
f 1465 1478 1477
f 1465 1466 1478
f 1483 1466 1465
f 1484 1477 1478
f 1466 1479 1478
f 1466 1467 1479
f 1483 1467 1466
f 1484 1478 1479
f 1467 1480 1479
f 1467 1468 1480
f 1483 1468 1467
f 1484 1479 1480
f 1468 1481 1480
f 1468 1469 1481
f 1483 1469 1468
f 1484 1480 1481
f 1469 1482 1481
f 1469 1470 1482
f 1483 1470 1469
f 1484 1481 1482
f 1470 1471 1482
f 1470 1459 1471
f 1483 1459 1470
f 1484 1482 1471
f 1485 1498 1497
f 1485 1486 1498
f 1486 1499 1498
f 1486 1487 1499
f 1487 1500 1499
f 1487 1488 1500
f 1488 1501 1500
f 1488 1489 1501
f 1489 1502 1501
f 1489 1490 1502
f 1490 1503 1502
f 1490 1491 1503
f 1491 1504 1503
f 1491 1492 1504
f 1492 1505 1504
f 1492 1493 1505
f 1493 1506 1505
f 1493 1494 1506
f 1494 1507 1506
f 1494 1495 1507
f 1495 1508 1507
f 1495 1496 1508
f 1496 1497 1508
f 1496 1485 1497
f 1497 1510 1509
f 1497 1498 1510
f 1498 1511 1510
f 1498 1499 1511
f 1499 1512 1511
f 1499 1500 1512
f 1500 1513 1512
f 1500 1501 1513
f 1501 1514 1513
f 1501 1502 1514
f 1502 1515 1514
f 1502 1503 1515
f 1503 1516 1515
f 1503 1504 1516
f 1504 1517 1516
f 1504 1505 1517
f 1505 1518 1517
f 1505 1506 1518
f 1506 1519 1518
f 1506 1507 1519
f 1507 1520 1519
f 1507 1508 1520
f 1508 1509 1520
f 1508 1497 1509
f 1509 1522 1521
f 1509 1510 1522
f 1510 1523 1522
f 1510 1511 1523
f 1511 1524 1523
f 1511 1512 1524
f 1512 1525 1524
f 1512 1513 1525
f 1513 1526 1525
f 1513 1514 1526
f 1514 1527 1526
f 1514 1515 1527
f 1515 1528 1527
f 1515 1516 1528
f 1516 1529 1528
f 1516 1517 1529
f 1517 1530 1529
f 1517 1518 1530
f 1518 1531 1530
f 1518 1519 1531
f 1519 1532 1531
f 1519 1520 1532
f 1520 1521 1532
f 1520 1509 1521
f 1521 1534 1533
f 1521 1522 1534
f 1522 1535 1534
f 1522 1523 1535
f 1523 1536 1535
f 1523 1524 1536
f 1524 1537 1536
f 1524 1525 1537
f 1525 1538 1537
f 1525 1526 1538
f 1526 1539 1538
f 1526 1527 1539
f 1527 1540 1539
f 1527 1528 1540
f 1528 1541 1540
f 1528 1529 1541
f 1529 1542 1541
f 1529 1530 1542
f 1530 1543 1542
f 1530 1531 1543
f 1531 1544 1543
f 1531 1532 1544
f 1532 1533 1544
f 1532 1521 1533
f 1533 1546 1545
f 1533 1534 1546
f 1534 1547 1546
f 1534 1535 1547
f 1535 1548 1547
f 1535 1536 1548
f 1536 1549 1548
f 1536 1537 1549
f 1537 1550 1549
f 1537 1538 1550
f 1538 1551 1550
f 1538 1539 1551
f 1539 1552 1551
f 1539 1540 1552
f 1540 1553 1552
f 1540 1541 1553
f 1541 1554 1553
f 1541 1542 1554
f 1542 1555 1554
f 1542 1543 1555
f 1543 1556 1555
f 1543 1544 1556
f 1544 1545 1556
f 1544 1533 1545
f 1545 1558 1557
f 1545 1546 1558
f 1546 1559 1558
f 1546 1547 1559
f 1547 1560 1559
f 1547 1548 1560
f 1548 1561 1560
f 1548 1549 1561
f 1549 1562 1561
f 1549 1550 1562
f 1550 1563 1562
f 1550 1551 1563
f 1551 1564 1563
f 1551 1552 1564
f 1552 1565 1564
f 1552 1553 1565
f 1553 1566 1565
f 1553 1554 1566
f 1554 1567 1566
f 1554 1555 1567
f 1555 1568 1567
f 1555 1556 1568
f 1556 1557 1568
f 1556 1545 1557
f 1557 1570 1569
f 1557 1558 1570
f 1558 1571 1570
f 1558 1559 1571
f 1559 1572 1571
f 1559 1560 1572
f 1560 1573 1572
f 1560 1561 1573
f 1561 1574 1573
f 1561 1562 1574
f 1562 1575 1574
f 1562 1563 1575
f 1563 1576 1575
f 1563 1564 1576
f 1564 1577 1576
f 1564 1565 1577
f 1565 1578 1577
f 1565 1566 1578
f 1566 1579 1578
f 1566 1567 1579
f 1567 1580 1579
f 1567 1568 1580
f 1568 1569 1580
f 1568 1557 1569
f 1581 1594 1593
f 1581 1582 1594
f 1605 1582 1581
f 1606 1593 1594
f 1582 1595 1594
f 1582 1583 1595
f 1605 1583 1582
f 1606 1594 1595
f 1583 1596 1595
f 1583 1584 1596
f 1605 1584 1583
f 1606 1595 1596
f 1584 1597 1596
f 1584 1585 1597
f 1605 1585 1584
f 1606 1596 1597
f 1585 1598 1597
f 1585 1586 1598
f 1605 1586 1585
f 1606 1597 1598
f 1586 1599 1598
f 1586 1587 1599
f 1605 1587 1586
f 1606 1598 1599
f 1587 1600 1599
f 1587 1588 1600
f 1605 1588 1587
f 1606 1599 1600
f 1588 1601 1600
f 1588 1589 1601
f 1605 1589 1588
f 1606 1600 1601
f 1589 1602 1601
f 1589 1590 1602
f 1605 1590 1589
f 1606 1601 1602
f 1590 1603 1602
f 1590 1591 1603
f 1605 1591 1590
f 1606 1602 1603
f 1591 1604 1603
f 1591 1592 1604
f 1605 1592 1591
f 1606 1603 1604
f 1592 1593 1604
f 1592 1581 1593
f 1605 1581 1592
f 1606 1604 1593
f 1607 1620 1619
f 1607 1608 1620
f 1631 1608 1607
f 1632 1619 1620
f 1608 1621 1620
f 1608 1609 1621
f 1631 1609 1608
f 1632 1620 1621
f 1609 1622 1621
f 1609 1610 1622
f 1631 1610 1609
f 1632 1621 1622
f 1610 1623 1622
f 1610 1611 1623
f 1631 1611 1610
f 1632 1622 1623
f 1611 1624 1623
f 1611 1612 1624
f 1631 1612 1611
f 1632 1623 1624
f 1612 1625 1624
f 1612 1613 1625
f 1631 1613 1612
f 1632 1624 1625
f 1613 1626 1625
f 1613 1614 1626
f 1631 1614 1613
f 1632 1625 1626
f 1614 1627 1626
f 1614 1615 1627
f 1631 1615 1614
f 1632 1626 1627
f 1615 1628 1627
f 1615 1616 1628
f 1631 1616 1615
f 1632 1627 1628
f 1616 1629 1628
f 1616 1617 1629
f 1631 1617 1616
f 1632 1628 1629
f 1617 1630 1629
f 1617 1618 1630
f 1631 1618 1617
f 1632 1629 1630
f 1618 1619 1630
f 1618 1607 1619
f 1631 1607 1618
f 1632 1630 1619
f 1633 1646 1645
f 1633 1634 1646
f 1657 1634 1633
f 1658 1645 1646
f 1634 1647 1646
f 1634 1635 1647
f 1657 1635 1634
f 1658 1646 1647
f 1635 1648 1647
f 1635 1636 1648
f 1657 1636 1635
f 1658 1647 1648
f 1636 1649 1648
f 1636 1637 1649
f 1657 1637 1636
f 1658 1648 1649
f 1637 1650 1649
f 1637 1638 1650
f 1657 1638 1637
f 1658 1649 1650
f 1638 1651 1650
f 1638 1639 1651
f 1657 1639 1638
f 1658 1650 1651
f 1639 1652 1651
f 1639 1640 1652
f 1657 1640 1639
f 1658 1651 1652
f 1640 1653 1652
f 1640 1641 1653
f 1657 1641 1640
f 1658 1652 1653
f 1641 1654 1653
f 1641 1642 1654
f 1657 1642 1641
f 1658 1653 1654
f 1642 1655 1654
f 1642 1643 1655
f 1657 1643 1642
f 1658 1654 1655
f 1643 1656 1655
f 1643 1644 1656
f 1657 1644 1643
f 1658 1655 1656
f 1644 1645 1656
f 1644 1633 1645
f 1657 1633 1644
f 1658 1656 1645
f 1659 1672 1671
f 1659 1660 1672
f 1683 1660 1659
f 1684 1671 1672
f 1660 1673 1672
f 1660 1661 1673
f 1683 1661 1660
f 1684 1672 1673
f 1661 1674 1673
f 1661 1662 1674
f 1683 1662 1661
f 1684 1673 1674
f 1662 1675 1674
f 1662 1663 1675
f 1683 1663 1662
f 1684 1674 1675
f 1663 1676 1675
f 1663 1664 1676
f 1683 1664 1663
f 1684 1675 1676
f 1664 1677 1676
f 1664 1665 1677
f 1683 1665 1664
f 1684 1676 1677
f 1665 1678 1677
f 1665 1666 1678
f 1683 1666 1665
f 1684 1677 1678
f 1666 1679 1678
f 1666 1667 1679
f 1683 1667 1666
f 1684 1678 1679
f 1667 1680 1679
f 1667 1668 1680
f 1683 1668 1667
f 1684 1679 1680
f 1668 1681 1680
f 1668 1669 1681
f 1683 1669 1668
f 1684 1680 1681
f 1669 1682 1681
f 1669 1670 1682
f 1683 1670 1669
f 1684 1681 1682
f 1670 1671 1682
f 1670 1659 1671
f 1683 1659 1670
f 1684 1682 1671
f 1685 1698 1697
f 1685 1686 1698
f 1709 1686 1685
f 1710 1697 1698
f 1686 1699 1698
f 1686 1687 1699
f 1709 1687 1686
f 1710 1698 1699
f 1687 1700 1699
f 1687 1688 1700
f 1709 1688 1687
f 1710 1699 1700
f 1688 1701 1700
f 1688 1689 1701
f 1709 1689 1688
f 1710 1700 1701
f 1689 1702 1701
f 1689 1690 1702
f 1709 1690 1689
f 1710 1701 1702
f 1690 1703 1702
f 1690 1691 1703
f 1709 1691 1690
f 1710 1702 1703
f 1691 1704 1703
f 1691 1692 1704
f 1709 1692 1691
f 1710 1703 1704
f 1692 1705 1704
f 1692 1693 1705
f 1709 1693 1692
f 1710 1704 1705
f 1693 1706 1705
f 1693 1694 1706
f 1709 1694 1693
f 1710 1705 1706
f 1694 1707 1706
f 1694 1695 1707
f 1709 1695 1694
f 1710 1706 1707
f 1695 1708 1707
f 1695 1696 1708
f 1709 1696 1695
f 1710 1707 1708
f 1696 1697 1708
f 1696 1685 1697
f 1709 1685 1696
f 1710 1708 1697
f 1711 1724 1723
f 1711 1712 1724
f 1735 1712 1711
f 1736 1723 1724
f 1712 1725 1724
f 1712 1713 1725
f 1735 1713 1712
f 1736 1724 1725
f 1713 1726 1725
f 1713 1714 1726
f 1735 1714 1713
f 1736 1725 1726
f 1714 1727 1726
f 1714 1715 1727
f 1735 1715 1714
f 1736 1726 1727
f 1715 1728 1727
f 1715 1716 1728
f 1735 1716 1715
f 1736 1727 1728
f 1716 1729 1728
f 1716 1717 1729
f 1735 1717 1716
f 1736 1728 1729
f 1717 1730 1729
f 1717 1718 1730
f 1735 1718 1717
f 1736 1729 1730
f 1718 1731 1730
f 1718 1719 1731
f 1735 1719 1718
f 1736 1730 1731
f 1719 1732 1731
f 1719 1720 1732
f 1735 1720 1719
f 1736 1731 1732
f 1720 1733 1732
f 1720 1721 1733
f 1735 1721 1720
f 1736 1732 1733
f 1721 1734 1733
f 1721 1722 1734
f 1735 1722 1721
f 1736 1733 1734
f 1722 1723 1734
f 1722 1711 1723
f 1735 1711 1722
f 1736 1734 1723
f 1737 1750 1749
f 1737 1738 1750
f 1738 1751 1750
f 1738 1739 1751
f 1739 1752 1751
f 1739 1740 1752
f 1740 1753 1752
f 1740 1741 1753
f 1741 1754 1753
f 1741 1742 1754
f 1742 1755 1754
f 1742 1743 1755
f 1743 1756 1755
f 1743 1744 1756
f 1744 1757 1756
f 1744 1745 1757
f 1745 1758 1757
f 1745 1746 1758
f 1746 1759 1758
f 1746 1747 1759
f 1747 1760 1759
f 1747 1748 1760
f 1748 1749 1760
f 1748 1737 1749
f 1749 1762 1761
f 1749 1750 1762
f 1750 1763 1762
f 1750 1751 1763
f 1751 1764 1763
f 1751 1752 1764
f 1752 1765 1764
f 1752 1753 1765
f 1753 1766 1765
f 1753 1754 1766
f 1754 1767 1766
f 1754 1755 1767
f 1755 1768 1767
f 1755 1756 1768
f 1756 1769 1768
f 1756 1757 1769
f 1757 1770 1769
f 1757 1758 1770
f 1758 1771 1770
f 1758 1759 1771
f 1759 1772 1771
f 1759 1760 1772
f 1760 1761 1772
f 1760 1749 1761
f 1761 1774 1773
f 1761 1762 1774
f 1762 1775 1774
f 1762 1763 1775
f 1763 1776 1775
f 1763 1764 1776
f 1764 1777 1776
f 1764 1765 1777
f 1765 1778 1777
f 1765 1766 1778
f 1766 1779 1778
f 1766 1767 1779
f 1767 1780 1779
f 1767 1768 1780
f 1768 1781 1780
f 1768 1769 1781
f 1769 1782 1781
f 1769 1770 1782
f 1770 1783 1782
f 1770 1771 1783
f 1771 1784 1783
f 1771 1772 1784
f 1772 1773 1784
f 1772 1761 1773
f 1773 1786 1785
f 1773 1774 1786
f 1774 1787 1786
f 1774 1775 1787
f 1775 1788 1787
f 1775 1776 1788
f 1776 1789 1788
f 1776 1777 1789
f 1777 1790 1789
f 1777 1778 1790
f 1778 1791 1790
f 1778 1779 1791
f 1779 1792 1791
f 1779 1780 1792
f 1780 1793 1792
f 1780 1781 1793
f 1781 1794 1793
f 1781 1782 1794
f 1782 1795 1794
f 1782 1783 1795
f 1783 1796 1795
f 1783 1784 1796
f 1784 1785 1796
f 1784 1773 1785
f 1785 1798 1797
f 1785 1786 1798
f 1786 1799 1798
f 1786 1787 1799
f 1787 1800 1799
f 1787 1788 1800
f 1788 1801 1800
f 1788 1789 1801
f 1789 1802 1801
f 1789 1790 1802
f 1790 1803 1802
f 1790 1791 1803
f 1791 1804 1803
f 1791 1792 1804
f 1792 1805 1804
f 1792 1793 1805
f 1793 1806 1805
f 1793 1794 1806
f 1794 1807 1806
f 1794 1795 1807
f 1795 1808 1807
f 1795 1796 1808
f 1796 1797 1808
f 1796 1785 1797
f 1797 1810 1809
f 1797 1798 1810
f 1798 1811 1810
f 1798 1799 1811
f 1799 1812 1811
f 1799 1800 1812
f 1800 1813 1812
f 1800 1801 1813
f 1801 1814 1813
f 1801 1802 1814
f 1802 1815 1814
f 1802 1803 1815
f 1803 1816 1815
f 1803 1804 1816
f 1804 1817 1816
f 1804 1805 1817
f 1805 1818 1817
f 1805 1806 1818
f 1806 1819 1818
f 1806 1807 1819
f 1807 1820 1819
f 1807 1808 1820
f 1808 1809 1820
f 1808 1797 1809
f 1809 1822 1821
f 1809 1810 1822
f 1810 1823 1822
f 1810 1811 1823
f 1811 1824 1823
f 1811 1812 1824
f 1812 1825 1824
f 1812 1813 1825
f 1813 1826 1825
f 1813 1814 1826
f 1814 1827 1826
f 1814 1815 1827
f 1815 1828 1827
f 1815 1816 1828
f 1816 1829 1828
f 1816 1817 1829
f 1817 1830 1829
f 1817 1818 1830
f 1818 1831 1830
f 1818 1819 1831
f 1819 1832 1831
f 1819 1820 1832
f 1820 1821 1832
f 1820 1809 1821
f 1833 1846 1845
f 1833 1834 1846
f 1857 1834 1833
f 1858 1845 1846
f 1834 1847 1846
f 1834 1835 1847
f 1857 1835 1834
f 1858 1846 1847
f 1835 1848 1847
f 1835 1836 1848
f 1857 1836 1835
f 1858 1847 1848
f 1836 1849 1848
f 1836 1837 1849
f 1857 1837 1836
f 1858 1848 1849
f 1837 1850 1849
f 1837 1838 1850
f 1857 1838 1837
f 1858 1849 1850
f 1838 1851 1850
f 1838 1839 1851
f 1857 1839 1838
f 1858 1850 1851
f 1839 1852 1851
f 1839 1840 1852
f 1857 1840 1839
f 1858 1851 1852
f 1840 1853 1852
f 1840 1841 1853
f 1857 1841 1840
f 1858 1852 1853
f 1841 1854 1853
f 1841 1842 1854
f 1857 1842 1841
f 1858 1853 1854
f 1842 1855 1854
f 1842 1843 1855
f 1857 1843 1842
f 1858 1854 1855
f 1843 1856 1855
f 1843 1844 1856
f 1857 1844 1843
f 1858 1855 1856
f 1844 1845 1856
f 1844 1833 1845
f 1857 1833 1844
f 1858 1856 1845
f 1859 1872 1871
f 1859 1860 1872
f 1883 1860 1859
f 1884 1871 1872
f 1860 1873 1872
f 1860 1861 1873
f 1883 1861 1860
f 1884 1872 1873
f 1861 1874 1873
f 1861 1862 1874
f 1883 1862 1861
f 1884 1873 1874
f 1862 1875 1874
f 1862 1863 1875
f 1883 1863 1862
f 1884 1874 1875
f 1863 1876 1875
f 1863 1864 1876
f 1883 1864 1863
f 1884 1875 1876
f 1864 1877 1876
f 1864 1865 1877
f 1883 1865 1864
f 1884 1876 1877
f 1865 1878 1877
f 1865 1866 1878
f 1883 1866 1865
f 1884 1877 1878
f 1866 1879 1878
f 1866 1867 1879
f 1883 1867 1866
f 1884 1878 1879
f 1867 1880 1879
f 1867 1868 1880
f 1883 1868 1867
f 1884 1879 1880
f 1868 1881 1880
f 1868 1869 1881
f 1883 1869 1868
f 1884 1880 1881
f 1869 1882 1881
f 1869 1870 1882
f 1883 1870 1869
f 1884 1881 1882
f 1870 1871 1882
f 1870 1859 1871
f 1883 1859 1870
f 1884 1882 1871
f 1885 1898 1897
f 1885 1886 1898
f 1909 1886 1885
f 1910 1897 1898
f 1886 1899 1898
f 1886 1887 1899
f 1909 1887 1886
f 1910 1898 1899
f 1887 1900 1899
f 1887 1888 1900
f 1909 1888 1887
f 1910 1899 1900
f 1888 1901 1900
f 1888 1889 1901
f 1909 1889 1888
f 1910 1900 1901
f 1889 1902 1901
f 1889 1890 1902
f 1909 1890 1889
f 1910 1901 1902
f 1890 1903 1902
f 1890 1891 1903
f 1909 1891 1890
f 1910 1902 1903
f 1891 1904 1903
f 1891 1892 1904
f 1909 1892 1891
f 1910 1903 1904
f 1892 1905 1904
f 1892 1893 1905
f 1909 1893 1892
f 1910 1904 1905
f 1893 1906 1905
f 1893 1894 1906
f 1909 1894 1893
f 1910 1905 1906
f 1894 1907 1906
f 1894 1895 1907
f 1909 1895 1894
f 1910 1906 1907
f 1895 1908 1907
f 1895 1896 1908
f 1909 1896 1895
f 1910 1907 1908
f 1896 1897 1908
f 1896 1885 1897
f 1909 1885 1896
f 1910 1908 1897
f 1911 1924 1923
f 1911 1912 1924
f 1935 1912 1911
f 1936 1923 1924
f 1912 1925 1924
f 1912 1913 1925
f 1935 1913 1912
f 1936 1924 1925
f 1913 1926 1925
f 1913 1914 1926
f 1935 1914 1913
f 1936 1925 1926
f 1914 1927 1926
f 1914 1915 1927
f 1935 1915 1914
f 1936 1926 1927
f 1915 1928 1927
f 1915 1916 1928
f 1935 1916 1915
f 1936 1927 1928
f 1916 1929 1928
f 1916 1917 1929
f 1935 1917 1916
f 1936 1928 1929
f 1917 1930 1929
f 1917 1918 1930
f 1935 1918 1917
f 1936 1929 1930
f 1918 1931 1930
f 1918 1919 1931
f 1935 1919 1918
f 1936 1930 1931
f 1919 1932 1931
f 1919 1920 1932
f 1935 1920 1919
f 1936 1931 1932
f 1920 1933 1932
f 1920 1921 1933
f 1935 1921 1920
f 1936 1932 1933
f 1921 1934 1933
f 1921 1922 1934
f 1935 1922 1921
f 1936 1933 1934
f 1922 1923 1934
f 1922 1911 1923
f 1935 1911 1922
f 1936 1934 1923
f 1937 1950 1949
f 1937 1938 1950
f 1961 1938 1937
f 1962 1949 1950
f 1938 1951 1950
f 1938 1939 1951
f 1961 1939 1938
f 1962 1950 1951
f 1939 1952 1951
f 1939 1940 1952
f 1961 1940 1939
f 1962 1951 1952
f 1940 1953 1952
f 1940 1941 1953
f 1961 1941 1940
f 1962 1952 1953
f 1941 1954 1953
f 1941 1942 1954
f 1961 1942 1941
f 1962 1953 1954
f 1942 1955 1954
f 1942 1943 1955
f 1961 1943 1942
f 1962 1954 1955
f 1943 1956 1955
f 1943 1944 1956
f 1961 1944 1943
f 1962 1955 1956
f 1944 1957 1956
f 1944 1945 1957
f 1961 1945 1944
f 1962 1956 1957
f 1945 1958 1957
f 1945 1946 1958
f 1961 1946 1945
f 1962 1957 1958
f 1946 1959 1958
f 1946 1947 1959
f 1961 1947 1946
f 1962 1958 1959
f 1947 1960 1959
f 1947 1948 1960
f 1961 1948 1947
f 1962 1959 1960
f 1948 1949 1960
f 1948 1937 1949
f 1961 1937 1948
f 1962 1960 1949
f 1963 1976 1975
f 1963 1964 1976
f 1987 1964 1963
f 1988 1975 1976
f 1964 1977 1976
f 1964 1965 1977
f 1987 1965 1964
f 1988 1976 1977
f 1965 1978 1977
f 1965 1966 1978
f 1987 1966 1965
f 1988 1977 1978
f 1966 1979 1978
f 1966 1967 1979
f 1987 1967 1966
f 1988 1978 1979
f 1967 1980 1979
f 1967 1968 1980
f 1987 1968 1967
f 1988 1979 1980
f 1968 1981 1980
f 1968 1969 1981
f 1987 1969 1968
f 1988 1980 1981
f 1969 1982 1981
f 1969 1970 1982
f 1987 1970 1969
f 1988 1981 1982
f 1970 1983 1982
f 1970 1971 1983
f 1987 1971 1970
f 1988 1982 1983
f 1971 1984 1983
f 1971 1972 1984
f 1987 1972 1971
f 1988 1983 1984
f 1972 1985 1984
f 1972 1973 1985
f 1987 1973 1972
f 1988 1984 1985
f 1973 1986 1985
f 1973 1974 1986
f 1987 1974 1973
f 1988 1985 1986
f 1974 1975 1986
f 1974 1963 1975
f 1987 1963 1974
f 1988 1986 1975
f 1989 2002 2001
f 1989 1990 2002
f 1990 2003 2002
f 1990 1991 2003
f 1991 2004 2003
f 1991 1992 2004
f 1992 2005 2004
f 1992 1993 2005
f 1993 2006 2005
f 1993 1994 2006
f 1994 2007 2006
f 1994 1995 2007
f 1995 2008 2007
f 1995 1996 2008
f 1996 2009 2008
f 1996 1997 2009
f 1997 2010 2009
f 1997 1998 2010
f 1998 2011 2010
f 1998 1999 2011
f 1999 2012 2011
f 1999 2000 2012
f 2000 2001 2012
f 2000 1989 2001
f 2001 2014 2013
f 2001 2002 2014
f 2002 2015 2014
f 2002 2003 2015
f 2003 2016 2015
f 2003 2004 2016
f 2004 2017 2016
f 2004 2005 2017
f 2005 2018 2017
f 2005 2006 2018
f 2006 2019 2018
f 2006 2007 2019
f 2007 2020 2019
f 2007 2008 2020
f 2008 2021 2020
f 2008 2009 2021
f 2009 2022 2021
f 2009 2010 2022
f 2010 2023 2022
f 2010 2011 2023
f 2011 2024 2023
f 2011 2012 2024
f 2012 2013 2024
f 2012 2001 2013
f 2013 2026 2025
f 2013 2014 2026
f 2014 2027 2026
f 2014 2015 2027
f 2015 2028 2027
f 2015 2016 2028
f 2016 2029 2028
f 2016 2017 2029
f 2017 2030 2029
f 2017 2018 2030
f 2018 2031 2030
f 2018 2019 2031
f 2019 2032 2031
f 2019 2020 2032
f 2020 2033 2032
f 2020 2021 2033
f 2021 2034 2033
f 2021 2022 2034
f 2022 2035 2034
f 2022 2023 2035
f 2023 2036 2035
f 2023 2024 2036
f 2024 2025 2036
f 2024 2013 2025
f 2025 2038 2037
f 2025 2026 2038
f 2026 2039 2038
f 2026 2027 2039
f 2027 2040 2039
f 2027 2028 2040
f 2028 2041 2040
f 2028 2029 2041
f 2029 2042 2041
f 2029 2030 2042
f 2030 2043 2042
f 2030 2031 2043
f 2031 2044 2043
f 2031 2032 2044
f 2032 2045 2044
f 2032 2033 2045
f 2033 2046 2045
f 2033 2034 2046
f 2034 2047 2046
f 2034 2035 2047
f 2035 2048 2047
f 2035 2036 2048
f 2036 2037 2048
f 2036 2025 2037
f 2037 2050 2049
f 2037 2038 2050
f 2038 2051 2050
f 2038 2039 2051
f 2039 2052 2051
f 2039 2040 2052
f 2040 2053 2052
f 2040 2041 2053
f 2041 2054 2053
f 2041 2042 2054
f 2042 2055 2054
f 2042 2043 2055
f 2043 2056 2055
f 2043 2044 2056
f 2044 2057 2056
f 2044 2045 2057
f 2045 2058 2057
f 2045 2046 2058
f 2046 2059 2058
f 2046 2047 2059
f 2047 2060 2059
f 2047 2048 2060
f 2048 2049 2060
f 2048 2037 2049
f 2049 2062 2061
f 2049 2050 2062
f 2050 2063 2062
f 2050 2051 2063
f 2051 2064 2063
f 2051 2052 2064
f 2052 2065 2064
f 2052 2053 2065
f 2053 2066 2065
f 2053 2054 2066
f 2054 2067 2066
f 2054 2055 2067
f 2055 2068 2067
f 2055 2056 2068
f 2056 2069 2068
f 2056 2057 2069
f 2057 2070 2069
f 2057 2058 2070
f 2058 2071 2070
f 2058 2059 2071
f 2059 2072 2071
f 2059 2060 2072
f 2060 2061 2072
f 2060 2049 2061
f 2061 2074 2073
f 2061 2062 2074
f 2062 2075 2074
f 2062 2063 2075
f 2063 2076 2075
f 2063 2064 2076
f 2064 2077 2076
f 2064 2065 2077
f 2065 2078 2077
f 2065 2066 2078
f 2066 2079 2078
f 2066 2067 2079
f 2067 2080 2079
f 2067 2068 2080
f 2068 2081 2080
f 2068 2069 2081
f 2069 2082 2081
f 2069 2070 2082
f 2070 2083 2082
f 2070 2071 2083
f 2071 2084 2083
f 2071 2072 2084
f 2072 2073 2084
f 2072 2061 2073
f 2085 2098 2097
f 2085 2086 2098
f 2109 2086 2085
f 2110 2097 2098
f 2086 2099 2098
f 2086 2087 2099
f 2109 2087 2086
f 2110 2098 2099
f 2087 2100 2099
f 2087 2088 2100
f 2109 2088 2087
f 2110 2099 2100
f 2088 2101 2100
f 2088 2089 2101
f 2109 2089 2088
f 2110 2100 2101
f 2089 2102 2101
f 2089 2090 2102
f 2109 2090 2089
f 2110 2101 2102
f 2090 2103 2102
f 2090 2091 2103
f 2109 2091 2090
f 2110 2102 2103
f 2091 2104 2103
f 2091 2092 2104
f 2109 2092 2091
f 2110 2103 2104
f 2092 2105 2104
f 2092 2093 2105
f 2109 2093 2092
f 2110 2104 2105
f 2093 2106 2105
f 2093 2094 2106
f 2109 2094 2093
f 2110 2105 2106
f 2094 2107 2106
f 2094 2095 2107
f 2109 2095 2094
f 2110 2106 2107
f 2095 2108 2107
f 2095 2096 2108
f 2109 2096 2095
f 2110 2107 2108
f 2096 2097 2108
f 2096 2085 2097
f 2109 2085 2096
f 2110 2108 2097
f 2111 2124 2123
f 2111 2112 2124
f 2135 2112 2111
f 2136 2123 2124
f 2112 2125 2124
f 2112 2113 2125
f 2135 2113 2112
f 2136 2124 2125
f 2113 2126 2125
f 2113 2114 2126
f 2135 2114 2113
f 2136 2125 2126
f 2114 2127 2126
f 2114 2115 2127
f 2135 2115 2114
f 2136 2126 2127
f 2115 2128 2127
f 2115 2116 2128
f 2135 2116 2115
f 2136 2127 2128
f 2116 2129 2128
f 2116 2117 2129
f 2135 2117 2116
f 2136 2128 2129
f 2117 2130 2129
f 2117 2118 2130
f 2135 2118 2117
f 2136 2129 2130
f 2118 2131 2130
f 2118 2119 2131
f 2135 2119 2118
f 2136 2130 2131
f 2119 2132 2131
f 2119 2120 2132
f 2135 2120 2119
f 2136 2131 2132
f 2120 2133 2132
f 2120 2121 2133
f 2135 2121 2120
f 2136 2132 2133
f 2121 2134 2133
f 2121 2122 2134
f 2135 2122 2121
f 2136 2133 2134
f 2122 2123 2134
f 2122 2111 2123
f 2135 2111 2122
f 2136 2134 2123
f 2137 2150 2149
f 2137 2138 2150
f 2161 2138 2137
f 2162 2149 2150
f 2138 2151 2150
f 2138 2139 2151
f 2161 2139 2138
f 2162 2150 2151
f 2139 2152 2151
f 2139 2140 2152
f 2161 2140 2139
f 2162 2151 2152
f 2140 2153 2152
f 2140 2141 2153
f 2161 2141 2140
f 2162 2152 2153
f 2141 2154 2153
f 2141 2142 2154
f 2161 2142 2141
f 2162 2153 2154
f 2142 2155 2154
f 2142 2143 2155
f 2161 2143 2142
f 2162 2154 2155
f 2143 2156 2155
f 2143 2144 2156
f 2161 2144 2143
f 2162 2155 2156
f 2144 2157 2156
f 2144 2145 2157
f 2161 2145 2144
f 2162 2156 2157
f 2145 2158 2157
f 2145 2146 2158
f 2161 2146 2145
f 2162 2157 2158
f 2146 2159 2158
f 2146 2147 2159
f 2161 2147 2146
f 2162 2158 2159
f 2147 2160 2159
f 2147 2148 2160
f 2161 2148 2147
f 2162 2159 2160
f 2148 2149 2160
f 2148 2137 2149
f 2161 2137 2148
f 2162 2160 2149
f 2163 2176 2175
f 2163 2164 2176
f 2187 2164 2163
f 2188 2175 2176
f 2164 2177 2176
f 2164 2165 2177
f 2187 2165 2164
f 2188 2176 2177
f 2165 2178 2177
f 2165 2166 2178
f 2187 2166 2165
f 2188 2177 2178
f 2166 2179 2178
f 2166 2167 2179
f 2187 2167 2166
f 2188 2178 2179
f 2167 2180 2179
f 2167 2168 2180
f 2187 2168 2167
f 2188 2179 2180
f 2168 2181 2180
f 2168 2169 2181
f 2187 2169 2168
f 2188 2180 2181
f 2169 2182 2181
f 2169 2170 2182
f 2187 2170 2169
f 2188 2181 2182
f 2170 2183 2182
f 2170 2171 2183
f 2187 2171 2170
f 2188 2182 2183
f 2171 2184 2183
f 2171 2172 2184
f 2187 2172 2171
f 2188 2183 2184
f 2172 2185 2184
f 2172 2173 2185
f 2187 2173 2172
f 2188 2184 2185
f 2173 2186 2185
f 2173 2174 2186
f 2187 2174 2173
f 2188 2185 2186
f 2174 2175 2186
f 2174 2163 2175
f 2187 2163 2174
f 2188 2186 2175
f 2189 2202 2201
f 2189 2190 2202
f 2213 2190 2189
f 2214 2201 2202
f 2190 2203 2202
f 2190 2191 2203
f 2213 2191 2190
f 2214 2202 2203
f 2191 2204 2203
f 2191 2192 2204
f 2213 2192 2191
f 2214 2203 2204
f 2192 2205 2204
f 2192 2193 2205
f 2213 2193 2192
f 2214 2204 2205
f 2193 2206 2205
f 2193 2194 2206
f 2213 2194 2193
f 2214 2205 2206
f 2194 2207 2206
f 2194 2195 2207
f 2213 2195 2194
f 2214 2206 2207
f 2195 2208 2207
f 2195 2196 2208
f 2213 2196 2195
f 2214 2207 2208
f 2196 2209 2208
f 2196 2197 2209
f 2213 2197 2196
f 2214 2208 2209
f 2197 2210 2209
f 2197 2198 2210
f 2213 2198 2197
f 2214 2209 2210
f 2198 2211 2210
f 2198 2199 2211
f 2213 2199 2198
f 2214 2210 2211
f 2199 2212 2211
f 2199 2200 2212
f 2213 2200 2199
f 2214 2211 2212
f 2200 2201 2212
f 2200 2189 2201
f 2213 2189 2200
f 2214 2212 2201
f 2215 2228 2227
f 2215 2216 2228
f 2239 2216 2215
f 2240 2227 2228
f 2216 2229 2228
f 2216 2217 2229
f 2239 2217 2216
f 2240 2228 2229
f 2217 2230 2229
f 2217 2218 2230
f 2239 2218 2217
f 2240 2229 2230
f 2218 2231 2230
f 2218 2219 2231
f 2239 2219 2218
f 2240 2230 2231
f 2219 2232 2231
f 2219 2220 2232
f 2239 2220 2219
f 2240 2231 2232
f 2220 2233 2232
f 2220 2221 2233
f 2239 2221 2220
f 2240 2232 2233
f 2221 2234 2233
f 2221 2222 2234
f 2239 2222 2221
f 2240 2233 2234
f 2222 2235 2234
f 2222 2223 2235
f 2239 2223 2222
f 2240 2234 2235
f 2223 2236 2235
f 2223 2224 2236
f 2239 2224 2223
f 2240 2235 2236
f 2224 2237 2236
f 2224 2225 2237
f 2239 2225 2224
f 2240 2236 2237
f 2225 2238 2237
f 2225 2226 2238
f 2239 2226 2225
f 2240 2237 2238
f 2226 2227 2238
f 2226 2215 2227
f 2239 2215 2226
f 2240 2238 2227
f 2241 2254 2253
f 2241 2242 2254
f 2242 2255 2254
f 2242 2243 2255
f 2243 2256 2255
f 2243 2244 2256
f 2244 2257 2256
f 2244 2245 2257
f 2245 2258 2257
f 2245 2246 2258
f 2246 2259 2258
f 2246 2247 2259
f 2247 2260 2259
f 2247 2248 2260
f 2248 2261 2260
f 2248 2249 2261
f 2249 2262 2261
f 2249 2250 2262
f 2250 2263 2262
f 2250 2251 2263
f 2251 2264 2263
f 2251 2252 2264
f 2252 2253 2264
f 2252 2241 2253
f 2253 2266 2265
f 2253 2254 2266
f 2254 2267 2266
f 2254 2255 2267
f 2255 2268 2267
f 2255 2256 2268
f 2256 2269 2268
f 2256 2257 2269
f 2257 2270 2269
f 2257 2258 2270
f 2258 2271 2270
f 2258 2259 2271
f 2259 2272 2271
f 2259 2260 2272
f 2260 2273 2272
f 2260 2261 2273
f 2261 2274 2273
f 2261 2262 2274
f 2262 2275 2274
f 2262 2263 2275
f 2263 2276 2275
f 2263 2264 2276
f 2264 2265 2276
f 2264 2253 2265
f 2265 2278 2277
f 2265 2266 2278
f 2266 2279 2278
f 2266 2267 2279
f 2267 2280 2279
f 2267 2268 2280
f 2268 2281 2280
f 2268 2269 2281
f 2269 2282 2281
f 2269 2270 2282
f 2270 2283 2282
f 2270 2271 2283
f 2271 2284 2283
f 2271 2272 2284
f 2272 2285 2284
f 2272 2273 2285
f 2273 2286 2285
f 2273 2274 2286
f 2274 2287 2286
f 2274 2275 2287
f 2275 2288 2287
f 2275 2276 2288
f 2276 2277 2288
f 2276 2265 2277
f 2277 2290 2289
f 2277 2278 2290
f 2278 2291 2290
f 2278 2279 2291
f 2279 2292 2291
f 2279 2280 2292
f 2280 2293 2292
f 2280 2281 2293
f 2281 2294 2293
f 2281 2282 2294
f 2282 2295 2294
f 2282 2283 2295
f 2283 2296 2295
f 2283 2284 2296
f 2284 2297 2296
f 2284 2285 2297
f 2285 2298 2297
f 2285 2286 2298
f 2286 2299 2298
f 2286 2287 2299
f 2287 2300 2299
f 2287 2288 2300
f 2288 2289 2300
f 2288 2277 2289
f 2289 2302 2301
f 2289 2290 2302
f 2290 2303 2302
f 2290 2291 2303
f 2291 2304 2303
f 2291 2292 2304
f 2292 2305 2304
f 2292 2293 2305
f 2293 2306 2305
f 2293 2294 2306
f 2294 2307 2306
f 2294 2295 2307
f 2295 2308 2307
f 2295 2296 2308
f 2296 2309 2308
f 2296 2297 2309
f 2297 2310 2309
f 2297 2298 2310
f 2298 2311 2310
f 2298 2299 2311
f 2299 2312 2311
f 2299 2300 2312
f 2300 2301 2312
f 2300 2289 2301
f 2301 2314 2313
f 2301 2302 2314
f 2302 2315 2314
f 2302 2303 2315
f 2303 2316 2315
f 2303 2304 2316
f 2304 2317 2316
f 2304 2305 2317
f 2305 2318 2317
f 2305 2306 2318
f 2306 2319 2318
f 2306 2307 2319
f 2307 2320 2319
f 2307 2308 2320
f 2308 2321 2320
f 2308 2309 2321
f 2309 2322 2321
f 2309 2310 2322
f 2310 2323 2322
f 2310 2311 2323
f 2311 2324 2323
f 2311 2312 2324
f 2312 2313 2324
f 2312 2301 2313
f 2313 2326 2325
f 2313 2314 2326
f 2314 2327 2326
f 2314 2315 2327
f 2315 2328 2327
f 2315 2316 2328
f 2316 2329 2328
f 2316 2317 2329
f 2317 2330 2329
f 2317 2318 2330
f 2318 2331 2330
f 2318 2319 2331
f 2319 2332 2331
f 2319 2320 2332
f 2320 2333 2332
f 2320 2321 2333
f 2321 2334 2333
f 2321 2322 2334
f 2322 2335 2334
f 2322 2323 2335
f 2323 2336 2335
f 2323 2324 2336
f 2324 2325 2336
f 2324 2313 2325
f 2337 2350 2349
f 2337 2338 2350
f 2361 2338 2337
f 2362 2349 2350
f 2338 2351 2350
f 2338 2339 2351
f 2361 2339 2338
f 2362 2350 2351
f 2339 2352 2351
f 2339 2340 2352
f 2361 2340 2339
f 2362 2351 2352
f 2340 2353 2352
f 2340 2341 2353
f 2361 2341 2340
f 2362 2352 2353
f 2341 2354 2353
f 2341 2342 2354
f 2361 2342 2341
f 2362 2353 2354
f 2342 2355 2354
f 2342 2343 2355
f 2361 2343 2342
f 2362 2354 2355
f 2343 2356 2355
f 2343 2344 2356
f 2361 2344 2343
f 2362 2355 2356
f 2344 2357 2356
f 2344 2345 2357
f 2361 2345 2344
f 2362 2356 2357
f 2345 2358 2357
f 2345 2346 2358
f 2361 2346 2345
f 2362 2357 2358
f 2346 2359 2358
f 2346 2347 2359
f 2361 2347 2346
f 2362 2358 2359
f 2347 2360 2359
f 2347 2348 2360
f 2361 2348 2347
f 2362 2359 2360
f 2348 2349 2360
f 2348 2337 2349
f 2361 2337 2348
f 2362 2360 2349
f 2363 2376 2375
f 2363 2364 2376
f 2387 2364 2363
f 2388 2375 2376
f 2364 2377 2376
f 2364 2365 2377
f 2387 2365 2364
f 2388 2376 2377
f 2365 2378 2377
f 2365 2366 2378
f 2387 2366 2365
f 2388 2377 2378
f 2366 2379 2378
f 2366 2367 2379
f 2387 2367 2366
f 2388 2378 2379
f 2367 2380 2379
f 2367 2368 2380
f 2387 2368 2367
f 2388 2379 2380
f 2368 2381 2380
f 2368 2369 2381
f 2387 2369 2368
f 2388 2380 2381
f 2369 2382 2381
f 2369 2370 2382
f 2387 2370 2369
f 2388 2381 2382
f 2370 2383 2382
f 2370 2371 2383
f 2387 2371 2370
f 2388 2382 2383
f 2371 2384 2383
f 2371 2372 2384
f 2387 2372 2371
f 2388 2383 2384
f 2372 2385 2384
f 2372 2373 2385
f 2387 2373 2372
f 2388 2384 2385
f 2373 2386 2385
f 2373 2374 2386
f 2387 2374 2373
f 2388 2385 2386
f 2374 2375 2386
f 2374 2363 2375
f 2387 2363 2374
f 2388 2386 2375
f 2389 2402 2401
f 2389 2390 2402
f 2413 2390 2389
f 2414 2401 2402
f 2390 2403 2402
f 2390 2391 2403
f 2413 2391 2390
f 2414 2402 2403
f 2391 2404 2403
f 2391 2392 2404
f 2413 2392 2391
f 2414 2403 2404
f 2392 2405 2404
f 2392 2393 2405
f 2413 2393 2392
f 2414 2404 2405
f 2393 2406 2405
f 2393 2394 2406
f 2413 2394 2393
f 2414 2405 2406
f 2394 2407 2406
f 2394 2395 2407
f 2413 2395 2394
f 2414 2406 2407
f 2395 2408 2407
f 2395 2396 2408
f 2413 2396 2395
f 2414 2407 2408
f 2396 2409 2408
f 2396 2397 2409
f 2413 2397 2396
f 2414 2408 2409
f 2397 2410 2409
f 2397 2398 2410
f 2413 2398 2397
f 2414 2409 2410
f 2398 2411 2410
f 2398 2399 2411
f 2413 2399 2398
f 2414 2410 2411
f 2399 2412 2411
f 2399 2400 2412
f 2413 2400 2399
f 2414 2411 2412
f 2400 2401 2412
f 2400 2389 2401
f 2413 2389 2400
f 2414 2412 2401
f 2415 2428 2427
f 2415 2416 2428
f 2439 2416 2415
f 2440 2427 2428
f 2416 2429 2428
f 2416 2417 2429
f 2439 2417 2416
f 2440 2428 2429
f 2417 2430 2429
f 2417 2418 2430
f 2439 2418 2417
f 2440 2429 2430
f 2418 2431 2430
f 2418 2419 2431
f 2439 2419 2418
f 2440 2430 2431
f 2419 2432 2431
f 2419 2420 2432
f 2439 2420 2419
f 2440 2431 2432
f 2420 2433 2432
f 2420 2421 2433
f 2439 2421 2420
f 2440 2432 2433
f 2421 2434 2433
f 2421 2422 2434
f 2439 2422 2421
f 2440 2433 2434
f 2422 2435 2434
f 2422 2423 2435
f 2439 2423 2422
f 2440 2434 2435
f 2423 2436 2435
f 2423 2424 2436
f 2439 2424 2423
f 2440 2435 2436
f 2424 2437 2436
f 2424 2425 2437
f 2439 2425 2424
f 2440 2436 2437
f 2425 2438 2437
f 2425 2426 2438
f 2439 2426 2425
f 2440 2437 2438
f 2426 2427 2438
f 2426 2415 2427
f 2439 2415 2426
f 2440 2438 2427
f 2441 2454 2453
f 2441 2442 2454
f 2465 2442 2441
f 2466 2453 2454
f 2442 2455 2454
f 2442 2443 2455
f 2465 2443 2442
f 2466 2454 2455
f 2443 2456 2455
f 2443 2444 2456
f 2465 2444 2443
f 2466 2455 2456
f 2444 2457 2456
f 2444 2445 2457
f 2465 2445 2444
f 2466 2456 2457
f 2445 2458 2457
f 2445 2446 2458
f 2465 2446 2445
f 2466 2457 2458
f 2446 2459 2458
f 2446 2447 2459
f 2465 2447 2446
f 2466 2458 2459
f 2447 2460 2459
f 2447 2448 2460
f 2465 2448 2447
f 2466 2459 2460
f 2448 2461 2460
f 2448 2449 2461
f 2465 2449 2448
f 2466 2460 2461
f 2449 2462 2461
f 2449 2450 2462
f 2465 2450 2449
f 2466 2461 2462
f 2450 2463 2462
f 2450 2451 2463
f 2465 2451 2450
f 2466 2462 2463
f 2451 2464 2463
f 2451 2452 2464
f 2465 2452 2451
f 2466 2463 2464
f 2452 2453 2464
f 2452 2441 2453
f 2465 2441 2452
f 2466 2464 2453
f 2467 2480 2479
f 2467 2468 2480
f 2491 2468 2467
f 2492 2479 2480
f 2468 2481 2480
f 2468 2469 2481
f 2491 2469 2468
f 2492 2480 2481
f 2469 2482 2481
f 2469 2470 2482
f 2491 2470 2469
f 2492 2481 2482
f 2470 2483 2482
f 2470 2471 2483
f 2491 2471 2470
f 2492 2482 2483
f 2471 2484 2483
f 2471 2472 2484
f 2491 2472 2471
f 2492 2483 2484
f 2472 2485 2484
f 2472 2473 2485
f 2491 2473 2472
f 2492 2484 2485
f 2473 2486 2485
f 2473 2474 2486
f 2491 2474 2473
f 2492 2485 2486
f 2474 2487 2486
f 2474 2475 2487
f 2491 2475 2474
f 2492 2486 2487
f 2475 2488 2487
f 2475 2476 2488
f 2491 2476 2475
f 2492 2487 2488
f 2476 2489 2488
f 2476 2477 2489
f 2491 2477 2476
f 2492 2488 2489
f 2477 2490 2489
f 2477 2478 2490
f 2491 2478 2477
f 2492 2489 2490
f 2478 2479 2490
f 2478 2467 2479
f 2491 2467 2478
f 2492 2490 2479
f 2493 2506 2505
f 2493 2494 2506
f 2494 2507 2506
f 2494 2495 2507
f 2495 2508 2507
f 2495 2496 2508
f 2496 2509 2508
f 2496 2497 2509
f 2497 2510 2509
f 2497 2498 2510
f 2498 2511 2510
f 2498 2499 2511
f 2499 2512 2511
f 2499 2500 2512
f 2500 2513 2512
f 2500 2501 2513
f 2501 2514 2513
f 2501 2502 2514
f 2502 2515 2514
f 2502 2503 2515
f 2503 2516 2515
f 2503 2504 2516
f 2504 2505 2516
f 2504 2493 2505
f 2505 2518 2517
f 2505 2506 2518
f 2506 2519 2518
f 2506 2507 2519
f 2507 2520 2519
f 2507 2508 2520
f 2508 2521 2520
f 2508 2509 2521
f 2509 2522 2521
f 2509 2510 2522
f 2510 2523 2522
f 2510 2511 2523
f 2511 2524 2523
f 2511 2512 2524
f 2512 2525 2524
f 2512 2513 2525
f 2513 2526 2525
f 2513 2514 2526
f 2514 2527 2526
f 2514 2515 2527
f 2515 2528 2527
f 2515 2516 2528
f 2516 2517 2528
f 2516 2505 2517
f 2517 2530 2529
f 2517 2518 2530
f 2518 2531 2530
f 2518 2519 2531
f 2519 2532 2531
f 2519 2520 2532
f 2520 2533 2532
f 2520 2521 2533
f 2521 2534 2533
f 2521 2522 2534
f 2522 2535 2534
f 2522 2523 2535
f 2523 2536 2535
f 2523 2524 2536
f 2524 2537 2536
f 2524 2525 2537
f 2525 2538 2537
f 2525 2526 2538
f 2526 2539 2538
f 2526 2527 2539
f 2527 2540 2539
f 2527 2528 2540
f 2528 2529 2540
f 2528 2517 2529
f 2529 2542 2541
f 2529 2530 2542
f 2530 2543 2542
f 2530 2531 2543
f 2531 2544 2543
f 2531 2532 2544
f 2532 2545 2544
f 2532 2533 2545
f 2533 2546 2545
f 2533 2534 2546
f 2534 2547 2546
f 2534 2535 2547
f 2535 2548 2547
f 2535 2536 2548
f 2536 2549 2548
f 2536 2537 2549
f 2537 2550 2549
f 2537 2538 2550
f 2538 2551 2550
f 2538 2539 2551
f 2539 2552 2551
f 2539 2540 2552
f 2540 2541 2552
f 2540 2529 2541
f 2541 2554 2553
f 2541 2542 2554
f 2542 2555 2554
f 2542 2543 2555
f 2543 2556 2555
f 2543 2544 2556
f 2544 2557 2556
f 2544 2545 2557
f 2545 2558 2557
f 2545 2546 2558
f 2546 2559 2558
f 2546 2547 2559
f 2547 2560 2559
f 2547 2548 2560
f 2548 2561 2560
f 2548 2549 2561
f 2549 2562 2561
f 2549 2550 2562
f 2550 2563 2562
f 2550 2551 2563
f 2551 2564 2563
f 2551 2552 2564
f 2552 2553 2564
f 2552 2541 2553
f 2553 2566 2565
f 2553 2554 2566
f 2554 2567 2566
f 2554 2555 2567
f 2555 2568 2567
f 2555 2556 2568
f 2556 2569 2568
f 2556 2557 2569
f 2557 2570 2569
f 2557 2558 2570
f 2558 2571 2570
f 2558 2559 2571
f 2559 2572 2571
f 2559 2560 2572
f 2560 2573 2572
f 2560 2561 2573
f 2561 2574 2573
f 2561 2562 2574
f 2562 2575 2574
f 2562 2563 2575
f 2563 2576 2575
f 2563 2564 2576
f 2564 2565 2576
f 2564 2553 2565
f 2565 2578 2577
f 2565 2566 2578
f 2566 2579 2578
f 2566 2567 2579
f 2567 2580 2579
f 2567 2568 2580
f 2568 2581 2580
f 2568 2569 2581
f 2569 2582 2581
f 2569 2570 2582
f 2570 2583 2582
f 2570 2571 2583
f 2571 2584 2583
f 2571 2572 2584
f 2572 2585 2584
f 2572 2573 2585
f 2573 2586 2585
f 2573 2574 2586
f 2574 2587 2586
f 2574 2575 2587
f 2575 2588 2587
f 2575 2576 2588
f 2576 2577 2588
f 2576 2565 2577
f 2589 2602 2601
f 2589 2590 2602
f 2613 2590 2589
f 2614 2601 2602
f 2590 2603 2602
f 2590 2591 2603
f 2613 2591 2590
f 2614 2602 2603
f 2591 2604 2603
f 2591 2592 2604
f 2613 2592 2591
f 2614 2603 2604
f 2592 2605 2604
f 2592 2593 2605
f 2613 2593 2592
f 2614 2604 2605
f 2593 2606 2605
f 2593 2594 2606
f 2613 2594 2593
f 2614 2605 2606
f 2594 2607 2606
f 2594 2595 2607
f 2613 2595 2594
f 2614 2606 2607
f 2595 2608 2607
f 2595 2596 2608
f 2613 2596 2595
f 2614 2607 2608
f 2596 2609 2608
f 2596 2597 2609
f 2613 2597 2596
f 2614 2608 2609
f 2597 2610 2609
f 2597 2598 2610
f 2613 2598 2597
f 2614 2609 2610
f 2598 2611 2610
f 2598 2599 2611
f 2613 2599 2598
f 2614 2610 2611
f 2599 2612 2611
f 2599 2600 2612
f 2613 2600 2599
f 2614 2611 2612
f 2600 2601 2612
f 2600 2589 2601
f 2613 2589 2600
f 2614 2612 2601
f 2615 2628 2627
f 2615 2616 2628
f 2639 2616 2615
f 2640 2627 2628
f 2616 2629 2628
f 2616 2617 2629
f 2639 2617 2616
f 2640 2628 2629
f 2617 2630 2629
f 2617 2618 2630
f 2639 2618 2617
f 2640 2629 2630
f 2618 2631 2630
f 2618 2619 2631
f 2639 2619 2618
f 2640 2630 2631
f 2619 2632 2631
f 2619 2620 2632
f 2639 2620 2619
f 2640 2631 2632
f 2620 2633 2632
f 2620 2621 2633
f 2639 2621 2620
f 2640 2632 2633
f 2621 2634 2633
f 2621 2622 2634
f 2639 2622 2621
f 2640 2633 2634
f 2622 2635 2634
f 2622 2623 2635
f 2639 2623 2622
f 2640 2634 2635
f 2623 2636 2635
f 2623 2624 2636
f 2639 2624 2623
f 2640 2635 2636
f 2624 2637 2636
f 2624 2625 2637
f 2639 2625 2624
f 2640 2636 2637
f 2625 2638 2637
f 2625 2626 2638
f 2639 2626 2625
f 2640 2637 2638
f 2626 2627 2638
f 2626 2615 2627
f 2639 2615 2626
f 2640 2638 2627
f 2641 2654 2653
f 2641 2642 2654
f 2665 2642 2641
f 2666 2653 2654
f 2642 2655 2654
f 2642 2643 2655
f 2665 2643 2642
f 2666 2654 2655
f 2643 2656 2655
f 2643 2644 2656
f 2665 2644 2643
f 2666 2655 2656
f 2644 2657 2656
f 2644 2645 2657
f 2665 2645 2644
f 2666 2656 2657
f 2645 2658 2657
f 2645 2646 2658
f 2665 2646 2645
f 2666 2657 2658
f 2646 2659 2658
f 2646 2647 2659
f 2665 2647 2646
f 2666 2658 2659
f 2647 2660 2659
f 2647 2648 2660
f 2665 2648 2647
f 2666 2659 2660
f 2648 2661 2660
f 2648 2649 2661
f 2665 2649 2648
f 2666 2660 2661
f 2649 2662 2661
f 2649 2650 2662
f 2665 2650 2649
f 2666 2661 2662
f 2650 2663 2662
f 2650 2651 2663
f 2665 2651 2650
f 2666 2662 2663
f 2651 2664 2663
f 2651 2652 2664
f 2665 2652 2651
f 2666 2663 2664
f 2652 2653 2664
f 2652 2641 2653
f 2665 2641 2652
f 2666 2664 2653
f 2667 2680 2679
f 2667 2668 2680
f 2691 2668 2667
f 2692 2679 2680
f 2668 2681 2680
f 2668 2669 2681
f 2691 2669 2668
f 2692 2680 2681
f 2669 2682 2681
f 2669 2670 2682
f 2691 2670 2669
f 2692 2681 2682
f 2670 2683 2682
f 2670 2671 2683
f 2691 2671 2670
f 2692 2682 2683
f 2671 2684 2683
f 2671 2672 2684
f 2691 2672 2671
f 2692 2683 2684
f 2672 2685 2684
f 2672 2673 2685
f 2691 2673 2672
f 2692 2684 2685
f 2673 2686 2685
f 2673 2674 2686
f 2691 2674 2673
f 2692 2685 2686
f 2674 2687 2686
f 2674 2675 2687
f 2691 2675 2674
f 2692 2686 2687
f 2675 2688 2687
f 2675 2676 2688
f 2691 2676 2675
f 2692 2687 2688
f 2676 2689 2688
f 2676 2677 2689
f 2691 2677 2676
f 2692 2688 2689
f 2677 2690 2689
f 2677 2678 2690
f 2691 2678 2677
f 2692 2689 2690
f 2678 2679 2690
f 2678 2667 2679
f 2691 2667 2678
f 2692 2690 2679
f 2693 2706 2705
f 2693 2694 2706
f 2717 2694 2693
f 2718 2705 2706
f 2694 2707 2706
f 2694 2695 2707
f 2717 2695 2694
f 2718 2706 2707
f 2695 2708 2707
f 2695 2696 2708
f 2717 2696 2695
f 2718 2707 2708
f 2696 2709 2708
f 2696 2697 2709
f 2717 2697 2696
f 2718 2708 2709
f 2697 2710 2709
f 2697 2698 2710
f 2717 2698 2697
f 2718 2709 2710
f 2698 2711 2710
f 2698 2699 2711
f 2717 2699 2698
f 2718 2710 2711
f 2699 2712 2711
f 2699 2700 2712
f 2717 2700 2699
f 2718 2711 2712
f 2700 2713 2712
f 2700 2701 2713
f 2717 2701 2700
f 2718 2712 2713
f 2701 2714 2713
f 2701 2702 2714
f 2717 2702 2701
f 2718 2713 2714
f 2702 2715 2714
f 2702 2703 2715
f 2717 2703 2702
f 2718 2714 2715
f 2703 2716 2715
f 2703 2704 2716
f 2717 2704 2703
f 2718 2715 2716
f 2704 2705 2716
f 2704 2693 2705
f 2717 2693 2704
f 2718 2716 2705
f 2719 2732 2731
f 2719 2720 2732
f 2743 2720 2719
f 2744 2731 2732
f 2720 2733 2732
f 2720 2721 2733
f 2743 2721 2720
f 2744 2732 2733
f 2721 2734 2733
f 2721 2722 2734
f 2743 2722 2721
f 2744 2733 2734
f 2722 2735 2734
f 2722 2723 2735
f 2743 2723 2722
f 2744 2734 2735
f 2723 2736 2735
f 2723 2724 2736
f 2743 2724 2723
f 2744 2735 2736
f 2724 2737 2736
f 2724 2725 2737
f 2743 2725 2724
f 2744 2736 2737
f 2725 2738 2737
f 2725 2726 2738
f 2743 2726 2725
f 2744 2737 2738
f 2726 2739 2738
f 2726 2727 2739
f 2743 2727 2726
f 2744 2738 2739
f 2727 2740 2739
f 2727 2728 2740
f 2743 2728 2727
f 2744 2739 2740
f 2728 2741 2740
f 2728 2729 2741
f 2743 2729 2728
f 2744 2740 2741
f 2729 2742 2741
f 2729 2730 2742
f 2743 2730 2729
f 2744 2741 2742
f 2730 2731 2742
f 2730 2719 2731
f 2743 2719 2730
f 2744 2742 2731
f 2745 2758 2757
f 2745 2746 2758
f 2746 2759 2758
f 2746 2747 2759
f 2747 2760 2759
f 2747 2748 2760
f 2748 2761 2760
f 2748 2749 2761
f 2749 2762 2761
f 2749 2750 2762
f 2750 2763 2762
f 2750 2751 2763
f 2751 2764 2763
f 2751 2752 2764
f 2752 2765 2764
f 2752 2753 2765
f 2753 2766 2765
f 2753 2754 2766
f 2754 2767 2766
f 2754 2755 2767
f 2755 2768 2767
f 2755 2756 2768
f 2756 2757 2768
f 2756 2745 2757
f 2757 2770 2769
f 2757 2758 2770
f 2758 2771 2770
f 2758 2759 2771
f 2759 2772 2771
f 2759 2760 2772
f 2760 2773 2772
f 2760 2761 2773
f 2761 2774 2773
f 2761 2762 2774
f 2762 2775 2774
f 2762 2763 2775
f 2763 2776 2775
f 2763 2764 2776
f 2764 2777 2776
f 2764 2765 2777
f 2765 2778 2777
f 2765 2766 2778
f 2766 2779 2778
f 2766 2767 2779
f 2767 2780 2779
f 2767 2768 2780
f 2768 2769 2780
f 2768 2757 2769
f 2769 2782 2781
f 2769 2770 2782
f 2770 2783 2782
f 2770 2771 2783
f 2771 2784 2783
f 2771 2772 2784
f 2772 2785 2784
f 2772 2773 2785
f 2773 2786 2785
f 2773 2774 2786
f 2774 2787 2786
f 2774 2775 2787
f 2775 2788 2787
f 2775 2776 2788
f 2776 2789 2788
f 2776 2777 2789
f 2777 2790 2789
f 2777 2778 2790
f 2778 2791 2790
f 2778 2779 2791
f 2779 2792 2791
f 2779 2780 2792
f 2780 2781 2792
f 2780 2769 2781
f 2781 2794 2793
f 2781 2782 2794
f 2782 2795 2794
f 2782 2783 2795
f 2783 2796 2795
f 2783 2784 2796
f 2784 2797 2796
f 2784 2785 2797
f 2785 2798 2797
f 2785 2786 2798
f 2786 2799 2798
f 2786 2787 2799
f 2787 2800 2799
f 2787 2788 2800
f 2788 2801 2800
f 2788 2789 2801
f 2789 2802 2801
f 2789 2790 2802
f 2790 2803 2802
f 2790 2791 2803
f 2791 2804 2803
f 2791 2792 2804
f 2792 2793 2804
f 2792 2781 2793
f 2793 2806 2805
f 2793 2794 2806
f 2794 2807 2806
f 2794 2795 2807
f 2795 2808 2807
f 2795 2796 2808
f 2796 2809 2808
f 2796 2797 2809
f 2797 2810 2809
f 2797 2798 2810
f 2798 2811 2810
f 2798 2799 2811
f 2799 2812 2811
f 2799 2800 2812
f 2800 2813 2812
f 2800 2801 2813
f 2801 2814 2813
f 2801 2802 2814
f 2802 2815 2814
f 2802 2803 2815
f 2803 2816 2815
f 2803 2804 2816
f 2804 2805 2816
f 2804 2793 2805
f 2805 2818 2817
f 2805 2806 2818
f 2806 2819 2818
f 2806 2807 2819
f 2807 2820 2819
f 2807 2808 2820
f 2808 2821 2820
f 2808 2809 2821
f 2809 2822 2821
f 2809 2810 2822
f 2810 2823 2822
f 2810 2811 2823
f 2811 2824 2823
f 2811 2812 2824
f 2812 2825 2824
f 2812 2813 2825
f 2813 2826 2825
f 2813 2814 2826
f 2814 2827 2826
f 2814 2815 2827
f 2815 2828 2827
f 2815 2816 2828
f 2816 2817 2828
f 2816 2805 2817
f 2817 2830 2829
f 2817 2818 2830
f 2818 2831 2830
f 2818 2819 2831
f 2819 2832 2831
f 2819 2820 2832
f 2820 2833 2832
f 2820 2821 2833
f 2821 2834 2833
f 2821 2822 2834
f 2822 2835 2834
f 2822 2823 2835
f 2823 2836 2835
f 2823 2824 2836
f 2824 2837 2836
f 2824 2825 2837
f 2825 2838 2837
f 2825 2826 2838
f 2826 2839 2838
f 2826 2827 2839
f 2827 2840 2839
f 2827 2828 2840
f 2828 2829 2840
f 2828 2817 2829
f 2841 2854 2853
f 2841 2842 2854
f 2865 2842 2841
f 2866 2853 2854
f 2842 2855 2854
f 2842 2843 2855
f 2865 2843 2842
f 2866 2854 2855
f 2843 2856 2855
f 2843 2844 2856
f 2865 2844 2843
f 2866 2855 2856
f 2844 2857 2856
f 2844 2845 2857
f 2865 2845 2844
f 2866 2856 2857
f 2845 2858 2857
f 2845 2846 2858
f 2865 2846 2845
f 2866 2857 2858
f 2846 2859 2858
f 2846 2847 2859
f 2865 2847 2846
f 2866 2858 2859
f 2847 2860 2859
f 2847 2848 2860
f 2865 2848 2847
f 2866 2859 2860
f 2848 2861 2860
f 2848 2849 2861
f 2865 2849 2848
f 2866 2860 2861
f 2849 2862 2861
f 2849 2850 2862
f 2865 2850 2849
f 2866 2861 2862
f 2850 2863 2862
f 2850 2851 2863
f 2865 2851 2850
f 2866 2862 2863
f 2851 2864 2863
f 2851 2852 2864
f 2865 2852 2851
f 2866 2863 2864
f 2852 2853 2864
f 2852 2841 2853
f 2865 2841 2852
f 2866 2864 2853
f 2867 2880 2879
f 2867 2868 2880
f 2891 2868 2867
f 2892 2879 2880
f 2868 2881 2880
f 2868 2869 2881
f 2891 2869 2868
f 2892 2880 2881
f 2869 2882 2881
f 2869 2870 2882
f 2891 2870 2869
f 2892 2881 2882
f 2870 2883 2882
f 2870 2871 2883
f 2891 2871 2870
f 2892 2882 2883
f 2871 2884 2883
f 2871 2872 2884
f 2891 2872 2871
f 2892 2883 2884
f 2872 2885 2884
f 2872 2873 2885
f 2891 2873 2872
f 2892 2884 2885
f 2873 2886 2885
f 2873 2874 2886
f 2891 2874 2873
f 2892 2885 2886
f 2874 2887 2886
f 2874 2875 2887
f 2891 2875 2874
f 2892 2886 2887
f 2875 2888 2887
f 2875 2876 2888
f 2891 2876 2875
f 2892 2887 2888
f 2876 2889 2888
f 2876 2877 2889
f 2891 2877 2876
f 2892 2888 2889
f 2877 2890 2889
f 2877 2878 2890
f 2891 2878 2877
f 2892 2889 2890
f 2878 2879 2890
f 2878 2867 2879
f 2891 2867 2878
f 2892 2890 2879
f 2893 2906 2905
f 2893 2894 2906
f 2917 2894 2893
f 2918 2905 2906
f 2894 2907 2906
f 2894 2895 2907
f 2917 2895 2894
f 2918 2906 2907
f 2895 2908 2907
f 2895 2896 2908
f 2917 2896 2895
f 2918 2907 2908
f 2896 2909 2908
f 2896 2897 2909
f 2917 2897 2896
f 2918 2908 2909
f 2897 2910 2909
f 2897 2898 2910
f 2917 2898 2897
f 2918 2909 2910
f 2898 2911 2910
f 2898 2899 2911
f 2917 2899 2898
f 2918 2910 2911
f 2899 2912 2911
f 2899 2900 2912
f 2917 2900 2899
f 2918 2911 2912
f 2900 2913 2912
f 2900 2901 2913
f 2917 2901 2900
f 2918 2912 2913
f 2901 2914 2913
f 2901 2902 2914
f 2917 2902 2901
f 2918 2913 2914
f 2902 2915 2914
f 2902 2903 2915
f 2917 2903 2902
f 2918 2914 2915
f 2903 2916 2915
f 2903 2904 2916
f 2917 2904 2903
f 2918 2915 2916
f 2904 2905 2916
f 2904 2893 2905
f 2917 2893 2904
f 2918 2916 2905
f 2919 2932 2931
f 2919 2920 2932
f 2943 2920 2919
f 2944 2931 2932
f 2920 2933 2932
f 2920 2921 2933
f 2943 2921 2920
f 2944 2932 2933
f 2921 2934 2933
f 2921 2922 2934
f 2943 2922 2921
f 2944 2933 2934
f 2922 2935 2934
f 2922 2923 2935
f 2943 2923 2922
f 2944 2934 2935
f 2923 2936 2935
f 2923 2924 2936
f 2943 2924 2923
f 2944 2935 2936
f 2924 2937 2936
f 2924 2925 2937
f 2943 2925 2924
f 2944 2936 2937
f 2925 2938 2937
f 2925 2926 2938
f 2943 2926 2925
f 2944 2937 2938
f 2926 2939 2938
f 2926 2927 2939
f 2943 2927 2926
f 2944 2938 2939
f 2927 2940 2939
f 2927 2928 2940
f 2943 2928 2927
f 2944 2939 2940
f 2928 2941 2940
f 2928 2929 2941
f 2943 2929 2928
f 2944 2940 2941
f 2929 2942 2941
f 2929 2930 2942
f 2943 2930 2929
f 2944 2941 2942
f 2930 2931 2942
f 2930 2919 2931
f 2943 2919 2930
f 2944 2942 2931
f 2945 2958 2957
f 2945 2946 2958
f 2969 2946 2945
f 2970 2957 2958
f 2946 2959 2958
f 2946 2947 2959
f 2969 2947 2946
f 2970 2958 2959
f 2947 2960 2959
f 2947 2948 2960
f 2969 2948 2947
f 2970 2959 2960
f 2948 2961 2960
f 2948 2949 2961
f 2969 2949 2948
f 2970 2960 2961
f 2949 2962 2961
f 2949 2950 2962
f 2969 2950 2949
f 2970 2961 2962
f 2950 2963 2962
f 2950 2951 2963
f 2969 2951 2950
f 2970 2962 2963
f 2951 2964 2963
f 2951 2952 2964
f 2969 2952 2951
f 2970 2963 2964
f 2952 2965 2964
f 2952 2953 2965
f 2969 2953 2952
f 2970 2964 2965
f 2953 2966 2965
f 2953 2954 2966
f 2969 2954 2953
f 2970 2965 2966
f 2954 2967 2966
f 2954 2955 2967
f 2969 2955 2954
f 2970 2966 2967
f 2955 2968 2967
f 2955 2956 2968
f 2969 2956 2955
f 2970 2967 2968
f 2956 2957 2968
f 2956 2945 2957
f 2969 2945 2956
f 2970 2968 2957
f 2971 2984 2983
f 2971 2972 2984
f 2995 2972 2971
f 2996 2983 2984
f 2972 2985 2984
f 2972 2973 2985
f 2995 2973 2972
f 2996 2984 2985
f 2973 2986 2985
f 2973 2974 2986
f 2995 2974 2973
f 2996 2985 2986
f 2974 2987 2986
f 2974 2975 2987
f 2995 2975 2974
f 2996 2986 2987
f 2975 2988 2987
f 2975 2976 2988
f 2995 2976 2975
f 2996 2987 2988
f 2976 2989 2988
f 2976 2977 2989
f 2995 2977 2976
f 2996 2988 2989
f 2977 2990 2989
f 2977 2978 2990
f 2995 2978 2977
f 2996 2989 2990
f 2978 2991 2990
f 2978 2979 2991
f 2995 2979 2978
f 2996 2990 2991
f 2979 2992 2991
f 2979 2980 2992
f 2995 2980 2979
f 2996 2991 2992
f 2980 2993 2992
f 2980 2981 2993
f 2995 2981 2980
f 2996 2992 2993
f 2981 2994 2993
f 2981 2982 2994
f 2995 2982 2981
f 2996 2993 2994
f 2982 2983 2994
f 2982 2971 2983
f 2995 2971 2982
f 2996 2994 2983
f 2997 3010 3009
f 2997 2998 3010
f 2998 3011 3010
f 2998 2999 3011
f 2999 3012 3011
f 2999 3000 3012
f 3000 3013 3012
f 3000 3001 3013
f 3001 3014 3013
f 3001 3002 3014
f 3002 3015 3014
f 3002 3003 3015
f 3003 3016 3015
f 3003 3004 3016
f 3004 3017 3016
f 3004 3005 3017
f 3005 3018 3017
f 3005 3006 3018
f 3006 3019 3018
f 3006 3007 3019
f 3007 3020 3019
f 3007 3008 3020
f 3008 3009 3020
f 3008 2997 3009
f 3009 3022 3021
f 3009 3010 3022
f 3010 3023 3022
f 3010 3011 3023
f 3011 3024 3023
f 3011 3012 3024
f 3012 3025 3024
f 3012 3013 3025
f 3013 3026 3025
f 3013 3014 3026
f 3014 3027 3026
f 3014 3015 3027
f 3015 3028 3027
f 3015 3016 3028
f 3016 3029 3028
f 3016 3017 3029
f 3017 3030 3029
f 3017 3018 3030
f 3018 3031 3030
f 3018 3019 3031
f 3019 3032 3031
f 3019 3020 3032
f 3020 3021 3032
f 3020 3009 3021
f 3021 3034 3033
f 3021 3022 3034
f 3022 3035 3034
f 3022 3023 3035
f 3023 3036 3035
f 3023 3024 3036
f 3024 3037 3036
f 3024 3025 3037
f 3025 3038 3037
f 3025 3026 3038
f 3026 3039 3038
f 3026 3027 3039
f 3027 3040 3039
f 3027 3028 3040
f 3028 3041 3040
f 3028 3029 3041
f 3029 3042 3041
f 3029 3030 3042
f 3030 3043 3042
f 3030 3031 3043
f 3031 3044 3043
f 3031 3032 3044
f 3032 3033 3044
f 3032 3021 3033
f 3033 3046 3045
f 3033 3034 3046
f 3034 3047 3046
f 3034 3035 3047
f 3035 3048 3047
f 3035 3036 3048
f 3036 3049 3048
f 3036 3037 3049
f 3037 3050 3049
f 3037 3038 3050
f 3038 3051 3050
f 3038 3039 3051
f 3039 3052 3051
f 3039 3040 3052
f 3040 3053 3052
f 3040 3041 3053
f 3041 3054 3053
f 3041 3042 3054
f 3042 3055 3054
f 3042 3043 3055
f 3043 3056 3055
f 3043 3044 3056
f 3044 3045 3056
f 3044 3033 3045
f 3045 3058 3057
f 3045 3046 3058
f 3046 3059 3058
f 3046 3047 3059
f 3047 3060 3059
f 3047 3048 3060
f 3048 3061 3060
f 3048 3049 3061
f 3049 3062 3061
f 3049 3050 3062
f 3050 3063 3062
f 3050 3051 3063
f 3051 3064 3063
f 3051 3052 3064
f 3052 3065 3064
f 3052 3053 3065
f 3053 3066 3065
f 3053 3054 3066
f 3054 3067 3066
f 3054 3055 3067
f 3055 3068 3067
f 3055 3056 3068
f 3056 3057 3068
f 3056 3045 3057
f 3057 3070 3069
f 3057 3058 3070
f 3058 3071 3070
f 3058 3059 3071
f 3059 3072 3071
f 3059 3060 3072
f 3060 3073 3072
f 3060 3061 3073
f 3061 3074 3073
f 3061 3062 3074
f 3062 3075 3074
f 3062 3063 3075
f 3063 3076 3075
f 3063 3064 3076
f 3064 3077 3076
f 3064 3065 3077
f 3065 3078 3077
f 3065 3066 3078
f 3066 3079 3078
f 3066 3067 3079
f 3067 3080 3079
f 3067 3068 3080
f 3068 3069 3080
f 3068 3057 3069
f 3069 3082 3081
f 3069 3070 3082
f 3070 3083 3082
f 3070 3071 3083
f 3071 3084 3083
f 3071 3072 3084
f 3072 3085 3084
f 3072 3073 3085
f 3073 3086 3085
f 3073 3074 3086
f 3074 3087 3086
f 3074 3075 3087
f 3075 3088 3087
f 3075 3076 3088
f 3076 3089 3088
f 3076 3077 3089
f 3077 3090 3089
f 3077 3078 3090
f 3078 3091 3090
f 3078 3079 3091
f 3079 3092 3091
f 3079 3080 3092
f 3080 3081 3092
f 3080 3069 3081
f 3093 3106 3105
f 3093 3094 3106
f 3117 3094 3093
f 3118 3105 3106
f 3094 3107 3106
f 3094 3095 3107
f 3117 3095 3094
f 3118 3106 3107
f 3095 3108 3107
f 3095 3096 3108
f 3117 3096 3095
f 3118 3107 3108
f 3096 3109 3108
f 3096 3097 3109
f 3117 3097 3096
f 3118 3108 3109
f 3097 3110 3109
f 3097 3098 3110
f 3117 3098 3097
f 3118 3109 3110
f 3098 3111 3110
f 3098 3099 3111
f 3117 3099 3098
f 3118 3110 3111
f 3099 3112 3111
f 3099 3100 3112
f 3117 3100 3099
f 3118 3111 3112
f 3100 3113 3112
f 3100 3101 3113
f 3117 3101 3100
f 3118 3112 3113
f 3101 3114 3113
f 3101 3102 3114
f 3117 3102 3101
f 3118 3113 3114
f 3102 3115 3114
f 3102 3103 3115
f 3117 3103 3102
f 3118 3114 3115
f 3103 3116 3115
f 3103 3104 3116
f 3117 3104 3103
f 3118 3115 3116
f 3104 3105 3116
f 3104 3093 3105
f 3117 3093 3104
f 3118 3116 3105
f 3119 3132 3131
f 3119 3120 3132
f 3143 3120 3119
f 3144 3131 3132
f 3120 3133 3132
f 3120 3121 3133
f 3143 3121 3120
f 3144 3132 3133
f 3121 3134 3133
f 3121 3122 3134
f 3143 3122 3121
f 3144 3133 3134
f 3122 3135 3134
f 3122 3123 3135
f 3143 3123 3122
f 3144 3134 3135
f 3123 3136 3135
f 3123 3124 3136
f 3143 3124 3123
f 3144 3135 3136
f 3124 3137 3136
f 3124 3125 3137
f 3143 3125 3124
f 3144 3136 3137
f 3125 3138 3137
f 3125 3126 3138
f 3143 3126 3125
f 3144 3137 3138
f 3126 3139 3138
f 3126 3127 3139
f 3143 3127 3126
f 3144 3138 3139
f 3127 3140 3139
f 3127 3128 3140
f 3143 3128 3127
f 3144 3139 3140
f 3128 3141 3140
f 3128 3129 3141
f 3143 3129 3128
f 3144 3140 3141
f 3129 3142 3141
f 3129 3130 3142
f 3143 3130 3129
f 3144 3141 3142
f 3130 3131 3142
f 3130 3119 3131
f 3143 3119 3130
f 3144 3142 3131
f 3145 3158 3157
f 3145 3146 3158
f 3169 3146 3145
f 3170 3157 3158
f 3146 3159 3158
f 3146 3147 3159
f 3169 3147 3146
f 3170 3158 3159
f 3147 3160 3159
f 3147 3148 3160
f 3169 3148 3147
f 3170 3159 3160
f 3148 3161 3160
f 3148 3149 3161
f 3169 3149 3148
f 3170 3160 3161
f 3149 3162 3161
f 3149 3150 3162
f 3169 3150 3149
f 3170 3161 3162
f 3150 3163 3162
f 3150 3151 3163
f 3169 3151 3150
f 3170 3162 3163
f 3151 3164 3163
f 3151 3152 3164
f 3169 3152 3151
f 3170 3163 3164
f 3152 3165 3164
f 3152 3153 3165
f 3169 3153 3152
f 3170 3164 3165
f 3153 3166 3165
f 3153 3154 3166
f 3169 3154 3153
f 3170 3165 3166
f 3154 3167 3166
f 3154 3155 3167
f 3169 3155 3154
f 3170 3166 3167
f 3155 3168 3167
f 3155 3156 3168
f 3169 3156 3155
f 3170 3167 3168
f 3156 3157 3168
f 3156 3145 3157
f 3169 3145 3156
f 3170 3168 3157
f 3171 3184 3183
f 3171 3172 3184
f 3195 3172 3171
f 3196 3183 3184
f 3172 3185 3184
f 3172 3173 3185
f 3195 3173 3172
f 3196 3184 3185
f 3173 3186 3185
f 3173 3174 3186
f 3195 3174 3173
f 3196 3185 3186
f 3174 3187 3186
f 3174 3175 3187
f 3195 3175 3174
f 3196 3186 3187
f 3175 3188 3187
f 3175 3176 3188
f 3195 3176 3175
f 3196 3187 3188
f 3176 3189 3188
f 3176 3177 3189
f 3195 3177 3176
f 3196 3188 3189
f 3177 3190 3189
f 3177 3178 3190
f 3195 3178 3177
f 3196 3189 3190
f 3178 3191 3190
f 3178 3179 3191
f 3195 3179 3178
f 3196 3190 3191
f 3179 3192 3191
f 3179 3180 3192
f 3195 3180 3179
f 3196 3191 3192
f 3180 3193 3192
f 3180 3181 3193
f 3195 3181 3180
f 3196 3192 3193
f 3181 3194 3193
f 3181 3182 3194
f 3195 3182 3181
f 3196 3193 3194
f 3182 3183 3194
f 3182 3171 3183
f 3195 3171 3182
f 3196 3194 3183
f 3197 3210 3209
f 3197 3198 3210
f 3221 3198 3197
f 3222 3209 3210
f 3198 3211 3210
f 3198 3199 3211
f 3221 3199 3198
f 3222 3210 3211
f 3199 3212 3211
f 3199 3200 3212
f 3221 3200 3199
f 3222 3211 3212
f 3200 3213 3212
f 3200 3201 3213
f 3221 3201 3200
f 3222 3212 3213
f 3201 3214 3213
f 3201 3202 3214
f 3221 3202 3201
f 3222 3213 3214
f 3202 3215 3214
f 3202 3203 3215
f 3221 3203 3202
f 3222 3214 3215
f 3203 3216 3215
f 3203 3204 3216
f 3221 3204 3203
f 3222 3215 3216
f 3204 3217 3216
f 3204 3205 3217
f 3221 3205 3204
f 3222 3216 3217
f 3205 3218 3217
f 3205 3206 3218
f 3221 3206 3205
f 3222 3217 3218
f 3206 3219 3218
f 3206 3207 3219
f 3221 3207 3206
f 3222 3218 3219
f 3207 3220 3219
f 3207 3208 3220
f 3221 3208 3207
f 3222 3219 3220
f 3208 3209 3220
f 3208 3197 3209
f 3221 3197 3208
f 3222 3220 3209
f 3223 3236 3235
f 3223 3224 3236
f 3247 3224 3223
f 3248 3235 3236
f 3224 3237 3236
f 3224 3225 3237
f 3247 3225 3224
f 3248 3236 3237
f 3225 3238 3237
f 3225 3226 3238
f 3247 3226 3225
f 3248 3237 3238
f 3226 3239 3238
f 3226 3227 3239
f 3247 3227 3226
f 3248 3238 3239
f 3227 3240 3239
f 3227 3228 3240
f 3247 3228 3227
f 3248 3239 3240
f 3228 3241 3240
f 3228 3229 3241
f 3247 3229 3228
f 3248 3240 3241
f 3229 3242 3241
f 3229 3230 3242
f 3247 3230 3229
f 3248 3241 3242
f 3230 3243 3242
f 3230 3231 3243
f 3247 3231 3230
f 3248 3242 3243
f 3231 3244 3243
f 3231 3232 3244
f 3247 3232 3231
f 3248 3243 3244
f 3232 3245 3244
f 3232 3233 3245
f 3247 3233 3232
f 3248 3244 3245
f 3233 3246 3245
f 3233 3234 3246
f 3247 3234 3233
f 3248 3245 3246
f 3234 3235 3246
f 3234 3223 3235
f 3247 3223 3234
f 3248 3246 3235
f 3249 3262 3261
f 3249 3250 3262
f 3250 3263 3262
f 3250 3251 3263
f 3251 3264 3263
f 3251 3252 3264
f 3252 3265 3264
f 3252 3253 3265
f 3253 3266 3265
f 3253 3254 3266
f 3254 3267 3266
f 3254 3255 3267
f 3255 3268 3267
f 3255 3256 3268
f 3256 3269 3268
f 3256 3257 3269
f 3257 3270 3269
f 3257 3258 3270
f 3258 3271 3270
f 3258 3259 3271
f 3259 3272 3271
f 3259 3260 3272
f 3260 3261 3272
f 3260 3249 3261
f 3261 3274 3273
f 3261 3262 3274
f 3262 3275 3274
f 3262 3263 3275
f 3263 3276 3275
f 3263 3264 3276
f 3264 3277 3276
f 3264 3265 3277
f 3265 3278 3277
f 3265 3266 3278
f 3266 3279 3278
f 3266 3267 3279
f 3267 3280 3279
f 3267 3268 3280
f 3268 3281 3280
f 3268 3269 3281
f 3269 3282 3281
f 3269 3270 3282
f 3270 3283 3282
f 3270 3271 3283
f 3271 3284 3283
f 3271 3272 3284
f 3272 3273 3284
f 3272 3261 3273
f 3273 3286 3285
f 3273 3274 3286
f 3274 3287 3286
f 3274 3275 3287
f 3275 3288 3287
f 3275 3276 3288
f 3276 3289 3288
f 3276 3277 3289
f 3277 3290 3289
f 3277 3278 3290
f 3278 3291 3290
f 3278 3279 3291
f 3279 3292 3291
f 3279 3280 3292
f 3280 3293 3292
f 3280 3281 3293
f 3281 3294 3293
f 3281 3282 3294
f 3282 3295 3294
f 3282 3283 3295
f 3283 3296 3295
f 3283 3284 3296
f 3284 3285 3296
f 3284 3273 3285
f 3285 3298 3297
f 3285 3286 3298
f 3286 3299 3298
f 3286 3287 3299
f 3287 3300 3299
f 3287 3288 3300
f 3288 3301 3300
f 3288 3289 3301
f 3289 3302 3301
f 3289 3290 3302
f 3290 3303 3302
f 3290 3291 3303
f 3291 3304 3303
f 3291 3292 3304
f 3292 3305 3304
f 3292 3293 3305
f 3293 3306 3305
f 3293 3294 3306
f 3294 3307 3306
f 3294 3295 3307
f 3295 3308 3307
f 3295 3296 3308
f 3296 3297 3308
f 3296 3285 3297
f 3297 3310 3309
f 3297 3298 3310
f 3298 3311 3310
f 3298 3299 3311
f 3299 3312 3311
f 3299 3300 3312
f 3300 3313 3312
f 3300 3301 3313
f 3301 3314 3313
f 3301 3302 3314
f 3302 3315 3314
f 3302 3303 3315
f 3303 3316 3315
f 3303 3304 3316
f 3304 3317 3316
f 3304 3305 3317
f 3305 3318 3317
f 3305 3306 3318
f 3306 3319 3318
f 3306 3307 3319
f 3307 3320 3319
f 3307 3308 3320
f 3308 3309 3320
f 3308 3297 3309
f 3309 3322 3321
f 3309 3310 3322
f 3310 3323 3322
f 3310 3311 3323
f 3311 3324 3323
f 3311 3312 3324
f 3312 3325 3324
f 3312 3313 3325
f 3313 3326 3325
f 3313 3314 3326
f 3314 3327 3326
f 3314 3315 3327
f 3315 3328 3327
f 3315 3316 3328
f 3316 3329 3328
f 3316 3317 3329
f 3317 3330 3329
f 3317 3318 3330
f 3318 3331 3330
f 3318 3319 3331
f 3319 3332 3331
f 3319 3320 3332
f 3320 3321 3332
f 3320 3309 3321
f 3321 3334 3333
f 3321 3322 3334
f 3322 3335 3334
f 3322 3323 3335
f 3323 3336 3335
f 3323 3324 3336
f 3324 3337 3336
f 3324 3325 3337
f 3325 3338 3337
f 3325 3326 3338
f 3326 3339 3338
f 3326 3327 3339
f 3327 3340 3339
f 3327 3328 3340
f 3328 3341 3340
f 3328 3329 3341
f 3329 3342 3341
f 3329 3330 3342
f 3330 3343 3342
f 3330 3331 3343
f 3331 3344 3343
f 3331 3332 3344
f 3332 3333 3344
f 3332 3321 3333
f 3345 3358 3357
f 3345 3346 3358
f 3369 3346 3345
f 3370 3357 3358
f 3346 3359 3358
f 3346 3347 3359
f 3369 3347 3346
f 3370 3358 3359
f 3347 3360 3359
f 3347 3348 3360
f 3369 3348 3347
f 3370 3359 3360
f 3348 3361 3360
f 3348 3349 3361
f 3369 3349 3348
f 3370 3360 3361
f 3349 3362 3361
f 3349 3350 3362
f 3369 3350 3349
f 3370 3361 3362
f 3350 3363 3362
f 3350 3351 3363
f 3369 3351 3350
f 3370 3362 3363
f 3351 3364 3363
f 3351 3352 3364
f 3369 3352 3351
f 3370 3363 3364
f 3352 3365 3364
f 3352 3353 3365
f 3369 3353 3352
f 3370 3364 3365
f 3353 3366 3365
f 3353 3354 3366
f 3369 3354 3353
f 3370 3365 3366
f 3354 3367 3366
f 3354 3355 3367
f 3369 3355 3354
f 3370 3366 3367
f 3355 3368 3367
f 3355 3356 3368
f 3369 3356 3355
f 3370 3367 3368
f 3356 3357 3368
f 3356 3345 3357
f 3369 3345 3356
f 3370 3368 3357
f 3371 3384 3383
f 3371 3372 3384
f 3395 3372 3371
f 3396 3383 3384
f 3372 3385 3384
f 3372 3373 3385
f 3395 3373 3372
f 3396 3384 3385
f 3373 3386 3385
f 3373 3374 3386
f 3395 3374 3373
f 3396 3385 3386
f 3374 3387 3386
f 3374 3375 3387
f 3395 3375 3374
f 3396 3386 3387
f 3375 3388 3387
f 3375 3376 3388
f 3395 3376 3375
f 3396 3387 3388
f 3376 3389 3388
f 3376 3377 3389
f 3395 3377 3376
f 3396 3388 3389
f 3377 3390 3389
f 3377 3378 3390
f 3395 3378 3377
f 3396 3389 3390
f 3378 3391 3390
f 3378 3379 3391
f 3395 3379 3378
f 3396 3390 3391
f 3379 3392 3391
f 3379 3380 3392
f 3395 3380 3379
f 3396 3391 3392
f 3380 3393 3392
f 3380 3381 3393
f 3395 3381 3380
f 3396 3392 3393
f 3381 3394 3393
f 3381 3382 3394
f 3395 3382 3381
f 3396 3393 3394
f 3382 3383 3394
f 3382 3371 3383
f 3395 3371 3382
f 3396 3394 3383
f 3397 3410 3409
f 3397 3398 3410
f 3421 3398 3397
f 3422 3409 3410
f 3398 3411 3410
f 3398 3399 3411
f 3421 3399 3398
f 3422 3410 3411
f 3399 3412 3411
f 3399 3400 3412
f 3421 3400 3399
f 3422 3411 3412
f 3400 3413 3412
f 3400 3401 3413
f 3421 3401 3400
f 3422 3412 3413
f 3401 3414 3413
f 3401 3402 3414
f 3421 3402 3401
f 3422 3413 3414
f 3402 3415 3414
f 3402 3403 3415
f 3421 3403 3402
f 3422 3414 3415
f 3403 3416 3415
f 3403 3404 3416
f 3421 3404 3403
f 3422 3415 3416
f 3404 3417 3416
f 3404 3405 3417
f 3421 3405 3404
f 3422 3416 3417
f 3405 3418 3417
f 3405 3406 3418
f 3421 3406 3405
f 3422 3417 3418
f 3406 3419 3418
f 3406 3407 3419
f 3421 3407 3406
f 3422 3418 3419
f 3407 3420 3419
f 3407 3408 3420
f 3421 3408 3407
f 3422 3419 3420
f 3408 3409 3420
f 3408 3397 3409
f 3421 3397 3408
f 3422 3420 3409
f 3423 3436 3435
f 3423 3424 3436
f 3447 3424 3423
f 3448 3435 3436
f 3424 3437 3436
f 3424 3425 3437
f 3447 3425 3424
f 3448 3436 3437
f 3425 3438 3437
f 3425 3426 3438
f 3447 3426 3425
f 3448 3437 3438
f 3426 3439 3438
f 3426 3427 3439
f 3447 3427 3426
f 3448 3438 3439
f 3427 3440 3439
f 3427 3428 3440
f 3447 3428 3427
f 3448 3439 3440
f 3428 3441 3440
f 3428 3429 3441
f 3447 3429 3428
f 3448 3440 3441
f 3429 3442 3441
f 3429 3430 3442
f 3447 3430 3429
f 3448 3441 3442
f 3430 3443 3442
f 3430 3431 3443
f 3447 3431 3430
f 3448 3442 3443
f 3431 3444 3443
f 3431 3432 3444
f 3447 3432 3431
f 3448 3443 3444
f 3432 3445 3444
f 3432 3433 3445
f 3447 3433 3432
f 3448 3444 3445
f 3433 3446 3445
f 3433 3434 3446
f 3447 3434 3433
f 3448 3445 3446
f 3434 3435 3446
f 3434 3423 3435
f 3447 3423 3434
f 3448 3446 3435
f 3449 3462 3461
f 3449 3450 3462
f 3473 3450 3449
f 3474 3461 3462
f 3450 3463 3462
f 3450 3451 3463
f 3473 3451 3450
f 3474 3462 3463
f 3451 3464 3463
f 3451 3452 3464
f 3473 3452 3451
f 3474 3463 3464
f 3452 3465 3464
f 3452 3453 3465
f 3473 3453 3452
f 3474 3464 3465
f 3453 3466 3465
f 3453 3454 3466
f 3473 3454 3453
f 3474 3465 3466
f 3454 3467 3466
f 3454 3455 3467
f 3473 3455 3454
f 3474 3466 3467
f 3455 3468 3467
f 3455 3456 3468
f 3473 3456 3455
f 3474 3467 3468
f 3456 3469 3468
f 3456 3457 3469
f 3473 3457 3456
f 3474 3468 3469
f 3457 3470 3469
f 3457 3458 3470
f 3473 3458 3457
f 3474 3469 3470
f 3458 3471 3470
f 3458 3459 3471
f 3473 3459 3458
f 3474 3470 3471
f 3459 3472 3471
f 3459 3460 3472
f 3473 3460 3459
f 3474 3471 3472
f 3460 3461 3472
f 3460 3449 3461
f 3473 3449 3460
f 3474 3472 3461
f 3475 3488 3487
f 3475 3476 3488
f 3499 3476 3475
f 3500 3487 3488
f 3476 3489 3488
f 3476 3477 3489
f 3499 3477 3476
f 3500 3488 3489
f 3477 3490 3489
f 3477 3478 3490
f 3499 3478 3477
f 3500 3489 3490
f 3478 3491 3490
f 3478 3479 3491
f 3499 3479 3478
f 3500 3490 3491
f 3479 3492 3491
f 3479 3480 3492
f 3499 3480 3479
f 3500 3491 3492
f 3480 3493 3492
f 3480 3481 3493
f 3499 3481 3480
f 3500 3492 3493
f 3481 3494 3493
f 3481 3482 3494
f 3499 3482 3481
f 3500 3493 3494
f 3482 3495 3494
f 3482 3483 3495
f 3499 3483 3482
f 3500 3494 3495
f 3483 3496 3495
f 3483 3484 3496
f 3499 3484 3483
f 3500 3495 3496
f 3484 3497 3496
f 3484 3485 3497
f 3499 3485 3484
f 3500 3496 3497
f 3485 3498 3497
f 3485 3486 3498
f 3499 3486 3485
f 3500 3497 3498
f 3486 3487 3498
f 3486 3475 3487
f 3499 3475 3486
f 3500 3498 3487
f 3501 3514 3513
f 3501 3502 3514
f 3502 3515 3514
f 3502 3503 3515
f 3503 3516 3515
f 3503 3504 3516
f 3504 3517 3516
f 3504 3505 3517
f 3505 3518 3517
f 3505 3506 3518
f 3506 3519 3518
f 3506 3507 3519
f 3507 3520 3519
f 3507 3508 3520
f 3508 3521 3520
f 3508 3509 3521
f 3509 3522 3521
f 3509 3510 3522
f 3510 3523 3522
f 3510 3511 3523
f 3511 3524 3523
f 3511 3512 3524
f 3512 3513 3524
f 3512 3501 3513
f 3513 3526 3525
f 3513 3514 3526
f 3514 3527 3526
f 3514 3515 3527
f 3515 3528 3527
f 3515 3516 3528
f 3516 3529 3528
f 3516 3517 3529
f 3517 3530 3529
f 3517 3518 3530
f 3518 3531 3530
f 3518 3519 3531
f 3519 3532 3531
f 3519 3520 3532
f 3520 3533 3532
f 3520 3521 3533
f 3521 3534 3533
f 3521 3522 3534
f 3522 3535 3534
f 3522 3523 3535
f 3523 3536 3535
f 3523 3524 3536
f 3524 3525 3536
f 3524 3513 3525
f 3525 3538 3537
f 3525 3526 3538
f 3526 3539 3538
f 3526 3527 3539
f 3527 3540 3539
f 3527 3528 3540
f 3528 3541 3540
f 3528 3529 3541
f 3529 3542 3541
f 3529 3530 3542
f 3530 3543 3542
f 3530 3531 3543
f 3531 3544 3543
f 3531 3532 3544
f 3532 3545 3544
f 3532 3533 3545
f 3533 3546 3545
f 3533 3534 3546
f 3534 3547 3546
f 3534 3535 3547
f 3535 3548 3547
f 3535 3536 3548
f 3536 3537 3548
f 3536 3525 3537
f 3537 3550 3549
f 3537 3538 3550
f 3538 3551 3550
f 3538 3539 3551
f 3539 3552 3551
f 3539 3540 3552
f 3540 3553 3552
f 3540 3541 3553
f 3541 3554 3553
f 3541 3542 3554
f 3542 3555 3554
f 3542 3543 3555
f 3543 3556 3555
f 3543 3544 3556
f 3544 3557 3556
f 3544 3545 3557
f 3545 3558 3557
f 3545 3546 3558
f 3546 3559 3558
f 3546 3547 3559
f 3547 3560 3559
f 3547 3548 3560
f 3548 3549 3560
f 3548 3537 3549
f 3549 3562 3561
f 3549 3550 3562
f 3550 3563 3562
f 3550 3551 3563
f 3551 3564 3563
f 3551 3552 3564
f 3552 3565 3564
f 3552 3553 3565
f 3553 3566 3565
f 3553 3554 3566
f 3554 3567 3566
f 3554 3555 3567
f 3555 3568 3567
f 3555 3556 3568
f 3556 3569 3568
f 3556 3557 3569
f 3557 3570 3569
f 3557 3558 3570
f 3558 3571 3570
f 3558 3559 3571
f 3559 3572 3571
f 3559 3560 3572
f 3560 3561 3572
f 3560 3549 3561
f 3561 3574 3573
f 3561 3562 3574
f 3562 3575 3574
f 3562 3563 3575
f 3563 3576 3575
f 3563 3564 3576
f 3564 3577 3576
f 3564 3565 3577
f 3565 3578 3577
f 3565 3566 3578
f 3566 3579 3578
f 3566 3567 3579
f 3567 3580 3579
f 3567 3568 3580
f 3568 3581 3580
f 3568 3569 3581
f 3569 3582 3581
f 3569 3570 3582
f 3570 3583 3582
f 3570 3571 3583
f 3571 3584 3583
f 3571 3572 3584
f 3572 3573 3584
f 3572 3561 3573
f 3573 3586 3585
f 3573 3574 3586
f 3574 3587 3586
f 3574 3575 3587
f 3575 3588 3587
f 3575 3576 3588
f 3576 3589 3588
f 3576 3577 3589
f 3577 3590 3589
f 3577 3578 3590
f 3578 3591 3590
f 3578 3579 3591
f 3579 3592 3591
f 3579 3580 3592
f 3580 3593 3592
f 3580 3581 3593
f 3581 3594 3593
f 3581 3582 3594
f 3582 3595 3594
f 3582 3583 3595
f 3583 3596 3595
f 3583 3584 3596
f 3584 3585 3596
f 3584 3573 3585
f 3597 3610 3609
f 3597 3598 3610
f 3598 3611 3610
f 3598 3599 3611
f 3599 3612 3611
f 3599 3600 3612
f 3600 3613 3612
f 3600 3601 3613
f 3601 3614 3613
f 3601 3602 3614
f 3602 3615 3614
f 3602 3603 3615
f 3603 3616 3615
f 3603 3604 3616
f 3604 3617 3616
f 3604 3605 3617
f 3605 3618 3617
f 3605 3606 3618
f 3606 3619 3618
f 3606 3607 3619
f 3607 3620 3619
f 3607 3608 3620
f 3608 3609 3620
f 3608 3597 3609
f 3609 3622 3621
f 3609 3610 3622
f 3610 3623 3622
f 3610 3611 3623
f 3611 3624 3623
f 3611 3612 3624
f 3612 3625 3624
f 3612 3613 3625
f 3613 3626 3625
f 3613 3614 3626
f 3614 3627 3626
f 3614 3615 3627
f 3615 3628 3627
f 3615 3616 3628
f 3616 3629 3628
f 3616 3617 3629
f 3617 3630 3629
f 3617 3618 3630
f 3618 3631 3630
f 3618 3619 3631
f 3619 3632 3631
f 3619 3620 3632
f 3620 3621 3632
f 3620 3609 3621
f 3621 3634 3633
f 3621 3622 3634
f 3622 3635 3634
f 3622 3623 3635
f 3623 3636 3635
f 3623 3624 3636
f 3624 3637 3636
f 3624 3625 3637
f 3625 3638 3637
f 3625 3626 3638
f 3626 3639 3638
f 3626 3627 3639
f 3627 3640 3639
f 3627 3628 3640
f 3628 3641 3640
f 3628 3629 3641
f 3629 3642 3641
f 3629 3630 3642
f 3630 3643 3642
f 3630 3631 3643
f 3631 3644 3643
f 3631 3632 3644
f 3632 3633 3644
f 3632 3621 3633
f 3633 3646 3645
f 3633 3634 3646
f 3634 3647 3646
f 3634 3635 3647
f 3635 3648 3647
f 3635 3636 3648
f 3636 3649 3648
f 3636 3637 3649
f 3637 3650 3649
f 3637 3638 3650
f 3638 3651 3650
f 3638 3639 3651
f 3639 3652 3651
f 3639 3640 3652
f 3640 3653 3652
f 3640 3641 3653
f 3641 3654 3653
f 3641 3642 3654
f 3642 3655 3654
f 3642 3643 3655
f 3643 3656 3655
f 3643 3644 3656
f 3644 3645 3656
f 3644 3633 3645
f 3645 3658 3657
f 3645 3646 3658
f 3646 3659 3658
f 3646 3647 3659
f 3647 3660 3659
f 3647 3648 3660
f 3648 3661 3660
f 3648 3649 3661
f 3649 3662 3661
f 3649 3650 3662
f 3650 3663 3662
f 3650 3651 3663
f 3651 3664 3663
f 3651 3652 3664
f 3652 3665 3664
f 3652 3653 3665
f 3653 3666 3665
f 3653 3654 3666
f 3654 3667 3666
f 3654 3655 3667
f 3655 3668 3667
f 3655 3656 3668
f 3656 3657 3668
f 3656 3645 3657
f 3657 3670 3669
f 3657 3658 3670
f 3658 3671 3670
f 3658 3659 3671
f 3659 3672 3671
f 3659 3660 3672
f 3660 3673 3672
f 3660 3661 3673
f 3661 3674 3673
f 3661 3662 3674
f 3662 3675 3674
f 3662 3663 3675
f 3663 3676 3675
f 3663 3664 3676
f 3664 3677 3676
f 3664 3665 3677
f 3665 3678 3677
f 3665 3666 3678
f 3666 3679 3678
f 3666 3667 3679
f 3667 3680 3679
f 3667 3668 3680
f 3668 3669 3680
f 3668 3657 3669
f 3669 3682 3681
f 3669 3670 3682
f 3670 3683 3682
f 3670 3671 3683
f 3671 3684 3683
f 3671 3672 3684
f 3672 3685 3684
f 3672 3673 3685
f 3673 3686 3685
f 3673 3674 3686
f 3674 3687 3686
f 3674 3675 3687
f 3675 3688 3687
f 3675 3676 3688
f 3676 3689 3688
f 3676 3677 3689
f 3677 3690 3689
f 3677 3678 3690
f 3678 3691 3690
f 3678 3679 3691
f 3679 3692 3691
f 3679 3680 3692
f 3680 3681 3692
f 3680 3669 3681
f 3693 3706 3705
f 3693 3694 3706
f 3694 3707 3706
f 3694 3695 3707
f 3695 3708 3707
f 3695 3696 3708
f 3696 3709 3708
f 3696 3697 3709
f 3697 3710 3709
f 3697 3698 3710
f 3698 3711 3710
f 3698 3699 3711
f 3699 3712 3711
f 3699 3700 3712
f 3700 3713 3712
f 3700 3701 3713
f 3701 3714 3713
f 3701 3702 3714
f 3702 3715 3714
f 3702 3703 3715
f 3703 3716 3715
f 3703 3704 3716
f 3704 3705 3716
f 3704 3693 3705
f 3705 3718 3717
f 3705 3706 3718
f 3706 3719 3718
f 3706 3707 3719
f 3707 3720 3719
f 3707 3708 3720
f 3708 3721 3720
f 3708 3709 3721
f 3709 3722 3721
f 3709 3710 3722
f 3710 3723 3722
f 3710 3711 3723
f 3711 3724 3723
f 3711 3712 3724
f 3712 3725 3724
f 3712 3713 3725
f 3713 3726 3725
f 3713 3714 3726
f 3714 3727 3726
f 3714 3715 3727
f 3715 3728 3727
f 3715 3716 3728
f 3716 3717 3728
f 3716 3705 3717
f 3717 3730 3729
f 3717 3718 3730
f 3718 3731 3730
f 3718 3719 3731
f 3719 3732 3731
f 3719 3720 3732
f 3720 3733 3732
f 3720 3721 3733
f 3721 3734 3733
f 3721 3722 3734
f 3722 3735 3734
f 3722 3723 3735
f 3723 3736 3735
f 3723 3724 3736
f 3724 3737 3736
f 3724 3725 3737
f 3725 3738 3737
f 3725 3726 3738
f 3726 3739 3738
f 3726 3727 3739
f 3727 3740 3739
f 3727 3728 3740
f 3728 3729 3740
f 3728 3717 3729
f 3729 3742 3741
f 3729 3730 3742
f 3730 3743 3742
f 3730 3731 3743
f 3731 3744 3743
f 3731 3732 3744
f 3732 3745 3744
f 3732 3733 3745
f 3733 3746 3745
f 3733 3734 3746
f 3734 3747 3746
f 3734 3735 3747
f 3735 3748 3747
f 3735 3736 3748
f 3736 3749 3748
f 3736 3737 3749
f 3737 3750 3749
f 3737 3738 3750
f 3738 3751 3750
f 3738 3739 3751
f 3739 3752 3751
f 3739 3740 3752
f 3740 3741 3752
f 3740 3729 3741
f 3741 3754 3753
f 3741 3742 3754
f 3742 3755 3754
f 3742 3743 3755
f 3743 3756 3755
f 3743 3744 3756
f 3744 3757 3756
f 3744 3745 3757
f 3745 3758 3757
f 3745 3746 3758
f 3746 3759 3758
f 3746 3747 3759
f 3747 3760 3759
f 3747 3748 3760
f 3748 3761 3760
f 3748 3749 3761
f 3749 3762 3761
f 3749 3750 3762
f 3750 3763 3762
f 3750 3751 3763
f 3751 3764 3763
f 3751 3752 3764
f 3752 3753 3764
f 3752 3741 3753
f 3753 3766 3765
f 3753 3754 3766
f 3754 3767 3766
f 3754 3755 3767
f 3755 3768 3767
f 3755 3756 3768
f 3756 3769 3768
f 3756 3757 3769
f 3757 3770 3769
f 3757 3758 3770
f 3758 3771 3770
f 3758 3759 3771
f 3759 3772 3771
f 3759 3760 3772
f 3760 3773 3772
f 3760 3761 3773
f 3761 3774 3773
f 3761 3762 3774
f 3762 3775 3774
f 3762 3763 3775
f 3763 3776 3775
f 3763 3764 3776
f 3764 3765 3776
f 3764 3753 3765
f 3765 3778 3777
f 3765 3766 3778
f 3766 3779 3778
f 3766 3767 3779
f 3767 3780 3779
f 3767 3768 3780
f 3768 3781 3780
f 3768 3769 3781
f 3769 3782 3781
f 3769 3770 3782
f 3770 3783 3782
f 3770 3771 3783
f 3771 3784 3783
f 3771 3772 3784
f 3772 3785 3784
f 3772 3773 3785
f 3773 3786 3785
f 3773 3774 3786
f 3774 3787 3786
f 3774 3775 3787
f 3775 3788 3787
f 3775 3776 3788
f 3776 3777 3788
f 3776 3765 3777
f 3789 3802 3801
f 3789 3790 3802
f 3790 3803 3802
f 3790 3791 3803
f 3791 3804 3803
f 3791 3792 3804
f 3792 3805 3804
f 3792 3793 3805
f 3793 3806 3805
f 3793 3794 3806
f 3794 3807 3806
f 3794 3795 3807
f 3795 3808 3807
f 3795 3796 3808
f 3796 3809 3808
f 3796 3797 3809
f 3797 3810 3809
f 3797 3798 3810
f 3798 3811 3810
f 3798 3799 3811
f 3799 3812 3811
f 3799 3800 3812
f 3800 3801 3812
f 3800 3789 3801
f 3801 3814 3813
f 3801 3802 3814
f 3802 3815 3814
f 3802 3803 3815
f 3803 3816 3815
f 3803 3804 3816
f 3804 3817 3816
f 3804 3805 3817
f 3805 3818 3817
f 3805 3806 3818
f 3806 3819 3818
f 3806 3807 3819
f 3807 3820 3819
f 3807 3808 3820
f 3808 3821 3820
f 3808 3809 3821
f 3809 3822 3821
f 3809 3810 3822
f 3810 3823 3822
f 3810 3811 3823
f 3811 3824 3823
f 3811 3812 3824
f 3812 3813 3824
f 3812 3801 3813
f 3813 3826 3825
f 3813 3814 3826
f 3814 3827 3826
f 3814 3815 3827
f 3815 3828 3827
f 3815 3816 3828
f 3816 3829 3828
f 3816 3817 3829
f 3817 3830 3829
f 3817 3818 3830
f 3818 3831 3830
f 3818 3819 3831
f 3819 3832 3831
f 3819 3820 3832
f 3820 3833 3832
f 3820 3821 3833
f 3821 3834 3833
f 3821 3822 3834
f 3822 3835 3834
f 3822 3823 3835
f 3823 3836 3835
f 3823 3824 3836
f 3824 3825 3836
f 3824 3813 3825
f 3825 3838 3837
f 3825 3826 3838
f 3826 3839 3838
f 3826 3827 3839
f 3827 3840 3839
f 3827 3828 3840
f 3828 3841 3840
f 3828 3829 3841
f 3829 3842 3841
f 3829 3830 3842
f 3830 3843 3842
f 3830 3831 3843
f 3831 3844 3843
f 3831 3832 3844
f 3832 3845 3844
f 3832 3833 3845
f 3833 3846 3845
f 3833 3834 3846
f 3834 3847 3846
f 3834 3835 3847
f 3835 3848 3847
f 3835 3836 3848
f 3836 3837 3848
f 3836 3825 3837
f 3837 3850 3849
f 3837 3838 3850
f 3838 3851 3850
f 3838 3839 3851
f 3839 3852 3851
f 3839 3840 3852
f 3840 3853 3852
f 3840 3841 3853
f 3841 3854 3853
f 3841 3842 3854
f 3842 3855 3854
f 3842 3843 3855
f 3843 3856 3855
f 3843 3844 3856
f 3844 3857 3856
f 3844 3845 3857
f 3845 3858 3857
f 3845 3846 3858
f 3846 3859 3858
f 3846 3847 3859
f 3847 3860 3859
f 3847 3848 3860
f 3848 3849 3860
f 3848 3837 3849
f 3849 3862 3861
f 3849 3850 3862
f 3850 3863 3862
f 3850 3851 3863
f 3851 3864 3863
f 3851 3852 3864
f 3852 3865 3864
f 3852 3853 3865
f 3853 3866 3865
f 3853 3854 3866
f 3854 3867 3866
f 3854 3855 3867
f 3855 3868 3867
f 3855 3856 3868
f 3856 3869 3868
f 3856 3857 3869
f 3857 3870 3869
f 3857 3858 3870
f 3858 3871 3870
f 3858 3859 3871
f 3859 3872 3871
f 3859 3860 3872
f 3860 3861 3872
f 3860 3849 3861
f 3861 3874 3873
f 3861 3862 3874
f 3862 3875 3874
f 3862 3863 3875
f 3863 3876 3875
f 3863 3864 3876
f 3864 3877 3876
f 3864 3865 3877
f 3865 3878 3877
f 3865 3866 3878
f 3866 3879 3878
f 3866 3867 3879
f 3867 3880 3879
f 3867 3868 3880
f 3868 3881 3880
f 3868 3869 3881
f 3869 3882 3881
f 3869 3870 3882
f 3870 3883 3882
f 3870 3871 3883
f 3871 3884 3883
f 3871 3872 3884
f 3872 3873 3884
f 3872 3861 3873
f 3885 3898 3897
f 3885 3886 3898
f 3909 3886 3885
f 3910 3897 3898
f 3886 3899 3898
f 3886 3887 3899
f 3909 3887 3886
f 3910 3898 3899
f 3887 3900 3899
f 3887 3888 3900
f 3909 3888 3887
f 3910 3899 3900
f 3888 3901 3900
f 3888 3889 3901
f 3909 3889 3888
f 3910 3900 3901
f 3889 3902 3901
f 3889 3890 3902
f 3909 3890 3889
f 3910 3901 3902
f 3890 3903 3902
f 3890 3891 3903
f 3909 3891 3890
f 3910 3902 3903
f 3891 3904 3903
f 3891 3892 3904
f 3909 3892 3891
f 3910 3903 3904
f 3892 3905 3904
f 3892 3893 3905
f 3909 3893 3892
f 3910 3904 3905
f 3893 3906 3905
f 3893 3894 3906
f 3909 3894 3893
f 3910 3905 3906
f 3894 3907 3906
f 3894 3895 3907
f 3909 3895 3894
f 3910 3906 3907
f 3895 3908 3907
f 3895 3896 3908
f 3909 3896 3895
f 3910 3907 3908
f 3896 3897 3908
f 3896 3885 3897
f 3909 3885 3896
f 3910 3908 3897
f 3911 3924 3923
f 3911 3912 3924
f 3935 3912 3911
f 3936 3923 3924
f 3912 3925 3924
f 3912 3913 3925
f 3935 3913 3912
f 3936 3924 3925
f 3913 3926 3925
f 3913 3914 3926
f 3935 3914 3913
f 3936 3925 3926
f 3914 3927 3926
f 3914 3915 3927
f 3935 3915 3914
f 3936 3926 3927
f 3915 3928 3927
f 3915 3916 3928
f 3935 3916 3915
f 3936 3927 3928
f 3916 3929 3928
f 3916 3917 3929
f 3935 3917 3916
f 3936 3928 3929
f 3917 3930 3929
f 3917 3918 3930
f 3935 3918 3917
f 3936 3929 3930
f 3918 3931 3930
f 3918 3919 3931
f 3935 3919 3918
f 3936 3930 3931
f 3919 3932 3931
f 3919 3920 3932
f 3935 3920 3919
f 3936 3931 3932
f 3920 3933 3932
f 3920 3921 3933
f 3935 3921 3920
f 3936 3932 3933
f 3921 3934 3933
f 3921 3922 3934
f 3935 3922 3921
f 3936 3933 3934
f 3922 3923 3934
f 3922 3911 3923
f 3935 3911 3922
f 3936 3934 3923
f 3937 3950 3949
f 3937 3938 3950
f 3961 3938 3937
f 3962 3949 3950
f 3938 3951 3950
f 3938 3939 3951
f 3961 3939 3938
f 3962 3950 3951
f 3939 3952 3951
f 3939 3940 3952
f 3961 3940 3939
f 3962 3951 3952
f 3940 3953 3952
f 3940 3941 3953
f 3961 3941 3940
f 3962 3952 3953
f 3941 3954 3953
f 3941 3942 3954
f 3961 3942 3941
f 3962 3953 3954
f 3942 3955 3954
f 3942 3943 3955
f 3961 3943 3942
f 3962 3954 3955
f 3943 3956 3955
f 3943 3944 3956
f 3961 3944 3943
f 3962 3955 3956
f 3944 3957 3956
f 3944 3945 3957
f 3961 3945 3944
f 3962 3956 3957
f 3945 3958 3957
f 3945 3946 3958
f 3961 3946 3945
f 3962 3957 3958
f 3946 3959 3958
f 3946 3947 3959
f 3961 3947 3946
f 3962 3958 3959
f 3947 3960 3959
f 3947 3948 3960
f 3961 3948 3947
f 3962 3959 3960
f 3948 3949 3960
f 3948 3937 3949
f 3961 3937 3948
f 3962 3960 3949
f 3963 3976 3975
f 3963 3964 3976
f 3987 3964 3963
f 3988 3975 3976
f 3964 3977 3976
f 3964 3965 3977
f 3987 3965 3964
f 3988 3976 3977
f 3965 3978 3977
f 3965 3966 3978
f 3987 3966 3965
f 3988 3977 3978
f 3966 3979 3978
f 3966 3967 3979
f 3987 3967 3966
f 3988 3978 3979
f 3967 3980 3979
f 3967 3968 3980
f 3987 3968 3967
f 3988 3979 3980
f 3968 3981 3980
f 3968 3969 3981
f 3987 3969 3968
f 3988 3980 3981
f 3969 3982 3981
f 3969 3970 3982
f 3987 3970 3969
f 3988 3981 3982
f 3970 3983 3982
f 3970 3971 3983
f 3987 3971 3970
f 3988 3982 3983
f 3971 3984 3983
f 3971 3972 3984
f 3987 3972 3971
f 3988 3983 3984
f 3972 3985 3984
f 3972 3973 3985
f 3987 3973 3972
f 3988 3984 3985
f 3973 3986 3985
f 3973 3974 3986
f 3987 3974 3973
f 3988 3985 3986
f 3974 3975 3986
f 3974 3963 3975
f 3987 3963 3974
f 3988 3986 3975
f 3989 4002 4001
f 3989 3990 4002
f 4013 3990 3989
f 4014 4001 4002
f 3990 4003 4002
f 3990 3991 4003
f 4013 3991 3990
f 4014 4002 4003
f 3991 4004 4003
f 3991 3992 4004
f 4013 3992 3991
f 4014 4003 4004
f 3992 4005 4004
f 3992 3993 4005
f 4013 3993 3992
f 4014 4004 4005
f 3993 4006 4005
f 3993 3994 4006
f 4013 3994 3993
f 4014 4005 4006
f 3994 4007 4006
f 3994 3995 4007
f 4013 3995 3994
f 4014 4006 4007
f 3995 4008 4007
f 3995 3996 4008
f 4013 3996 3995
f 4014 4007 4008
f 3996 4009 4008
f 3996 3997 4009
f 4013 3997 3996
f 4014 4008 4009
f 3997 4010 4009
f 3997 3998 4010
f 4013 3998 3997
f 4014 4009 4010
f 3998 4011 4010
f 3998 3999 4011
f 4013 3999 3998
f 4014 4010 4011
f 3999 4012 4011
f 3999 4000 4012
f 4013 4000 3999
f 4014 4011 4012
f 4000 4001 4012
f 4000 3989 4001
f 4013 3989 4000
f 4014 4012 4001
f 4015 4028 4027
f 4015 4016 4028
f 4016 4029 4028
f 4016 4017 4029
f 4017 4030 4029
f 4017 4018 4030
f 4018 4031 4030
f 4018 4019 4031
f 4019 4032 4031
f 4019 4020 4032
f 4020 4033 4032
f 4020 4021 4033
f 4021 4034 4033
f 4021 4022 4034
f 4022 4035 4034
f 4022 4023 4035
f 4023 4036 4035
f 4023 4024 4036
f 4024 4037 4036
f 4024 4025 4037
f 4025 4038 4037
f 4025 4026 4038
f 4026 4027 4038
f 4026 4015 4027
f 4027 4040 4039
f 4027 4028 4040
f 4028 4041 4040
f 4028 4029 4041
f 4029 4042 4041
f 4029 4030 4042
f 4030 4043 4042
f 4030 4031 4043
f 4031 4044 4043
f 4031 4032 4044
f 4032 4045 4044
f 4032 4033 4045
f 4033 4046 4045
f 4033 4034 4046
f 4034 4047 4046
f 4034 4035 4047
f 4035 4048 4047
f 4035 4036 4048
f 4036 4049 4048
f 4036 4037 4049
f 4037 4050 4049
f 4037 4038 4050
f 4038 4039 4050
f 4038 4027 4039
f 4039 4052 4051
f 4039 4040 4052
f 4040 4053 4052
f 4040 4041 4053
f 4041 4054 4053
f 4041 4042 4054
f 4042 4055 4054
f 4042 4043 4055
f 4043 4056 4055
f 4043 4044 4056
f 4044 4057 4056
f 4044 4045 4057
f 4045 4058 4057
f 4045 4046 4058
f 4046 4059 4058
f 4046 4047 4059
f 4047 4060 4059
f 4047 4048 4060
f 4048 4061 4060
f 4048 4049 4061
f 4049 4062 4061
f 4049 4050 4062
f 4050 4051 4062
f 4050 4039 4051
f 4051 4064 4063
f 4051 4052 4064
f 4052 4065 4064
f 4052 4053 4065
f 4053 4066 4065
f 4053 4054 4066
f 4054 4067 4066
f 4054 4055 4067
f 4055 4068 4067
f 4055 4056 4068
f 4056 4069 4068
f 4056 4057 4069
f 4057 4070 4069
f 4057 4058 4070
f 4058 4071 4070
f 4058 4059 4071
f 4059 4072 4071
f 4059 4060 4072
f 4060 4073 4072
f 4060 4061 4073
f 4061 4074 4073
f 4061 4062 4074
f 4062 4063 4074
f 4062 4051 4063
f 4063 4076 4075
f 4063 4064 4076
f 4064 4077 4076
f 4064 4065 4077
f 4065 4078 4077
f 4065 4066 4078
f 4066 4079 4078
f 4066 4067 4079
f 4067 4080 4079
f 4067 4068 4080
f 4068 4081 4080
f 4068 4069 4081
f 4069 4082 4081
f 4069 4070 4082
f 4070 4083 4082
f 4070 4071 4083
f 4071 4084 4083
f 4071 4072 4084
f 4072 4085 4084
f 4072 4073 4085
f 4073 4086 4085
f 4073 4074 4086
f 4074 4075 4086
f 4074 4063 4075
f 4075 4088 4087
f 4075 4076 4088
f 4076 4089 4088
f 4076 4077 4089
f 4077 4090 4089
f 4077 4078 4090
f 4078 4091 4090
f 4078 4079 4091
f 4079 4092 4091
f 4079 4080 4092
f 4080 4093 4092
f 4080 4081 4093
f 4081 4094 4093
f 4081 4082 4094
f 4082 4095 4094
f 4082 4083 4095
f 4083 4096 4095
f 4083 4084 4096
f 4084 4097 4096
f 4084 4085 4097
f 4085 4098 4097
f 4085 4086 4098
f 4086 4087 4098
f 4086 4075 4087
f 4087 4100 4099
f 4087 4088 4100
f 4088 4101 4100
f 4088 4089 4101
f 4089 4102 4101
f 4089 4090 4102
f 4090 4103 4102
f 4090 4091 4103
f 4091 4104 4103
f 4091 4092 4104
f 4092 4105 4104
f 4092 4093 4105
f 4093 4106 4105
f 4093 4094 4106
f 4094 4107 4106
f 4094 4095 4107
f 4095 4108 4107
f 4095 4096 4108
f 4096 4109 4108
f 4096 4097 4109
f 4097 4110 4109
f 4097 4098 4110
f 4098 4099 4110
f 4098 4087 4099
f 4099 4112 4111
f 4099 4100 4112
f 4100 4113 4112
f 4100 4101 4113
f 4101 4114 4113
f 4101 4102 4114
f 4102 4115 4114
f 4102 4103 4115
f 4103 4116 4115
f 4103 4104 4116
f 4104 4117 4116
f 4104 4105 4117
f 4105 4118 4117
f 4105 4106 4118
f 4106 4119 4118
f 4106 4107 4119
f 4107 4120 4119
f 4107 4108 4120
f 4108 4121 4120
f 4108 4109 4121
f 4109 4122 4121
f 4109 4110 4122
f 4110 4111 4122
f 4110 4099 4111
f 4123 4136 4135
f 4123 4124 4136
f 4147 4124 4123
f 4148 4135 4136
f 4124 4137 4136
f 4124 4125 4137
f 4147 4125 4124
f 4148 4136 4137
f 4125 4138 4137
f 4125 4126 4138
f 4147 4126 4125
f 4148 4137 4138
f 4126 4139 4138
f 4126 4127 4139
f 4147 4127 4126
f 4148 4138 4139
f 4127 4140 4139
f 4127 4128 4140
f 4147 4128 4127
f 4148 4139 4140
f 4128 4141 4140
f 4128 4129 4141
f 4147 4129 4128
f 4148 4140 4141
f 4129 4142 4141
f 4129 4130 4142
f 4147 4130 4129
f 4148 4141 4142
f 4130 4143 4142
f 4130 4131 4143
f 4147 4131 4130
f 4148 4142 4143
f 4131 4144 4143
f 4131 4132 4144
f 4147 4132 4131
f 4148 4143 4144
f 4132 4145 4144
f 4132 4133 4145
f 4147 4133 4132
f 4148 4144 4145
f 4133 4146 4145
f 4133 4134 4146
f 4147 4134 4133
f 4148 4145 4146
f 4134 4135 4146
f 4134 4123 4135
f 4147 4123 4134
f 4148 4146 4135
f 4149 4162 4161
f 4149 4150 4162
f 4173 4150 4149
f 4174 4161 4162
f 4150 4163 4162
f 4150 4151 4163
f 4173 4151 4150
f 4174 4162 4163
f 4151 4164 4163
f 4151 4152 4164
f 4173 4152 4151
f 4174 4163 4164
f 4152 4165 4164
f 4152 4153 4165
f 4173 4153 4152
f 4174 4164 4165
f 4153 4166 4165
f 4153 4154 4166
f 4173 4154 4153
f 4174 4165 4166
f 4154 4167 4166
f 4154 4155 4167
f 4173 4155 4154
f 4174 4166 4167
f 4155 4168 4167
f 4155 4156 4168
f 4173 4156 4155
f 4174 4167 4168
f 4156 4169 4168
f 4156 4157 4169
f 4173 4157 4156
f 4174 4168 4169
f 4157 4170 4169
f 4157 4158 4170
f 4173 4158 4157
f 4174 4169 4170
f 4158 4171 4170
f 4158 4159 4171
f 4173 4159 4158
f 4174 4170 4171
f 4159 4172 4171
f 4159 4160 4172
f 4173 4160 4159
f 4174 4171 4172
f 4160 4161 4172
f 4160 4149 4161
f 4173 4149 4160
f 4174 4172 4161
f 4175 4184 4183
f 4175 4176 4184
f 4191 4176 4175
f 4192 4183 4184
f 4176 4185 4184
f 4176 4177 4185
f 4191 4177 4176
f 4192 4184 4185
f 4177 4186 4185
f 4177 4178 4186
f 4191 4178 4177
f 4192 4185 4186
f 4178 4187 4186
f 4178 4179 4187
f 4191 4179 4178
f 4192 4186 4187
f 4179 4188 4187
f 4179 4180 4188
f 4191 4180 4179
f 4192 4187 4188
f 4180 4189 4188
f 4180 4181 4189
f 4191 4181 4180
f 4192 4188 4189
f 4181 4190 4189
f 4181 4182 4190
f 4191 4182 4181
f 4192 4189 4190
f 4182 4183 4190
f 4182 4175 4183
f 4191 4175 4182
f 4192 4190 4183
f 4193 4202 4201
f 4193 4194 4202
f 4209 4194 4193
f 4210 4201 4202
f 4194 4203 4202
f 4194 4195 4203
f 4209 4195 4194
f 4210 4202 4203
f 4195 4204 4203
f 4195 4196 4204
f 4209 4196 4195
f 4210 4203 4204
f 4196 4205 4204
f 4196 4197 4205
f 4209 4197 4196
f 4210 4204 4205
f 4197 4206 4205
f 4197 4198 4206
f 4209 4198 4197
f 4210 4205 4206
f 4198 4207 4206
f 4198 4199 4207
f 4209 4199 4198
f 4210 4206 4207
f 4199 4208 4207
f 4199 4200 4208
f 4209 4200 4199
f 4210 4207 4208
f 4200 4201 4208
f 4200 4193 4201
f 4209 4193 4200
f 4210 4208 4201
f 4211 4220 4219
f 4211 4212 4220
f 4227 4212 4211
f 4228 4219 4220
f 4212 4221 4220
f 4212 4213 4221
f 4227 4213 4212
f 4228 4220 4221
f 4213 4222 4221
f 4213 4214 4222
f 4227 4214 4213
f 4228 4221 4222
f 4214 4223 4222
f 4214 4215 4223
f 4227 4215 4214
f 4228 4222 4223
f 4215 4224 4223
f 4215 4216 4224
f 4227 4216 4215
f 4228 4223 4224
f 4216 4225 4224
f 4216 4217 4225
f 4227 4217 4216
f 4228 4224 4225
f 4217 4226 4225
f 4217 4218 4226
f 4227 4218 4217
f 4228 4225 4226
f 4218 4219 4226
f 4218 4211 4219
f 4227 4211 4218
f 4228 4226 4219
f 4229 4242 4241
f 4229 4230 4242
f 4230 4243 4242
f 4230 4231 4243
f 4231 4244 4243
f 4231 4232 4244
f 4232 4245 4244
f 4232 4233 4245
f 4233 4246 4245
f 4233 4234 4246
f 4234 4247 4246
f 4234 4235 4247
f 4235 4248 4247
f 4235 4236 4248
f 4236 4249 4248
f 4236 4237 4249
f 4237 4250 4249
f 4237 4238 4250
f 4238 4251 4250
f 4238 4239 4251
f 4239 4252 4251
f 4239 4240 4252
f 4240 4241 4252
f 4240 4229 4241
f 4241 4254 4253
f 4241 4242 4254
f 4242 4255 4254
f 4242 4243 4255
f 4243 4256 4255
f 4243 4244 4256
f 4244 4257 4256
f 4244 4245 4257
f 4245 4258 4257
f 4245 4246 4258
f 4246 4259 4258
f 4246 4247 4259
f 4247 4260 4259
f 4247 4248 4260
f 4248 4261 4260
f 4248 4249 4261
f 4249 4262 4261
f 4249 4250 4262
f 4250 4263 4262
f 4250 4251 4263
f 4251 4264 4263
f 4251 4252 4264
f 4252 4253 4264
f 4252 4241 4253
f 4253 4266 4265
f 4253 4254 4266
f 4254 4267 4266
f 4254 4255 4267
f 4255 4268 4267
f 4255 4256 4268
f 4256 4269 4268
f 4256 4257 4269
f 4257 4270 4269
f 4257 4258 4270
f 4258 4271 4270
f 4258 4259 4271
f 4259 4272 4271
f 4259 4260 4272
f 4260 4273 4272
f 4260 4261 4273
f 4261 4274 4273
f 4261 4262 4274
f 4262 4275 4274
f 4262 4263 4275
f 4263 4276 4275
f 4263 4264 4276
f 4264 4265 4276
f 4264 4253 4265
f 4265 4278 4277
f 4265 4266 4278
f 4266 4279 4278
f 4266 4267 4279
f 4267 4280 4279
f 4267 4268 4280
f 4268 4281 4280
f 4268 4269 4281
f 4269 4282 4281
f 4269 4270 4282
f 4270 4283 4282
f 4270 4271 4283
f 4271 4284 4283
f 4271 4272 4284
f 4272 4285 4284
f 4272 4273 4285
f 4273 4286 4285
f 4273 4274 4286
f 4274 4287 4286
f 4274 4275 4287
f 4275 4288 4287
f 4275 4276 4288
f 4276 4277 4288
f 4276 4265 4277
f 4277 4290 4289
f 4277 4278 4290
f 4278 4291 4290
f 4278 4279 4291
f 4279 4292 4291
f 4279 4280 4292
f 4280 4293 4292
f 4280 4281 4293
f 4281 4294 4293
f 4281 4282 4294
f 4282 4295 4294
f 4282 4283 4295
f 4283 4296 4295
f 4283 4284 4296
f 4284 4297 4296
f 4284 4285 4297
f 4285 4298 4297
f 4285 4286 4298
f 4286 4299 4298
f 4286 4287 4299
f 4287 4300 4299
f 4287 4288 4300
f 4288 4289 4300
f 4288 4277 4289
f 4289 4302 4301
f 4289 4290 4302
f 4290 4303 4302
f 4290 4291 4303
f 4291 4304 4303
f 4291 4292 4304
f 4292 4305 4304
f 4292 4293 4305
f 4293 4306 4305
f 4293 4294 4306
f 4294 4307 4306
f 4294 4295 4307
f 4295 4308 4307
f 4295 4296 4308
f 4296 4309 4308
f 4296 4297 4309
f 4297 4310 4309
f 4297 4298 4310
f 4298 4311 4310
f 4298 4299 4311
f 4299 4312 4311
f 4299 4300 4312
f 4300 4301 4312
f 4300 4289 4301
f 4301 4314 4313
f 4301 4302 4314
f 4302 4315 4314
f 4302 4303 4315
f 4303 4316 4315
f 4303 4304 4316
f 4304 4317 4316
f 4304 4305 4317
f 4305 4318 4317
f 4305 4306 4318
f 4306 4319 4318
f 4306 4307 4319
f 4307 4320 4319
f 4307 4308 4320
f 4308 4321 4320
f 4308 4309 4321
f 4309 4322 4321
f 4309 4310 4322
f 4310 4323 4322
f 4310 4311 4323
f 4311 4324 4323
f 4311 4312 4324
f 4312 4313 4324
f 4312 4301 4313
f 4313 4326 4325
f 4313 4314 4326
f 4314 4327 4326
f 4314 4315 4327
f 4315 4328 4327
f 4315 4316 4328
f 4316 4329 4328
f 4316 4317 4329
f 4317 4330 4329
f 4317 4318 4330
f 4318 4331 4330
f 4318 4319 4331
f 4319 4332 4331
f 4319 4320 4332
f 4320 4333 4332
f 4320 4321 4333
f 4321 4334 4333
f 4321 4322 4334
f 4322 4335 4334
f 4322 4323 4335
f 4323 4336 4335
f 4323 4324 4336
f 4324 4325 4336
f 4324 4313 4325
f 4337 4350 4349
f 4337 4338 4350
f 4361 4338 4337
f 4362 4349 4350
f 4338 4351 4350
f 4338 4339 4351
f 4361 4339 4338
f 4362 4350 4351
f 4339 4352 4351
f 4339 4340 4352
f 4361 4340 4339
f 4362 4351 4352
f 4340 4353 4352
f 4340 4341 4353
f 4361 4341 4340
f 4362 4352 4353
f 4341 4354 4353
f 4341 4342 4354
f 4361 4342 4341
f 4362 4353 4354
f 4342 4355 4354
f 4342 4343 4355
f 4361 4343 4342
f 4362 4354 4355
f 4343 4356 4355
f 4343 4344 4356
f 4361 4344 4343
f 4362 4355 4356
f 4344 4357 4356
f 4344 4345 4357
f 4361 4345 4344
f 4362 4356 4357
f 4345 4358 4357
f 4345 4346 4358
f 4361 4346 4345
f 4362 4357 4358
f 4346 4359 4358
f 4346 4347 4359
f 4361 4347 4346
f 4362 4358 4359
f 4347 4360 4359
f 4347 4348 4360
f 4361 4348 4347
f 4362 4359 4360
f 4348 4349 4360
f 4348 4337 4349
f 4361 4337 4348
f 4362 4360 4349
f 4363 4376 4375
f 4363 4364 4376
f 4387 4364 4363
f 4388 4375 4376
f 4364 4377 4376
f 4364 4365 4377
f 4387 4365 4364
f 4388 4376 4377
f 4365 4378 4377
f 4365 4366 4378
f 4387 4366 4365
f 4388 4377 4378
f 4366 4379 4378
f 4366 4367 4379
f 4387 4367 4366
f 4388 4378 4379
f 4367 4380 4379
f 4367 4368 4380
f 4387 4368 4367
f 4388 4379 4380
f 4368 4381 4380
f 4368 4369 4381
f 4387 4369 4368
f 4388 4380 4381
f 4369 4382 4381
f 4369 4370 4382
f 4387 4370 4369
f 4388 4381 4382
f 4370 4383 4382
f 4370 4371 4383
f 4387 4371 4370
f 4388 4382 4383
f 4371 4384 4383
f 4371 4372 4384
f 4387 4372 4371
f 4388 4383 4384
f 4372 4385 4384
f 4372 4373 4385
f 4387 4373 4372
f 4388 4384 4385
f 4373 4386 4385
f 4373 4374 4386
f 4387 4374 4373
f 4388 4385 4386
f 4374 4375 4386
f 4374 4363 4375
f 4387 4363 4374
f 4388 4386 4375
f 4389 4398 4397
f 4389 4390 4398
f 4405 4390 4389
f 4406 4397 4398
f 4390 4399 4398
f 4390 4391 4399
f 4405 4391 4390
f 4406 4398 4399
f 4391 4400 4399
f 4391 4392 4400
f 4405 4392 4391
f 4406 4399 4400
f 4392 4401 4400
f 4392 4393 4401
f 4405 4393 4392
f 4406 4400 4401
f 4393 4402 4401
f 4393 4394 4402
f 4405 4394 4393
f 4406 4401 4402
f 4394 4403 4402
f 4394 4395 4403
f 4405 4395 4394
f 4406 4402 4403
f 4395 4404 4403
f 4395 4396 4404
f 4405 4396 4395
f 4406 4403 4404
f 4396 4397 4404
f 4396 4389 4397
f 4405 4389 4396
f 4406 4404 4397
f 4407 4416 4415
f 4407 4408 4416
f 4423 4408 4407
f 4424 4415 4416
f 4408 4417 4416
f 4408 4409 4417
f 4423 4409 4408
f 4424 4416 4417
f 4409 4418 4417
f 4409 4410 4418
f 4423 4410 4409
f 4424 4417 4418
f 4410 4419 4418
f 4410 4411 4419
f 4423 4411 4410
f 4424 4418 4419
f 4411 4420 4419
f 4411 4412 4420
f 4423 4412 4411
f 4424 4419 4420
f 4412 4421 4420
f 4412 4413 4421
f 4423 4413 4412
f 4424 4420 4421
f 4413 4422 4421
f 4413 4414 4422
f 4423 4414 4413
f 4424 4421 4422
f 4414 4415 4422
f 4414 4407 4415
f 4423 4407 4414
f 4424 4422 4415
f 4425 4434 4433
f 4425 4426 4434
f 4441 4426 4425
f 4442 4433 4434
f 4426 4435 4434
f 4426 4427 4435
f 4441 4427 4426
f 4442 4434 4435
f 4427 4436 4435
f 4427 4428 4436
f 4441 4428 4427
f 4442 4435 4436
f 4428 4437 4436
f 4428 4429 4437
f 4441 4429 4428
f 4442 4436 4437
f 4429 4438 4437
f 4429 4430 4438
f 4441 4430 4429
f 4442 4437 4438
f 4430 4439 4438
f 4430 4431 4439
f 4441 4431 4430
f 4442 4438 4439
f 4431 4440 4439
f 4431 4432 4440
f 4441 4432 4431
f 4442 4439 4440
f 4432 4433 4440
f 4432 4425 4433
f 4441 4425 4432
f 4442 4440 4433
f 4443 4456 4455
f 4443 4444 4456
f 4444 4457 4456
f 4444 4445 4457
f 4445 4458 4457
f 4445 4446 4458
f 4446 4459 4458
f 4446 4447 4459
f 4447 4460 4459
f 4447 4448 4460
f 4448 4461 4460
f 4448 4449 4461
f 4449 4462 4461
f 4449 4450 4462
f 4450 4463 4462
f 4450 4451 4463
f 4451 4464 4463
f 4451 4452 4464
f 4452 4465 4464
f 4452 4453 4465
f 4453 4466 4465
f 4453 4454 4466
f 4454 4455 4466
f 4454 4443 4455
f 4455 4468 4467
f 4455 4456 4468
f 4456 4469 4468
f 4456 4457 4469
f 4457 4470 4469
f 4457 4458 4470
f 4458 4471 4470
f 4458 4459 4471
f 4459 4472 4471
f 4459 4460 4472
f 4460 4473 4472
f 4460 4461 4473
f 4461 4474 4473
f 4461 4462 4474
f 4462 4475 4474
f 4462 4463 4475
f 4463 4476 4475
f 4463 4464 4476
f 4464 4477 4476
f 4464 4465 4477
f 4465 4478 4477
f 4465 4466 4478
f 4466 4467 4478
f 4466 4455 4467
f 4467 4480 4479
f 4467 4468 4480
f 4468 4481 4480
f 4468 4469 4481
f 4469 4482 4481
f 4469 4470 4482
f 4470 4483 4482
f 4470 4471 4483
f 4471 4484 4483
f 4471 4472 4484
f 4472 4485 4484
f 4472 4473 4485
f 4473 4486 4485
f 4473 4474 4486
f 4474 4487 4486
f 4474 4475 4487
f 4475 4488 4487
f 4475 4476 4488
f 4476 4489 4488
f 4476 4477 4489
f 4477 4490 4489
f 4477 4478 4490
f 4478 4479 4490
f 4478 4467 4479
f 4479 4492 4491
f 4479 4480 4492
f 4480 4493 4492
f 4480 4481 4493
f 4481 4494 4493
f 4481 4482 4494
f 4482 4495 4494
f 4482 4483 4495
f 4483 4496 4495
f 4483 4484 4496
f 4484 4497 4496
f 4484 4485 4497
f 4485 4498 4497
f 4485 4486 4498
f 4486 4499 4498
f 4486 4487 4499
f 4487 4500 4499
f 4487 4488 4500
f 4488 4501 4500
f 4488 4489 4501
f 4489 4502 4501
f 4489 4490 4502
f 4490 4491 4502
f 4490 4479 4491
f 4491 4504 4503
f 4491 4492 4504
f 4492 4505 4504
f 4492 4493 4505
f 4493 4506 4505
f 4493 4494 4506
f 4494 4507 4506
f 4494 4495 4507
f 4495 4508 4507
f 4495 4496 4508
f 4496 4509 4508
f 4496 4497 4509
f 4497 4510 4509
f 4497 4498 4510
f 4498 4511 4510
f 4498 4499 4511
f 4499 4512 4511
f 4499 4500 4512
f 4500 4513 4512
f 4500 4501 4513
f 4501 4514 4513
f 4501 4502 4514
f 4502 4503 4514
f 4502 4491 4503
f 4503 4516 4515
f 4503 4504 4516
f 4504 4517 4516
f 4504 4505 4517
f 4505 4518 4517
f 4505 4506 4518
f 4506 4519 4518
f 4506 4507 4519
f 4507 4520 4519
f 4507 4508 4520
f 4508 4521 4520
f 4508 4509 4521
f 4509 4522 4521
f 4509 4510 4522
f 4510 4523 4522
f 4510 4511 4523
f 4511 4524 4523
f 4511 4512 4524
f 4512 4525 4524
f 4512 4513 4525
f 4513 4526 4525
f 4513 4514 4526
f 4514 4515 4526
f 4514 4503 4515
f 4515 4528 4527
f 4515 4516 4528
f 4516 4529 4528
f 4516 4517 4529
f 4517 4530 4529
f 4517 4518 4530
f 4518 4531 4530
f 4518 4519 4531
f 4519 4532 4531
f 4519 4520 4532
f 4520 4533 4532
f 4520 4521 4533
f 4521 4534 4533
f 4521 4522 4534
f 4522 4535 4534
f 4522 4523 4535
f 4523 4536 4535
f 4523 4524 4536
f 4524 4537 4536
f 4524 4525 4537
f 4525 4538 4537
f 4525 4526 4538
f 4526 4527 4538
f 4526 4515 4527
f 4527 4540 4539
f 4527 4528 4540
f 4528 4541 4540
f 4528 4529 4541
f 4529 4542 4541
f 4529 4530 4542
f 4530 4543 4542
f 4530 4531 4543
f 4531 4544 4543
f 4531 4532 4544
f 4532 4545 4544
f 4532 4533 4545
f 4533 4546 4545
f 4533 4534 4546
f 4534 4547 4546
f 4534 4535 4547
f 4535 4548 4547
f 4535 4536 4548
f 4536 4549 4548
f 4536 4537 4549
f 4537 4550 4549
f 4537 4538 4550
f 4538 4539 4550
f 4538 4527 4539
f 4551 4564 4563
f 4551 4552 4564
f 4575 4552 4551
f 4576 4563 4564
f 4552 4565 4564
f 4552 4553 4565
f 4575 4553 4552
f 4576 4564 4565
f 4553 4566 4565
f 4553 4554 4566
f 4575 4554 4553
f 4576 4565 4566
f 4554 4567 4566
f 4554 4555 4567
f 4575 4555 4554
f 4576 4566 4567
f 4555 4568 4567
f 4555 4556 4568
f 4575 4556 4555
f 4576 4567 4568
f 4556 4569 4568
f 4556 4557 4569
f 4575 4557 4556
f 4576 4568 4569
f 4557 4570 4569
f 4557 4558 4570
f 4575 4558 4557
f 4576 4569 4570
f 4558 4571 4570
f 4558 4559 4571
f 4575 4559 4558
f 4576 4570 4571
f 4559 4572 4571
f 4559 4560 4572
f 4575 4560 4559
f 4576 4571 4572
f 4560 4573 4572
f 4560 4561 4573
f 4575 4561 4560
f 4576 4572 4573
f 4561 4574 4573
f 4561 4562 4574
f 4575 4562 4561
f 4576 4573 4574
f 4562 4563 4574
f 4562 4551 4563
f 4575 4551 4562
f 4576 4574 4563
f 4577 4590 4589
f 4577 4578 4590
f 4601 4578 4577
f 4602 4589 4590
f 4578 4591 4590
f 4578 4579 4591
f 4601 4579 4578
f 4602 4590 4591
f 4579 4592 4591
f 4579 4580 4592
f 4601 4580 4579
f 4602 4591 4592
f 4580 4593 4592
f 4580 4581 4593
f 4601 4581 4580
f 4602 4592 4593
f 4581 4594 4593
f 4581 4582 4594
f 4601 4582 4581
f 4602 4593 4594
f 4582 4595 4594
f 4582 4583 4595
f 4601 4583 4582
f 4602 4594 4595
f 4583 4596 4595
f 4583 4584 4596
f 4601 4584 4583
f 4602 4595 4596
f 4584 4597 4596
f 4584 4585 4597
f 4601 4585 4584
f 4602 4596 4597
f 4585 4598 4597
f 4585 4586 4598
f 4601 4586 4585
f 4602 4597 4598
f 4586 4599 4598
f 4586 4587 4599
f 4601 4587 4586
f 4602 4598 4599
f 4587 4600 4599
f 4587 4588 4600
f 4601 4588 4587
f 4602 4599 4600
f 4588 4589 4600
f 4588 4577 4589
f 4601 4577 4588
f 4602 4600 4589
f 4603 4612 4611
f 4603 4604 4612
f 4619 4604 4603
f 4620 4611 4612
f 4604 4613 4612
f 4604 4605 4613
f 4619 4605 4604
f 4620 4612 4613
f 4605 4614 4613
f 4605 4606 4614
f 4619 4606 4605
f 4620 4613 4614
f 4606 4615 4614
f 4606 4607 4615
f 4619 4607 4606
f 4620 4614 4615
f 4607 4616 4615
f 4607 4608 4616
f 4619 4608 4607
f 4620 4615 4616
f 4608 4617 4616
f 4608 4609 4617
f 4619 4609 4608
f 4620 4616 4617
f 4609 4618 4617
f 4609 4610 4618
f 4619 4610 4609
f 4620 4617 4618
f 4610 4611 4618
f 4610 4603 4611
f 4619 4603 4610
f 4620 4618 4611
f 4621 4630 4629
f 4621 4622 4630
f 4637 4622 4621
f 4638 4629 4630
f 4622 4631 4630
f 4622 4623 4631
f 4637 4623 4622
f 4638 4630 4631
f 4623 4632 4631
f 4623 4624 4632
f 4637 4624 4623
f 4638 4631 4632
f 4624 4633 4632
f 4624 4625 4633
f 4637 4625 4624
f 4638 4632 4633
f 4625 4634 4633
f 4625 4626 4634
f 4637 4626 4625
f 4638 4633 4634
f 4626 4635 4634
f 4626 4627 4635
f 4637 4627 4626
f 4638 4634 4635
f 4627 4636 4635
f 4627 4628 4636
f 4637 4628 4627
f 4638 4635 4636
f 4628 4629 4636
f 4628 4621 4629
f 4637 4621 4628
f 4638 4636 4629
f 4639 4648 4647
f 4639 4640 4648
f 4655 4640 4639
f 4656 4647 4648
f 4640 4649 4648
f 4640 4641 4649
f 4655 4641 4640
f 4656 4648 4649
f 4641 4650 4649
f 4641 4642 4650
f 4655 4642 4641
f 4656 4649 4650
f 4642 4651 4650
f 4642 4643 4651
f 4655 4643 4642
f 4656 4650 4651
f 4643 4652 4651
f 4643 4644 4652
f 4655 4644 4643
f 4656 4651 4652
f 4644 4653 4652
f 4644 4645 4653
f 4655 4645 4644
f 4656 4652 4653
f 4645 4654 4653
f 4645 4646 4654
f 4655 4646 4645
f 4656 4653 4654
f 4646 4647 4654
f 4646 4639 4647
f 4655 4639 4646
f 4656 4654 4647
f 4657 4670 4669
f 4657 4658 4670
f 4658 4671 4670
f 4658 4659 4671
f 4659 4672 4671
f 4659 4660 4672
f 4660 4673 4672
f 4660 4661 4673
f 4661 4674 4673
f 4661 4662 4674
f 4662 4675 4674
f 4662 4663 4675
f 4663 4676 4675
f 4663 4664 4676
f 4664 4677 4676
f 4664 4665 4677
f 4665 4678 4677
f 4665 4666 4678
f 4666 4679 4678
f 4666 4667 4679
f 4667 4680 4679
f 4667 4668 4680
f 4668 4669 4680
f 4668 4657 4669
f 4669 4682 4681
f 4669 4670 4682
f 4670 4683 4682
f 4670 4671 4683
f 4671 4684 4683
f 4671 4672 4684
f 4672 4685 4684
f 4672 4673 4685
f 4673 4686 4685
f 4673 4674 4686
f 4674 4687 4686
f 4674 4675 4687
f 4675 4688 4687
f 4675 4676 4688
f 4676 4689 4688
f 4676 4677 4689
f 4677 4690 4689
f 4677 4678 4690
f 4678 4691 4690
f 4678 4679 4691
f 4679 4692 4691
f 4679 4680 4692
f 4680 4681 4692
f 4680 4669 4681
f 4681 4694 4693
f 4681 4682 4694
f 4682 4695 4694
f 4682 4683 4695
f 4683 4696 4695
f 4683 4684 4696
f 4684 4697 4696
f 4684 4685 4697
f 4685 4698 4697
f 4685 4686 4698
f 4686 4699 4698
f 4686 4687 4699
f 4687 4700 4699
f 4687 4688 4700
f 4688 4701 4700
f 4688 4689 4701
f 4689 4702 4701
f 4689 4690 4702
f 4690 4703 4702
f 4690 4691 4703
f 4691 4704 4703
f 4691 4692 4704
f 4692 4693 4704
f 4692 4681 4693
f 4693 4706 4705
f 4693 4694 4706
f 4694 4707 4706
f 4694 4695 4707
f 4695 4708 4707
f 4695 4696 4708
f 4696 4709 4708
f 4696 4697 4709
f 4697 4710 4709
f 4697 4698 4710
f 4698 4711 4710
f 4698 4699 4711
f 4699 4712 4711
f 4699 4700 4712
f 4700 4713 4712
f 4700 4701 4713
f 4701 4714 4713
f 4701 4702 4714
f 4702 4715 4714
f 4702 4703 4715
f 4703 4716 4715
f 4703 4704 4716
f 4704 4705 4716
f 4704 4693 4705
f 4705 4718 4717
f 4705 4706 4718
f 4706 4719 4718
f 4706 4707 4719
f 4707 4720 4719
f 4707 4708 4720
f 4708 4721 4720
f 4708 4709 4721
f 4709 4722 4721
f 4709 4710 4722
f 4710 4723 4722
f 4710 4711 4723
f 4711 4724 4723
f 4711 4712 4724
f 4712 4725 4724
f 4712 4713 4725
f 4713 4726 4725
f 4713 4714 4726
f 4714 4727 4726
f 4714 4715 4727
f 4715 4728 4727
f 4715 4716 4728
f 4716 4717 4728
f 4716 4705 4717
f 4717 4730 4729
f 4717 4718 4730
f 4718 4731 4730
f 4718 4719 4731
f 4719 4732 4731
f 4719 4720 4732
f 4720 4733 4732
f 4720 4721 4733
f 4721 4734 4733
f 4721 4722 4734
f 4722 4735 4734
f 4722 4723 4735
f 4723 4736 4735
f 4723 4724 4736
f 4724 4737 4736
f 4724 4725 4737
f 4725 4738 4737
f 4725 4726 4738
f 4726 4739 4738
f 4726 4727 4739
f 4727 4740 4739
f 4727 4728 4740
f 4728 4729 4740
f 4728 4717 4729
f 4729 4742 4741
f 4729 4730 4742
f 4730 4743 4742
f 4730 4731 4743
f 4731 4744 4743
f 4731 4732 4744
f 4732 4745 4744
f 4732 4733 4745
f 4733 4746 4745
f 4733 4734 4746
f 4734 4747 4746
f 4734 4735 4747
f 4735 4748 4747
f 4735 4736 4748
f 4736 4749 4748
f 4736 4737 4749
f 4737 4750 4749
f 4737 4738 4750
f 4738 4751 4750
f 4738 4739 4751
f 4739 4752 4751
f 4739 4740 4752
f 4740 4741 4752
f 4740 4729 4741
f 4741 4754 4753
f 4741 4742 4754
f 4742 4755 4754
f 4742 4743 4755
f 4743 4756 4755
f 4743 4744 4756
f 4744 4757 4756
f 4744 4745 4757
f 4745 4758 4757
f 4745 4746 4758
f 4746 4759 4758
f 4746 4747 4759
f 4747 4760 4759
f 4747 4748 4760
f 4748 4761 4760
f 4748 4749 4761
f 4749 4762 4761
f 4749 4750 4762
f 4750 4763 4762
f 4750 4751 4763
f 4751 4764 4763
f 4751 4752 4764
f 4752 4753 4764
f 4752 4741 4753
f 4765 4778 4777
f 4765 4766 4778
f 4789 4766 4765
f 4790 4777 4778
f 4766 4779 4778
f 4766 4767 4779
f 4789 4767 4766
f 4790 4778 4779
f 4767 4780 4779
f 4767 4768 4780
f 4789 4768 4767
f 4790 4779 4780
f 4768 4781 4780
f 4768 4769 4781
f 4789 4769 4768
f 4790 4780 4781
f 4769 4782 4781
f 4769 4770 4782
f 4789 4770 4769
f 4790 4781 4782
f 4770 4783 4782
f 4770 4771 4783
f 4789 4771 4770
f 4790 4782 4783
f 4771 4784 4783
f 4771 4772 4784
f 4789 4772 4771
f 4790 4783 4784
f 4772 4785 4784
f 4772 4773 4785
f 4789 4773 4772
f 4790 4784 4785
f 4773 4786 4785
f 4773 4774 4786
f 4789 4774 4773
f 4790 4785 4786
f 4774 4787 4786
f 4774 4775 4787
f 4789 4775 4774
f 4790 4786 4787
f 4775 4788 4787
f 4775 4776 4788
f 4789 4776 4775
f 4790 4787 4788
f 4776 4777 4788
f 4776 4765 4777
f 4789 4765 4776
f 4790 4788 4777
f 4791 4804 4803
f 4791 4792 4804
f 4815 4792 4791
f 4816 4803 4804
f 4792 4805 4804
f 4792 4793 4805
f 4815 4793 4792
f 4816 4804 4805
f 4793 4806 4805
f 4793 4794 4806
f 4815 4794 4793
f 4816 4805 4806
f 4794 4807 4806
f 4794 4795 4807
f 4815 4795 4794
f 4816 4806 4807
f 4795 4808 4807
f 4795 4796 4808
f 4815 4796 4795
f 4816 4807 4808
f 4796 4809 4808
f 4796 4797 4809
f 4815 4797 4796
f 4816 4808 4809
f 4797 4810 4809
f 4797 4798 4810
f 4815 4798 4797
f 4816 4809 4810
f 4798 4811 4810
f 4798 4799 4811
f 4815 4799 4798
f 4816 4810 4811
f 4799 4812 4811
f 4799 4800 4812
f 4815 4800 4799
f 4816 4811 4812
f 4800 4813 4812
f 4800 4801 4813
f 4815 4801 4800
f 4816 4812 4813
f 4801 4814 4813
f 4801 4802 4814
f 4815 4802 4801
f 4816 4813 4814
f 4802 4803 4814
f 4802 4791 4803
f 4815 4791 4802
f 4816 4814 4803
f 4817 4826 4825
f 4817 4818 4826
f 4833 4818 4817
f 4834 4825 4826
f 4818 4827 4826
f 4818 4819 4827
f 4833 4819 4818
f 4834 4826 4827
f 4819 4828 4827
f 4819 4820 4828
f 4833 4820 4819
f 4834 4827 4828
f 4820 4829 4828
f 4820 4821 4829
f 4833 4821 4820
f 4834 4828 4829
f 4821 4830 4829
f 4821 4822 4830
f 4833 4822 4821
f 4834 4829 4830
f 4822 4831 4830
f 4822 4823 4831
f 4833 4823 4822
f 4834 4830 4831
f 4823 4832 4831
f 4823 4824 4832
f 4833 4824 4823
f 4834 4831 4832
f 4824 4825 4832
f 4824 4817 4825
f 4833 4817 4824
f 4834 4832 4825
f 4835 4844 4843
f 4835 4836 4844
f 4851 4836 4835
f 4852 4843 4844
f 4836 4845 4844
f 4836 4837 4845
f 4851 4837 4836
f 4852 4844 4845
f 4837 4846 4845
f 4837 4838 4846
f 4851 4838 4837
f 4852 4845 4846
f 4838 4847 4846
f 4838 4839 4847
f 4851 4839 4838
f 4852 4846 4847
f 4839 4848 4847
f 4839 4840 4848
f 4851 4840 4839
f 4852 4847 4848
f 4840 4849 4848
f 4840 4841 4849
f 4851 4841 4840
f 4852 4848 4849
f 4841 4850 4849
f 4841 4842 4850
f 4851 4842 4841
f 4852 4849 4850
f 4842 4843 4850
f 4842 4835 4843
f 4851 4835 4842
f 4852 4850 4843
f 4853 4862 4861
f 4853 4854 4862
f 4869 4854 4853
f 4870 4861 4862
f 4854 4863 4862
f 4854 4855 4863
f 4869 4855 4854
f 4870 4862 4863
f 4855 4864 4863
f 4855 4856 4864
f 4869 4856 4855
f 4870 4863 4864
f 4856 4865 4864
f 4856 4857 4865
f 4869 4857 4856
f 4870 4864 4865
f 4857 4866 4865
f 4857 4858 4866
f 4869 4858 4857
f 4870 4865 4866
f 4858 4867 4866
f 4858 4859 4867
f 4869 4859 4858
f 4870 4866 4867
f 4859 4868 4867
f 4859 4860 4868
f 4869 4860 4859
f 4870 4867 4868
f 4860 4861 4868
f 4860 4853 4861
f 4869 4853 4860
f 4870 4868 4861
o shadow
usemtl shadow
v -4.62 0.66 -0.34
v -4.62 0.66 -0.34
v -4.62 0.66 -0.34
v -4.62 0.66 -0.34
v -4.62 0.66 -0.34
v -4.62 0.66 -0.34
v -4.62 0.66 -0.34
v -4.62 0.66 -0.34
v -4.62 0.66 -0.34
v -4.62 0.66 -0.34
v -4.62 0.66 -0.34
v -4.62 0.66 -0.34
v -4.62 0.66 -0.34
v -4.62 0.66 -0.34
v -4.551595971 0.650350819 -0.34
v -4.5583701 0.650350819 -0.325160302
v -4.577350786 0.650350819 -0.313259788
v -4.604778672 0.650350819 -0.306655502
v -4.635221328 0.650350819 -0.306655502
v -4.662649214 0.650350819 -0.313259788
v -4.6816299 0.650350819 -0.325160302
v -4.688404029 0.650350819 -0.34
v -4.6816299 0.650350819 -0.354839698
v -4.662649214 0.650350819 -0.366740212
v -4.635221328 0.650350819 -0.373344498
v -4.604778672 0.650350819 -0.373344498
v -4.577350786 0.650350819 -0.366740212
v -4.5583701 0.650350819 -0.354839698
v -4.491442478 0.622567111 -0.34
v -4.504173675 0.622567111 -0.312110491
v -4.539845696 0.622567111 -0.289744841
v -4.59139326 0.622567111 -0.277332842
v -4.64860674 0.622567111 -0.277332842
v -4.700154304 0.622567111 -0.289744841
v -4.735826325 0.622567111 -0.312110491
v -4.748557522 0.622567111 -0.34
v -4.735826325 0.622567111 -0.367889509
v -4.700154304 0.622567111 -0.390255159
v -4.64860674 0.622567111 -0.402667158
v -4.59139326 0.622567111 -0.402667158
v -4.539845696 0.622567111 -0.390255159
v -4.504173675 0.622567111 -0.367889509
v -4.446794919 0.58 -0.34
v -4.463947614 0.58 -0.302424566
v -4.512008399 0.58 -0.272291407
v -4.581458244 0.58 -0.255568766
v -4.658541756 0.58 -0.255568766
v -4.727991601 0.58 -0.272291407
v -4.776052386 0.58 -0.302424566
v -4.793205081 0.58 -0.34
v -4.776052386 0.58 -0.377575434
v -4.727991601 0.58 -0.407708593
v -4.658541756 0.58 -0.424431234
v -4.581458244 0.58 -0.424431234
v -4.512008399 0.58 -0.407708593
v -4.463947614 0.58 -0.377575434
v -4.423038449 0.527783708 -0.34
v -4.442543775 0.527783708 -0.297270793
v -4.497196482 0.527783708 -0.263004629
v -4.576171932 0.527783708 -0.243988343
v -4.663828068 0.527783708 -0.243988343
v -4.742803518 0.527783708 -0.263004629
v -4.797456225 0.527783708 -0.297270793
v -4.816961551 0.527783708 -0.34
v -4.797456225 0.527783708 -0.382729207
v -4.742803518 0.527783708 -0.416995371
v -4.663828068 0.527783708 -0.436011657
v -4.576171932 0.527783708 -0.436011657
v -4.497196482 0.527783708 -0.416995371
v -4.442543775 0.527783708 -0.382729207
v -4.423038449 0.472216292 -0.34
v -4.442543775 0.472216292 -0.297270793
v -4.497196482 0.472216292 -0.263004629
v -4.576171932 0.472216292 -0.243988343
v -4.663828068 0.472216292 -0.243988343
v -4.742803518 0.472216292 -0.263004629
v -4.797456225 0.472216292 -0.297270793
v -4.816961551 0.472216292 -0.34
v -4.797456225 0.472216292 -0.382729207
v -4.742803518 0.472216292 -0.416995371
v -4.663828068 0.472216292 -0.436011657
v -4.576171932 0.472216292 -0.436011657
v -4.497196482 0.472216292 -0.416995371
v -4.442543775 0.472216292 -0.382729207
v -4.446794919 0.42 -0.34
v -4.463947614 0.42 -0.302424566
v -4.512008399 0.42 -0.272291407
v -4.581458244 0.42 -0.255568766
v -4.658541756 0.42 -0.255568766
v -4.727991601 0.42 -0.272291407
v -4.776052386 0.42 -0.302424566
v -4.793205081 0.42 -0.34
v -4.776052386 0.42 -0.377575434
v -4.727991601 0.42 -0.407708593
v -4.658541756 0.42 -0.424431234
v -4.581458244 0.42 -0.424431234
v -4.512008399 0.42 -0.407708593
v -4.463947614 0.42 -0.377575434
v -4.491442478 0.377432889 -0.34
v -4.504173675 0.377432889 -0.312110491
v -4.539845696 0.377432889 -0.289744841
v -4.59139326 0.377432889 -0.277332842
v -4.64860674 0.377432889 -0.277332842
v -4.700154304 0.377432889 -0.289744841
v -4.735826325 0.377432889 -0.312110491
v -4.748557522 0.377432889 -0.34
v -4.735826325 0.377432889 -0.367889509
v -4.700154304 0.377432889 -0.390255159
v -4.64860674 0.377432889 -0.402667158
v -4.59139326 0.377432889 -0.402667158
v -4.539845696 0.377432889 -0.390255159
v -4.504173675 0.377432889 -0.367889509
v -4.551595971 0.349649181 -0.34
v -4.5583701 0.349649181 -0.325160302
v -4.577350786 0.349649181 -0.313259788
v -4.604778672 0.349649181 -0.306655502
v -4.635221328 0.349649181 -0.306655502
v -4.662649214 0.349649181 -0.313259788
v -4.6816299 0.349649181 -0.325160302
v -4.688404029 0.349649181 -0.34
v -4.6816299 0.349649181 -0.354839698
v -4.662649214 0.349649181 -0.366740212
v -4.635221328 0.349649181 -0.373344498
v -4.604778672 0.349649181 -0.373344498
v -4.577350786 0.349649181 -0.366740212
v -4.5583701 0.349649181 -0.354839698
v -4.62 0.34 -0.34
v -4.62 0.34 -0.34
v -4.62 0.34 -0.34
v -4.62 0.34 -0.34
v -4.62 0.34 -0.34
v -4.62 0.34 -0.34
v -4.62 0.34 -0.34
v -4.62 0.34 -0.34
v -4.62 0.34 -0.34
v -4.62 0.34 -0.34
v -4.62 0.34 -0.34
v -4.62 0.34 -0.34
v -4.62 0.34 -0.34
v -4.62 0.34 -0.34
v -4.62 0.66 0.34
v -4.62 0.66 0.34
v -4.62 0.66 0.34
v -4.62 0.66 0.34
v -4.62 0.66 0.34
v -4.62 0.66 0.34
v -4.62 0.66 0.34
v -4.62 0.66 0.34
v -4.62 0.66 0.34
v -4.62 0.66 0.34
v -4.62 0.66 0.34
v -4.62 0.66 0.34
v -4.62 0.66 0.34
v -4.62 0.66 0.34
v -4.551595971 0.650350819 0.34
v -4.5583701 0.650350819 0.354839698
v -4.577350786 0.650350819 0.366740212
v -4.604778672 0.650350819 0.373344498
v -4.635221328 0.650350819 0.373344498
v -4.662649214 0.650350819 0.366740212
v -4.6816299 0.650350819 0.354839698
v -4.688404029 0.650350819 0.34
v -4.6816299 0.650350819 0.325160302
v -4.662649214 0.650350819 0.313259788
v -4.635221328 0.650350819 0.306655502
v -4.604778672 0.650350819 0.306655502
v -4.577350786 0.650350819 0.313259788
v -4.5583701 0.650350819 0.325160302
v -4.491442478 0.622567111 0.34
v -4.504173675 0.622567111 0.367889509
v -4.539845696 0.622567111 0.390255159
v -4.59139326 0.622567111 0.402667158
v -4.64860674 0.622567111 0.402667158
v -4.700154304 0.622567111 0.390255159
v -4.735826325 0.622567111 0.367889509
v -4.748557522 0.622567111 0.34
v -4.735826325 0.622567111 0.312110491
v -4.700154304 0.622567111 0.289744841
v -4.64860674 0.622567111 0.277332842
v -4.59139326 0.622567111 0.277332842
v -4.539845696 0.622567111 0.289744841
v -4.504173675 0.622567111 0.312110491
v -4.446794919 0.58 0.34
v -4.463947614 0.58 0.377575434
v -4.512008399 0.58 0.407708593
v -4.581458244 0.58 0.424431234
v -4.658541756 0.58 0.424431234
v -4.727991601 0.58 0.407708593
v -4.776052386 0.58 0.377575434
v -4.793205081 0.58 0.34
v -4.776052386 0.58 0.302424566
v -4.727991601 0.58 0.272291407
v -4.658541756 0.58 0.255568766
v -4.581458244 0.58 0.255568766
v -4.512008399 0.58 0.272291407
v -4.463947614 0.58 0.302424566
v -4.423038449 0.527783708 0.34
v -4.442543775 0.527783708 0.382729207
v -4.497196482 0.527783708 0.416995371
v -4.576171932 0.527783708 0.436011657
v -4.663828068 0.527783708 0.436011657
v -4.742803518 0.527783708 0.416995371
v -4.797456225 0.527783708 0.382729207
v -4.816961551 0.527783708 0.34
v -4.797456225 0.527783708 0.297270793
v -4.742803518 0.527783708 0.263004629
v -4.663828068 0.527783708 0.243988343
v -4.576171932 0.527783708 0.243988343
v -4.497196482 0.527783708 0.263004629
v -4.442543775 0.527783708 0.297270793
v -4.423038449 0.472216292 0.34
v -4.442543775 0.472216292 0.382729207
v -4.497196482 0.472216292 0.416995371
v -4.576171932 0.472216292 0.436011657
v -4.663828068 0.472216292 0.436011657
v -4.742803518 0.472216292 0.416995371
v -4.797456225 0.472216292 0.382729207
v -4.816961551 0.472216292 0.34
v -4.797456225 0.472216292 0.297270793
v -4.742803518 0.472216292 0.263004629
v -4.663828068 0.472216292 0.243988343
v -4.576171932 0.472216292 0.243988343
v -4.497196482 0.472216292 0.263004629
v -4.442543775 0.472216292 0.297270793
v -4.446794919 0.42 0.34
v -4.463947614 0.42 0.377575434
v -4.512008399 0.42 0.407708593
v -4.581458244 0.42 0.424431234
v -4.658541756 0.42 0.424431234
v -4.727991601 0.42 0.407708593
v -4.776052386 0.42 0.377575434
v -4.793205081 0.42 0.34
v -4.776052386 0.42 0.302424566
v -4.727991601 0.42 0.272291407
v -4.658541756 0.42 0.255568766
v -4.581458244 0.42 0.255568766
v -4.512008399 0.42 0.272291407
v -4.463947614 0.42 0.302424566
v -4.491442478 0.377432889 0.34
v -4.504173675 0.377432889 0.367889509
v -4.539845696 0.377432889 0.390255159
v -4.59139326 0.377432889 0.402667158
v -4.64860674 0.377432889 0.402667158
v -4.700154304 0.377432889 0.390255159
v -4.735826325 0.377432889 0.367889509
v -4.748557522 0.377432889 0.34
v -4.735826325 0.377432889 0.312110491
v -4.700154304 0.377432889 0.289744841
v -4.64860674 0.377432889 0.277332842
v -4.59139326 0.377432889 0.277332842
v -4.539845696 0.377432889 0.289744841
v -4.504173675 0.377432889 0.312110491
v -4.551595971 0.349649181 0.34
v -4.5583701 0.349649181 0.354839698
v -4.577350786 0.349649181 0.366740212
v -4.604778672 0.349649181 0.373344498
v -4.635221328 0.349649181 0.373344498
v -4.662649214 0.349649181 0.366740212
v -4.6816299 0.349649181 0.354839698
v -4.688404029 0.349649181 0.34
v -4.6816299 0.349649181 0.325160302
v -4.662649214 0.349649181 0.313259788
v -4.635221328 0.349649181 0.306655502
v -4.604778672 0.349649181 0.306655502
v -4.577350786 0.349649181 0.313259788
v -4.5583701 0.349649181 0.325160302
v -4.62 0.34 0.34
v -4.62 0.34 0.34
v -4.62 0.34 0.34
v -4.62 0.34 0.34
v -4.62 0.34 0.34
v -4.62 0.34 0.34
v -4.62 0.34 0.34
v -4.62 0.34 0.34
v -4.62 0.34 0.34
v -4.62 0.34 0.34
v -4.62 0.34 0.34
v -4.62 0.34 0.34
v -4.62 0.34 0.34
v -4.62 0.34 0.34
f 4871 4886 4885
f 4871 4872 4886
f 4872 4887 4886
f 4872 4873 4887
f 4873 4888 4887
f 4873 4874 4888
f 4874 4889 4888
f 4874 4875 4889
f 4875 4890 4889
f 4875 4876 4890
f 4876 4891 4890
f 4876 4877 4891
f 4877 4892 4891
f 4877 4878 4892
f 4878 4893 4892
f 4878 4879 4893
f 4879 4894 4893
f 4879 4880 4894
f 4880 4895 4894
f 4880 4881 4895
f 4881 4896 4895
f 4881 4882 4896
f 4882 4897 4896
f 4882 4883 4897
f 4883 4898 4897
f 4883 4884 4898
f 4884 4885 4898
f 4884 4871 4885
f 4885 4900 4899
f 4885 4886 4900
f 4886 4901 4900
f 4886 4887 4901
f 4887 4902 4901
f 4887 4888 4902
f 4888 4903 4902
f 4888 4889 4903
f 4889 4904 4903
f 4889 4890 4904
f 4890 4905 4904
f 4890 4891 4905
f 4891 4906 4905
f 4891 4892 4906
f 4892 4907 4906
f 4892 4893 4907
f 4893 4908 4907
f 4893 4894 4908
f 4894 4909 4908
f 4894 4895 4909
f 4895 4910 4909
f 4895 4896 4910
f 4896 4911 4910
f 4896 4897 4911
f 4897 4912 4911
f 4897 4898 4912
f 4898 4899 4912
f 4898 4885 4899
f 4899 4914 4913
f 4899 4900 4914
f 4900 4915 4914
f 4900 4901 4915
f 4901 4916 4915
f 4901 4902 4916
f 4902 4917 4916
f 4902 4903 4917
f 4903 4918 4917
f 4903 4904 4918
f 4904 4919 4918
f 4904 4905 4919
f 4905 4920 4919
f 4905 4906 4920
f 4906 4921 4920
f 4906 4907 4921
f 4907 4922 4921
f 4907 4908 4922
f 4908 4923 4922
f 4908 4909 4923
f 4909 4924 4923
f 4909 4910 4924
f 4910 4925 4924
f 4910 4911 4925
f 4911 4926 4925
f 4911 4912 4926
f 4912 4913 4926
f 4912 4899 4913
f 4913 4928 4927
f 4913 4914 4928
f 4914 4929 4928
f 4914 4915 4929
f 4915 4930 4929
f 4915 4916 4930
f 4916 4931 4930
f 4916 4917 4931
f 4917 4932 4931
f 4917 4918 4932
f 4918 4933 4932
f 4918 4919 4933
f 4919 4934 4933
f 4919 4920 4934
f 4920 4935 4934
f 4920 4921 4935
f 4921 4936 4935
f 4921 4922 4936
f 4922 4937 4936
f 4922 4923 4937
f 4923 4938 4937
f 4923 4924 4938
f 4924 4939 4938
f 4924 4925 4939
f 4925 4940 4939
f 4925 4926 4940
f 4926 4927 4940
f 4926 4913 4927
f 4927 4942 4941
f 4927 4928 4942
f 4928 4943 4942
f 4928 4929 4943
f 4929 4944 4943
f 4929 4930 4944
f 4930 4945 4944
f 4930 4931 4945
f 4931 4946 4945
f 4931 4932 4946
f 4932 4947 4946
f 4932 4933 4947
f 4933 4948 4947
f 4933 4934 4948
f 4934 4949 4948
f 4934 4935 4949
f 4935 4950 4949
f 4935 4936 4950
f 4936 4951 4950
f 4936 4937 4951
f 4937 4952 4951
f 4937 4938 4952
f 4938 4953 4952
f 4938 4939 4953
f 4939 4954 4953
f 4939 4940 4954
f 4940 4941 4954
f 4940 4927 4941
f 4941 4956 4955
f 4941 4942 4956
f 4942 4957 4956
f 4942 4943 4957
f 4943 4958 4957
f 4943 4944 4958
f 4944 4959 4958
f 4944 4945 4959
f 4945 4960 4959
f 4945 4946 4960
f 4946 4961 4960
f 4946 4947 4961
f 4947 4962 4961
f 4947 4948 4962
f 4948 4963 4962
f 4948 4949 4963
f 4949 4964 4963
f 4949 4950 4964
f 4950 4965 4964
f 4950 4951 4965
f 4951 4966 4965
f 4951 4952 4966
f 4952 4967 4966
f 4952 4953 4967
f 4953 4968 4967
f 4953 4954 4968
f 4954 4955 4968
f 4954 4941 4955
f 4955 4970 4969
f 4955 4956 4970
f 4956 4971 4970
f 4956 4957 4971
f 4957 4972 4971
f 4957 4958 4972
f 4958 4973 4972
f 4958 4959 4973
f 4959 4974 4973
f 4959 4960 4974
f 4960 4975 4974
f 4960 4961 4975
f 4961 4976 4975
f 4961 4962 4976
f 4962 4977 4976
f 4962 4963 4977
f 4963 4978 4977
f 4963 4964 4978
f 4964 4979 4978
f 4964 4965 4979
f 4965 4980 4979
f 4965 4966 4980
f 4966 4981 4980
f 4966 4967 4981
f 4967 4982 4981
f 4967 4968 4982
f 4968 4969 4982
f 4968 4955 4969
f 4969 4984 4983
f 4969 4970 4984
f 4970 4985 4984
f 4970 4971 4985
f 4971 4986 4985
f 4971 4972 4986
f 4972 4987 4986
f 4972 4973 4987
f 4973 4988 4987
f 4973 4974 4988
f 4974 4989 4988
f 4974 4975 4989
f 4975 4990 4989
f 4975 4976 4990
f 4976 4991 4990
f 4976 4977 4991
f 4977 4992 4991
f 4977 4978 4992
f 4978 4993 4992
f 4978 4979 4993
f 4979 4994 4993
f 4979 4980 4994
f 4980 4995 4994
f 4980 4981 4995
f 4981 4996 4995
f 4981 4982 4996
f 4982 4983 4996
f 4982 4969 4983
f 4983 4998 4997
f 4983 4984 4998
f 4984 4999 4998
f 4984 4985 4999
f 4985 5000 4999
f 4985 4986 5000
f 4986 5001 5000
f 4986 4987 5001
f 4987 5002 5001
f 4987 4988 5002
f 4988 5003 5002
f 4988 4989 5003
f 4989 5004 5003
f 4989 4990 5004
f 4990 5005 5004
f 4990 4991 5005
f 4991 5006 5005
f 4991 4992 5006
f 4992 5007 5006
f 4992 4993 5007
f 4993 5008 5007
f 4993 4994 5008
f 4994 5009 5008
f 4994 4995 5009
f 4995 5010 5009
f 4995 4996 5010
f 4996 4997 5010
f 4996 4983 4997
f 5011 5026 5025
f 5011 5012 5026
f 5012 5027 5026
f 5012 5013 5027
f 5013 5028 5027
f 5013 5014 5028
f 5014 5029 5028
f 5014 5015 5029
f 5015 5030 5029
f 5015 5016 5030
f 5016 5031 5030
f 5016 5017 5031
f 5017 5032 5031
f 5017 5018 5032
f 5018 5033 5032
f 5018 5019 5033
f 5019 5034 5033
f 5019 5020 5034
f 5020 5035 5034
f 5020 5021 5035
f 5021 5036 5035
f 5021 5022 5036
f 5022 5037 5036
f 5022 5023 5037
f 5023 5038 5037
f 5023 5024 5038
f 5024 5025 5038
f 5024 5011 5025
f 5025 5040 5039
f 5025 5026 5040
f 5026 5041 5040
f 5026 5027 5041
f 5027 5042 5041
f 5027 5028 5042
f 5028 5043 5042
f 5028 5029 5043
f 5029 5044 5043
f 5029 5030 5044
f 5030 5045 5044
f 5030 5031 5045
f 5031 5046 5045
f 5031 5032 5046
f 5032 5047 5046
f 5032 5033 5047
f 5033 5048 5047
f 5033 5034 5048
f 5034 5049 5048
f 5034 5035 5049
f 5035 5050 5049
f 5035 5036 5050
f 5036 5051 5050
f 5036 5037 5051
f 5037 5052 5051
f 5037 5038 5052
f 5038 5039 5052
f 5038 5025 5039
f 5039 5054 5053
f 5039 5040 5054
f 5040 5055 5054
f 5040 5041 5055
f 5041 5056 5055
f 5041 5042 5056
f 5042 5057 5056
f 5042 5043 5057
f 5043 5058 5057
f 5043 5044 5058
f 5044 5059 5058
f 5044 5045 5059
f 5045 5060 5059
f 5045 5046 5060
f 5046 5061 5060
f 5046 5047 5061
f 5047 5062 5061
f 5047 5048 5062
f 5048 5063 5062
f 5048 5049 5063
f 5049 5064 5063
f 5049 5050 5064
f 5050 5065 5064
f 5050 5051 5065
f 5051 5066 5065
f 5051 5052 5066
f 5052 5053 5066
f 5052 5039 5053
f 5053 5068 5067
f 5053 5054 5068
f 5054 5069 5068
f 5054 5055 5069
f 5055 5070 5069
f 5055 5056 5070
f 5056 5071 5070
f 5056 5057 5071
f 5057 5072 5071
f 5057 5058 5072
f 5058 5073 5072
f 5058 5059 5073
f 5059 5074 5073
f 5059 5060 5074
f 5060 5075 5074
f 5060 5061 5075
f 5061 5076 5075
f 5061 5062 5076
f 5062 5077 5076
f 5062 5063 5077
f 5063 5078 5077
f 5063 5064 5078
f 5064 5079 5078
f 5064 5065 5079
f 5065 5080 5079
f 5065 5066 5080
f 5066 5067 5080
f 5066 5053 5067
f 5067 5082 5081
f 5067 5068 5082
f 5068 5083 5082
f 5068 5069 5083
f 5069 5084 5083
f 5069 5070 5084
f 5070 5085 5084
f 5070 5071 5085
f 5071 5086 5085
f 5071 5072 5086
f 5072 5087 5086
f 5072 5073 5087
f 5073 5088 5087
f 5073 5074 5088
f 5074 5089 5088
f 5074 5075 5089
f 5075 5090 5089
f 5075 5076 5090
f 5076 5091 5090
f 5076 5077 5091
f 5077 5092 5091
f 5077 5078 5092
f 5078 5093 5092
f 5078 5079 5093
f 5079 5094 5093
f 5079 5080 5094
f 5080 5081 5094
f 5080 5067 5081
f 5081 5096 5095
f 5081 5082 5096
f 5082 5097 5096
f 5082 5083 5097
f 5083 5098 5097
f 5083 5084 5098
f 5084 5099 5098
f 5084 5085 5099
f 5085 5100 5099
f 5085 5086 5100
f 5086 5101 5100
f 5086 5087 5101
f 5087 5102 5101
f 5087 5088 5102
f 5088 5103 5102
f 5088 5089 5103
f 5089 5104 5103
f 5089 5090 5104
f 5090 5105 5104
f 5090 5091 5105
f 5091 5106 5105
f 5091 5092 5106
f 5092 5107 5106
f 5092 5093 5107
f 5093 5108 5107
f 5093 5094 5108
f 5094 5095 5108
f 5094 5081 5095
f 5095 5110 5109
f 5095 5096 5110
f 5096 5111 5110
f 5096 5097 5111
f 5097 5112 5111
f 5097 5098 5112
f 5098 5113 5112
f 5098 5099 5113
f 5099 5114 5113
f 5099 5100 5114
f 5100 5115 5114
f 5100 5101 5115
f 5101 5116 5115
f 5101 5102 5116
f 5102 5117 5116
f 5102 5103 5117
f 5103 5118 5117
f 5103 5104 5118
f 5104 5119 5118
f 5104 5105 5119
f 5105 5120 5119
f 5105 5106 5120
f 5106 5121 5120
f 5106 5107 5121
f 5107 5122 5121
f 5107 5108 5122
f 5108 5109 5122
f 5108 5095 5109
f 5109 5124 5123
f 5109 5110 5124
f 5110 5125 5124
f 5110 5111 5125
f 5111 5126 5125
f 5111 5112 5126
f 5112 5127 5126
f 5112 5113 5127
f 5113 5128 5127
f 5113 5114 5128
f 5114 5129 5128
f 5114 5115 5129
f 5115 5130 5129
f 5115 5116 5130
f 5116 5131 5130
f 5116 5117 5131
f 5117 5132 5131
f 5117 5118 5132
f 5118 5133 5132
f 5118 5119 5133
f 5119 5134 5133
f 5119 5120 5134
f 5120 5135 5134
f 5120 5121 5135
f 5121 5136 5135
f 5121 5122 5136
f 5122 5123 5136
f 5122 5109 5123
f 5123 5138 5137
f 5123 5124 5138
f 5124 5139 5138
f 5124 5125 5139
f 5125 5140 5139
f 5125 5126 5140
f 5126 5141 5140
f 5126 5127 5141
f 5127 5142 5141
f 5127 5128 5142
f 5128 5143 5142
f 5128 5129 5143
f 5129 5144 5143
f 5129 5130 5144
f 5130 5145 5144
f 5130 5131 5145
f 5131 5146 5145
f 5131 5132 5146
f 5132 5147 5146
f 5132 5133 5147
f 5133 5148 5147
f 5133 5134 5148
f 5134 5149 5148
f 5134 5135 5149
f 5135 5150 5149
f 5135 5136 5150
f 5136 5137 5150
f 5136 5123 5137
o sandstone
usemtl sandstone
v -8 -1.79 -4.2
v 8 -1.79 -4.2
v 8 -1.31 -4.2
v -8 -1.31 -4.2
v -8 -1.79 4.2
v 8 -1.79 4.2
v 8 -1.31 4.2
v -8 -1.31 4.2
v -8 -1.34 -4.21
v 8 -1.34 -4.21
v 8 -1.14 -4.21
v -8 -1.14 -4.21
v -8 -1.34 -3.89
v 8 -1.34 -3.89
v 8 -1.14 -3.89
v -8 -1.14 -3.89
v -8 -1.34 3.89
v 8 -1.34 3.89
v 8 -1.14 3.89
v -8 -1.14 3.89
v -8 -1.34 4.21
v 8 -1.34 4.21
v 8 -1.14 4.21
v -8 -1.14 4.21
v -7.96 -1.34 -4.05
v -7.64 -1.34 -4.05
v -7.64 -1.14 -4.05
v -7.96 -1.14 -4.05
v -7.96 -1.34 4.05
v -7.64 -1.34 4.05
v -7.64 -1.14 4.05
v -7.96 -1.14 4.05
v 7.64 -1.34 -4.05
v 7.96 -1.34 -4.05
v 7.96 -1.14 -4.05
v 7.64 -1.14 -4.05
v 7.64 -1.34 4.05
v 7.96 -1.34 4.05
v 7.96 -1.14 4.05
v 7.64 -1.14 4.05
v -7.16 -0.98 -3.37
v 7.16 -0.98 -3.37
v 7.16 -0.78 -3.37
v -7.16 -0.78 -3.37
v -7.16 -0.98 -3.05
v 7.16 -0.98 -3.05
v 7.16 -0.78 -3.05
v -7.16 -0.78 -3.05
v -7.16 -0.98 3.05
v 7.16 -0.98 3.05
v 7.16 -0.78 3.05
v -7.16 -0.78 3.05
v -7.16 -0.98 3.37
v 7.16 -0.98 3.37
v 7.16 -0.78 3.37
v -7.16 -0.78 3.37
v -7.12 -0.98 -3.21
v -6.8 -0.98 -3.21
v -6.8 -0.78 -3.21
v -7.12 -0.78 -3.21
v -7.12 -0.98 3.21
v -6.8 -0.98 3.21
v -6.8 -0.78 3.21
v -7.12 -0.78 3.21
v 6.8 -0.98 -3.21
v 7.12 -0.98 -3.21
v 7.12 -0.78 -3.21
v 6.8 -0.78 -3.21
v 6.8 -0.98 3.21
v 7.12 -0.98 3.21
v 7.12 -0.78 3.21
v 6.8 -0.78 3.21
f 5151 5153 5152
f 5151 5154 5153
f 5156 5158 5155
f 5156 5157 5158
f 5155 5154 5151
f 5155 5158 5154
f 5152 5157 5156
f 5152 5153 5157
f 5154 5157 5153
f 5154 5158 5157
f 5155 5152 5156
f 5155 5151 5152
f 5159 5161 5160
f 5159 5162 5161
f 5164 5166 5163
f 5164 5165 5166
f 5163 5162 5159
f 5163 5166 5162
f 5160 5165 5164
f 5160 5161 5165
f 5162 5165 5161
f 5162 5166 5165
f 5163 5160 5164
f 5163 5159 5160
f 5167 5169 5168
f 5167 5170 5169
f 5172 5174 5171
f 5172 5173 5174
f 5171 5170 5167
f 5171 5174 5170
f 5168 5173 5172
f 5168 5169 5173
f 5170 5173 5169
f 5170 5174 5173
f 5171 5168 5172
f 5171 5167 5168
f 5175 5177 5176
f 5175 5178 5177
f 5180 5182 5179
f 5180 5181 5182
f 5179 5178 5175
f 5179 5182 5178
f 5176 5181 5180
f 5176 5177 5181
f 5178 5181 5177
f 5178 5182 5181
f 5179 5176 5180
f 5179 5175 5176
f 5183 5185 5184
f 5183 5186 5185
f 5188 5190 5187
f 5188 5189 5190
f 5187 5186 5183
f 5187 5190 5186
f 5184 5189 5188
f 5184 5185 5189
f 5186 5189 5185
f 5186 5190 5189
f 5187 5184 5188
f 5187 5183 5184
f 5191 5193 5192
f 5191 5194 5193
f 5196 5198 5195
f 5196 5197 5198
f 5195 5194 5191
f 5195 5198 5194
f 5192 5197 5196
f 5192 5193 5197
f 5194 5197 5193
f 5194 5198 5197
f 5195 5192 5196
f 5195 5191 5192
f 5199 5201 5200
f 5199 5202 5201
f 5204 5206 5203
f 5204 5205 5206
f 5203 5202 5199
f 5203 5206 5202
f 5200 5205 5204
f 5200 5201 5205
f 5202 5205 5201
f 5202 5206 5205
f 5203 5200 5204
f 5203 5199 5200
f 5207 5209 5208
f 5207 5210 5209
f 5212 5214 5211
f 5212 5213 5214
f 5211 5210 5207
f 5211 5214 5210
f 5208 5213 5212
f 5208 5209 5213
f 5210 5213 5209
f 5210 5214 5213
f 5211 5208 5212
f 5211 5207 5208
f 5215 5217 5216
f 5215 5218 5217
f 5220 5222 5219
f 5220 5221 5222
f 5219 5218 5215
f 5219 5222 5218
f 5216 5221 5220
f 5216 5217 5221
f 5218 5221 5217
f 5218 5222 5221
f 5219 5216 5220
f 5219 5215 5216
o ochre
usemtl ochre
v -7.58 -1.16 -3.79
v 7.58 -1.16 -3.79
v 7.58 -0.96 -3.79
v -7.58 -0.96 -3.79
v -7.58 -1.16 -3.47
v 7.58 -1.16 -3.47
v 7.58 -0.96 -3.47
v -7.58 -0.96 -3.47
v -7.58 -1.16 3.47
v 7.58 -1.16 3.47
v 7.58 -0.96 3.47
v -7.58 -0.96 3.47
v -7.58 -1.16 3.79
v 7.58 -1.16 3.79
v 7.58 -0.96 3.79
v -7.58 -0.96 3.79
v -7.54 -1.16 -3.63
v -7.22 -1.16 -3.63
v -7.22 -0.96 -3.63
v -7.54 -0.96 -3.63
v -7.54 -1.16 3.63
v -7.22 -1.16 3.63
v -7.22 -0.96 3.63
v -7.54 -0.96 3.63
v 7.22 -1.16 -3.63
v 7.54 -1.16 -3.63
v 7.54 -0.96 -3.63
v 7.22 -0.96 -3.63
v 7.22 -1.16 3.63
v 7.54 -1.16 3.63
v 7.54 -0.96 3.63
v 7.22 -0.96 3.63
v -6.74 -0.8 -2.95
v 6.74 -0.8 -2.95
v 6.74 -0.6 -2.95
v -6.74 -0.6 -2.95
v -6.74 -0.8 -2.63
v 6.74 -0.8 -2.63
v 6.74 -0.6 -2.63
v -6.74 -0.6 -2.63
v -6.74 -0.8 2.63
v 6.74 -0.8 2.63
v 6.74 -0.6 2.63
v -6.74 -0.6 2.63
v -6.74 -0.8 2.95
v 6.74 -0.8 2.95
v 6.74 -0.6 2.95
v -6.74 -0.6 2.95
v -6.7 -0.8 -2.79
v -6.38 -0.8 -2.79
v -6.38 -0.6 -2.79
v -6.7 -0.6 -2.79
v -6.7 -0.8 2.79
v -6.38 -0.8 2.79
v -6.38 -0.6 2.79
v -6.7 -0.6 2.79
v 6.38 -0.8 -2.79
v 6.7 -0.8 -2.79
v 6.7 -0.6 -2.79
v 6.38 -0.6 -2.79
v 6.38 -0.8 2.79
v 6.7 -0.8 2.79
v 6.7 -0.6 2.79
v 6.38 -0.6 2.79
f 5223 5225 5224
f 5223 5226 5225
f 5228 5230 5227
f 5228 5229 5230
f 5227 5226 5223
f 5227 5230 5226
f 5224 5229 5228
f 5224 5225 5229
f 5226 5229 5225
f 5226 5230 5229
f 5227 5224 5228
f 5227 5223 5224
f 5231 5233 5232
f 5231 5234 5233
f 5236 5238 5235
f 5236 5237 5238
f 5235 5234 5231
f 5235 5238 5234
f 5232 5237 5236
f 5232 5233 5237
f 5234 5237 5233
f 5234 5238 5237
f 5235 5232 5236
f 5235 5231 5232
f 5239 5241 5240
f 5239 5242 5241
f 5244 5246 5243
f 5244 5245 5246
f 5243 5242 5239
f 5243 5246 5242
f 5240 5245 5244
f 5240 5241 5245
f 5242 5245 5241
f 5242 5246 5245
f 5243 5240 5244
f 5243 5239 5240
f 5247 5249 5248
f 5247 5250 5249
f 5252 5254 5251
f 5252 5253 5254
f 5251 5250 5247
f 5251 5254 5250
f 5248 5253 5252
f 5248 5249 5253
f 5250 5253 5249
f 5250 5254 5253
f 5251 5248 5252
f 5251 5247 5248
f 5255 5257 5256
f 5255 5258 5257
f 5260 5262 5259
f 5260 5261 5262
f 5259 5258 5255
f 5259 5262 5258
f 5256 5261 5260
f 5256 5257 5261
f 5258 5261 5257
f 5258 5262 5261
f 5259 5256 5260
f 5259 5255 5256
f 5263 5265 5264
f 5263 5266 5265
f 5268 5270 5267
f 5268 5269 5270
f 5267 5266 5263
f 5267 5270 5266
f 5264 5269 5268
f 5264 5265 5269
f 5266 5269 5265
f 5266 5270 5269
f 5267 5264 5268
f 5267 5263 5264
f 5271 5273 5272
f 5271 5274 5273
f 5276 5278 5275
f 5276 5277 5278
f 5275 5274 5271
f 5275 5278 5274
f 5272 5277 5276
f 5272 5273 5277
f 5274 5277 5273
f 5274 5278 5277
f 5275 5272 5276
f 5275 5271 5272
f 5279 5281 5280
f 5279 5282 5281
f 5284 5286 5283
f 5284 5285 5286
f 5283 5282 5279
f 5283 5286 5282
f 5280 5285 5284
f 5280 5281 5285
f 5282 5285 5281
f 5282 5286 5285
f 5283 5280 5284
f 5283 5279 5280
o markerRed
usemtl markerRed
v -5.44 -1.175 -2.74
v -5.36 -1.175 -2.74
v -5.36 -0.125 -2.74
v -5.44 -0.125 -2.74
v -5.44 -1.175 -2.66
v -5.36 -1.175 -2.66
v -5.36 -0.125 -2.66
v -5.44 -0.125 -2.66
v -5.66 -0.34 -2.74
v -5.14 -0.34 -2.74
v -5.14 0.04 -2.74
v -5.66 0.04 -2.74
v -5.66 -0.34 -2.66
v -5.14 -0.34 -2.66
v -5.14 0.04 -2.66
v -5.66 0.04 -2.66
v 5.16 -1.175 -2.64
v 5.24 -1.175 -2.64
v 5.24 -0.125 -2.64
v 5.16 -0.125 -2.64
v 5.16 -1.175 -2.56
v 5.24 -1.175 -2.56
v 5.24 -0.125 -2.56
v 5.16 -0.125 -2.56
v 4.94 -0.34 -2.64
v 5.46 -0.34 -2.64
v 5.46 0.04 -2.64
v 4.94 0.04 -2.64
v 4.94 -0.34 -2.56
v 5.46 -0.34 -2.56
v 5.46 0.04 -2.56
v 4.94 0.04 -2.56
f 5287 5289 5288
f 5287 5290 5289
f 5292 5294 5291
f 5292 5293 5294
f 5291 5290 5287
f 5291 5294 5290
f 5288 5293 5292
f 5288 5289 5293
f 5290 5293 5289
f 5290 5294 5293
f 5291 5288 5292
f 5291 5287 5288
f 5295 5297 5296
f 5295 5298 5297
f 5300 5302 5299
f 5300 5301 5302
f 5299 5298 5295
f 5299 5302 5298
f 5296 5301 5300
f 5296 5297 5301
f 5298 5301 5297
f 5298 5302 5301
f 5299 5296 5300
f 5299 5295 5296
f 5303 5305 5304
f 5303 5306 5305
f 5308 5310 5307
f 5308 5309 5310
f 5307 5306 5303
f 5307 5310 5306
f 5304 5309 5308
f 5304 5305 5309
f 5306 5309 5305
f 5306 5310 5309
f 5307 5304 5308
f 5307 5303 5304
f 5311 5313 5312
f 5311 5314 5313
f 5316 5318 5315
f 5316 5317 5318
f 5315 5314 5311
f 5315 5318 5314
f 5312 5317 5316
f 5312 5313 5317
f 5314 5317 5313
f 5314 5318 5317
f 5315 5312 5316
f 5315 5311 5312
o markerBlue
usemtl markerBlue
v 0.16 -1.175 2.76
v 0.24 -1.175 2.76
v 0.24 -0.125 2.76
v 0.16 -0.125 2.76
v 0.16 -1.175 2.84
v 0.24 -1.175 2.84
v 0.24 -0.125 2.84
v 0.16 -0.125 2.84
v -0.06 -0.34 2.76
v 0.46 -0.34 2.76
v 0.46 0.04 2.76
v -0.06 0.04 2.76
v -0.06 -0.34 2.84
v 0.46 -0.34 2.84
v 0.46 0.04 2.84
v -0.06 0.04 2.84
f 5319 5321 5320
f 5319 5322 5321
f 5324 5326 5323
f 5324 5325 5326
f 5323 5322 5319
f 5323 5326 5322
f 5320 5325 5324
f 5320 5321 5325
f 5322 5325 5321
f 5322 5326 5325
f 5323 5320 5324
f 5323 5319 5320
f 5327 5329 5328
f 5327 5330 5329
f 5332 5334 5331
f 5332 5333 5334
f 5331 5330 5327
f 5331 5334 5330
f 5328 5333 5332
f 5328 5329 5333
f 5330 5333 5329
f 5330 5334 5333
f 5331 5328 5332
f 5331 5327 5328
o paper
usemtl paper
v -5.575 -0.25 -2.76
v -5.525 -0.25 -2.76
v -5.525 -0.05 -2.76
v -5.575 -0.05 -2.76
v -5.575 -0.25 -2.74
v -5.525 -0.25 -2.74
v -5.525 -0.05 -2.74
v -5.575 -0.05 -2.74
v 0.025 -0.25 2.74
v 0.075 -0.25 2.74
v 0.075 -0.05 2.74
v 0.025 -0.05 2.74
v 0.025 -0.25 2.76
v 0.075 -0.25 2.76
v 0.075 -0.05 2.76
v 0.025 -0.05 2.76
v 0.175 -0.25 2.74
v 0.225 -0.25 2.74
v 0.225 -0.05 2.74
v 0.175 -0.05 2.74
v 0.175 -0.25 2.76
v 0.225 -0.25 2.76
v 0.225 -0.05 2.76
v 0.175 -0.05 2.76
v 5.025 -0.25 -2.66
v 5.075 -0.25 -2.66
v 5.075 -0.05 -2.66
v 5.025 -0.05 -2.66
v 5.025 -0.25 -2.64
v 5.075 -0.25 -2.64
v 5.075 -0.05 -2.64
v 5.025 -0.05 -2.64
v 5.175 -0.25 -2.66
v 5.225 -0.25 -2.66
v 5.225 -0.05 -2.66
v 5.175 -0.05 -2.66
v 5.175 -0.25 -2.64
v 5.225 -0.25 -2.64
v 5.225 -0.05 -2.64
v 5.175 -0.05 -2.64
v 5.325 -0.25 -2.66
v 5.375 -0.25 -2.66
v 5.375 -0.05 -2.66
v 5.325 -0.05 -2.66
v 5.325 -0.25 -2.64
v 5.375 -0.25 -2.64
v 5.375 -0.05 -2.64
v 5.325 -0.05 -2.64
f 5335 5337 5336
f 5335 5338 5337
f 5340 5342 5339
f 5340 5341 5342
f 5339 5338 5335
f 5339 5342 5338
f 5336 5341 5340
f 5336 5337 5341
f 5338 5341 5337
f 5338 5342 5341
f 5339 5336 5340
f 5339 5335 5336
f 5343 5345 5344
f 5343 5346 5345
f 5348 5350 5347
f 5348 5349 5350
f 5347 5346 5343
f 5347 5350 5346
f 5344 5349 5348
f 5344 5345 5349
f 5346 5349 5345
f 5346 5350 5349
f 5347 5344 5348
f 5347 5343 5344
f 5351 5353 5352
f 5351 5354 5353
f 5356 5358 5355
f 5356 5357 5358
f 5355 5354 5351
f 5355 5358 5354
f 5352 5357 5356
f 5352 5353 5357
f 5354 5357 5353
f 5354 5358 5357
f 5355 5352 5356
f 5355 5351 5352
f 5359 5361 5360
f 5359 5362 5361
f 5364 5366 5363
f 5364 5365 5366
f 5363 5362 5359
f 5363 5366 5362
f 5360 5365 5364
f 5360 5361 5365
f 5362 5365 5361
f 5362 5366 5365
f 5363 5360 5364
f 5363 5359 5360
f 5367 5369 5368
f 5367 5370 5369
f 5372 5374 5371
f 5372 5373 5374
f 5371 5370 5367
f 5371 5374 5370
f 5368 5373 5372
f 5368 5369 5373
f 5370 5373 5369
f 5370 5374 5373
f 5371 5368 5372
f 5371 5367 5368
f 5375 5377 5376
f 5375 5378 5377
f 5380 5382 5379
f 5380 5381 5382
f 5379 5378 5375
f 5379 5382 5378
f 5376 5381 5380
f 5376 5377 5381
f 5378 5381 5377
f 5378 5382 5381
f 5379 5376 5380
f 5379 5375 5376
o metal
usemtl metal
v 5.95 -1.08 -3.19
v 7.15 -1.08 -3.19
v 7.15 -1.02 -3.19
v 5.95 -1.02 -3.19
v 5.95 -1.08 -3.11
v 7.15 -1.08 -3.11
v 7.15 -1.02 -3.11
v 5.95 -1.02 -3.11
v 5.95 -0.84 -3.19
v 7.15 -0.84 -3.19
v 7.15 -0.78 -3.19
v 5.95 -0.78 -3.19
v 5.95 -0.84 -3.11
v 7.15 -0.84 -3.11
v 7.15 -0.78 -3.11
v 5.95 -0.78 -3.11
v 5.95 -0.6 -3.19
v 7.15 -0.6 -3.19
v 7.15 -0.54 -3.19
v 5.95 -0.54 -3.19
v 5.95 -0.6 -3.11
v 7.15 -0.6 -3.11
v 7.15 -0.54 -3.11
v 5.95 -0.54 -3.11
v 5.95 -0.36 -3.19
v 7.15 -0.36 -3.19
v 7.15 -0.3 -3.19
v 5.95 -0.3 -3.19
v 5.95 -0.36 -3.11
v 7.15 -0.36 -3.11
v 7.15 -0.3 -3.11
v 5.95 -0.3 -3.11
v 5.95 -0.12 -3.19
v 7.15 -0.12 -3.19
v 7.15 -0.06 -3.19
v 5.95 -0.06 -3.19
v 5.95 -0.12 -3.11
v 7.15 -0.12 -3.11
v 7.15 -0.06 -3.11
v 5.95 -0.06 -3.11
v 5.95 0.12 -3.19
v 7.15 0.12 -3.19
v 7.15 0.18 -3.19
v 5.95 0.18 -3.19
v 5.95 0.12 -3.11
v 7.15 0.12 -3.11
v 7.15 0.18 -3.11
v 5.95 0.18 -3.11
v 5.95 0.36 -3.19
v 7.15 0.36 -3.19
v 7.15 0.42 -3.19
v 5.95 0.42 -3.19
v 5.95 0.36 -3.11
v 7.15 0.36 -3.11
v 7.15 0.42 -3.11
v 5.95 0.42 -3.11
v 5.98 -1.2 -3.195
v 5.948180195 -1.2 -3.181819805
v 5.935 -1.2 -3.15
v 5.948180195 -1.2 -3.118180195
v 5.98 -1.2 -3.105
v 6.011819805 -1.2 -3.118180195
v 6.025 -1.2 -3.15
v 6.011819805 -1.2 -3.181819805
v 5.98 0.55 -3.195
v 5.948180195 0.55 -3.181819805
v 5.935 0.55 -3.15
v 5.948180195 0.55 -3.118180195
v 5.98 0.55 -3.105
v 6.011819805 0.55 -3.118180195
v 6.025 0.55 -3.15
v 6.011819805 0.55 -3.181819805
v 5.98 -1.2 -3.15
v 5.98 0.55 -3.15
v 7.12 -1.2 -3.195
v 7.088180195 -1.2 -3.181819805
v 7.075 -1.2 -3.15
v 7.088180195 -1.2 -3.118180195
v 7.12 -1.2 -3.105
v 7.151819805 -1.2 -3.118180195
v 7.165 -1.2 -3.15
v 7.151819805 -1.2 -3.181819805
v 7.12 0.55 -3.195
v 7.088180195 0.55 -3.181819805
v 7.075 0.55 -3.15
v 7.088180195 0.55 -3.118180195
v 7.12 0.55 -3.105
v 7.151819805 0.55 -3.118180195
v 7.165 0.55 -3.15
v 7.151819805 0.55 -3.181819805
v 7.12 -1.2 -3.15
v 7.12 0.55 -3.15
f 5383 5385 5384
f 5383 5386 5385
f 5388 5390 5387
f 5388 5389 5390
f 5387 5386 5383
f 5387 5390 5386
f 5384 5389 5388
f 5384 5385 5389
f 5386 5389 5385
f 5386 5390 5389
f 5387 5384 5388
f 5387 5383 5384
f 5391 5393 5392
f 5391 5394 5393
f 5396 5398 5395
f 5396 5397 5398
f 5395 5394 5391
f 5395 5398 5394
f 5392 5397 5396
f 5392 5393 5397
f 5394 5397 5393
f 5394 5398 5397
f 5395 5392 5396
f 5395 5391 5392
f 5399 5401 5400
f 5399 5402 5401
f 5404 5406 5403
f 5404 5405 5406
f 5403 5402 5399
f 5403 5406 5402
f 5400 5405 5404
f 5400 5401 5405
f 5402 5405 5401
f 5402 5406 5405
f 5403 5400 5404
f 5403 5399 5400
f 5407 5409 5408
f 5407 5410 5409
f 5412 5414 5411
f 5412 5413 5414
f 5411 5410 5407
f 5411 5414 5410
f 5408 5413 5412
f 5408 5409 5413
f 5410 5413 5409
f 5410 5414 5413
f 5411 5408 5412
f 5411 5407 5408
f 5415 5417 5416
f 5415 5418 5417
f 5420 5422 5419
f 5420 5421 5422
f 5419 5418 5415
f 5419 5422 5418
f 5416 5421 5420
f 5416 5417 5421
f 5418 5421 5417
f 5418 5422 5421
f 5419 5416 5420
f 5419 5415 5416
f 5423 5425 5424
f 5423 5426 5425
f 5428 5430 5427
f 5428 5429 5430
f 5427 5426 5423
f 5427 5430 5426
f 5424 5429 5428
f 5424 5425 5429
f 5426 5429 5425
f 5426 5430 5429
f 5427 5424 5428
f 5427 5423 5424
f 5431 5433 5432
f 5431 5434 5433
f 5436 5438 5435
f 5436 5437 5438
f 5435 5434 5431
f 5435 5438 5434
f 5432 5437 5436
f 5432 5433 5437
f 5434 5437 5433
f 5434 5438 5437
f 5435 5432 5436
f 5435 5431 5432
f 5439 5448 5447
f 5439 5440 5448
f 5455 5440 5439
f 5456 5447 5448
f 5440 5449 5448
f 5440 5441 5449
f 5455 5441 5440
f 5456 5448 5449
f 5441 5450 5449
f 5441 5442 5450
f 5455 5442 5441
f 5456 5449 5450
f 5442 5451 5450
f 5442 5443 5451
f 5455 5443 5442
f 5456 5450 5451
f 5443 5452 5451
f 5443 5444 5452
f 5455 5444 5443
f 5456 5451 5452
f 5444 5453 5452
f 5444 5445 5453
f 5455 5445 5444
f 5456 5452 5453
f 5445 5454 5453
f 5445 5446 5454
f 5455 5446 5445
f 5456 5453 5454
f 5446 5447 5454
f 5446 5439 5447
f 5455 5439 5446
f 5456 5454 5447
f 5457 5466 5465
f 5457 5458 5466
f 5473 5458 5457
f 5474 5465 5466
f 5458 5467 5466
f 5458 5459 5467
f 5473 5459 5458
f 5474 5466 5467
f 5459 5468 5467
f 5459 5460 5468
f 5473 5460 5459
f 5474 5467 5468
f 5460 5469 5468
f 5460 5461 5469
f 5473 5461 5460
f 5474 5468 5469
f 5461 5470 5469
f 5461 5462 5470
f 5473 5462 5461
f 5474 5469 5470
f 5462 5471 5470
f 5462 5463 5471
f 5473 5463 5462
f 5474 5470 5471
f 5463 5472 5471
f 5463 5464 5472
f 5473 5464 5463
f 5474 5471 5472
f 5464 5465 5472
f 5464 5457 5465
f 5473 5457 5464
f 5474 5472 5465
