# Wavefront OBJ file
# Exported by Misfit Model 3D 1.3.7a
# Sun Dec 28 09:14:31 2008

mtllib box1.mtl

# 1240 Vertices
v 0.12525407 0.9678619399999999 -0.90327497
v 0.06666064999999999 0.93650831 -0.89844985
v 0.06666065999999993 0.93650831 -0.76817178
v 0.89673406 0.30495673 0.11482401000000009
v 0.89673405 0.73494931 0.11482401000000009
v 0.48169737999999995 0.30495672 0.11482402000000003
v 0.90649962 0.7842192900000001 0.07622309999999999
v 0.47193179999999996 0.78421928 0.07622311000000004
v 0.89673405 0.73494931 0.11482401000000009
v 0.48169736999999996 0.7349493 0.11482402000000003
v 0.47193179999999996 0.78421928 0.07622311000000004
v 0.47193180999999995 0.23777038 0.07622311000000004
v 0.48169736999999996 0.7349493 0.11482402000000003
v 0.48169737999999995 0.30495672 0.11482402000000003
v 0.47193180999999995 0.23777038 0.07622311000000004
v 0.9064996299999999 0.23777039 0.07622309999999999
v 0.48169737999999995 0.30495672 0.11482402000000003
v 0.89673406 0.30495673 0.11482401000000009
v 0.9064996299999999 0.23777039 0.07622309999999999
v 0.90649962 0.7842192900000001 0.07622309999999999
v 0.89673406 0.30495673 0.11482401000000009
v 0.89673405 0.73494931 0.11482401000000009
v 0.9064996299999999 0.23777039 0.07622309999999999
v 1.11157657 0.6050557200000001 0.07622309000000005
v 0.90649962 0.7842192900000001 0.07622309999999999
v 1.2629429 0.11235590000000001 0.07622309000000005
v 1.2678256700000001 0.73494932 0.07622309000000005
v 1.26782566 0.9544247 0.07622309000000005
v 1.11157657 0.73494932 0.07622309000000005
v 1.11157657 0.73494932 0.07622309000000005
v 1.26782566 0.9544247 0.07622309000000005
v 0.87720291 0.92307106 0.07622309999999999
v 0.90649962 0.7842192900000001 0.07622309999999999
v 0.90649962 0.7842192900000001 0.07622309999999999
v 1.26294289 0.60505573 0.07622309000000005
v 0.47193179999999996 0.78421928 0.07622311000000004
v 0.2668548499999999 0.6050557 0.07622311000000004
v 0.47193180999999995 0.23777038 0.07622311000000004
v 0.11548855000000002 0.11235587000000001 0.07622311999999998
v 0.2668548499999999 0.73494929 0.07622311000000004
v 0.11060574000000001 0.95442467 0.07622311999999998
v 0.11060574999999995 0.73494929 0.07622311999999998
v 0.2668548499999999 0.73494929 0.07622311000000004
v 0.47193179999999996 0.78421928 0.07622311000000004
v 0.5012285 0.9230710500000001 0.07622311000000004
v 0.11060574000000001 0.95442467 0.07622311999999998
v 0.5012285 0.9230710500000001 0.07622311000000004
v 1.26782566 0.9544247 0.07622309000000005
v 0.11060574000000001 0.95442467 0.07622311999999998
v 0.87720291 0.92307106 0.07622309999999999
v 1.2629429 0.11235590000000001 0.07622309000000005
v 0.12525412000000002 0.09443951 0.06174776999999998
v 1.25317733 0.09443954 0.06174774000000005
v 0.11548855000000002 0.11235587000000001 0.07622311999999998
v 0.47193179999999996 0.78421928 0.07622311000000004
v 0.11548852999999992 0.6050557 0.07622311999999998
v 1.25317733 0.09443954 0.06174774000000005
v 0.12525412000000002 0.09443951 0.06174776999999998
v 1.25317733 0.01829502 0.06174774000000005
v 0.12525412000000002 0.01829499 0.06174776999999998
v 1.25317733 0.01829502 0.06174774000000005
v 0.12525412000000002 0.01829499 0.06174776999999998
v 1.22876341 0.00037865999999999996 0.03762217999999995
v 0.14966804 0.00037863 0.03762220999999999
v 0.47193179999999996 0.78421928 0.07622311000000004
v 0.90649962 0.7842192900000001 0.07622309999999999
v 0.51099407 0.88723834 0.02314684999999994
v 0.86743734 0.88723835 0.02314684999999994
v 0.5012285 0.9230710500000001 0.07622311000000004
v 0.47193179999999996 0.78421928 0.07622311000000004
v 0.51099407 0.88723834 0.02314684999999994
v 0.90649962 0.7842192900000001 0.07622309999999999
v 0.87720291 0.92307106 0.07622309999999999
v 0.86743734 0.88723835 0.02314684999999994
v 0.51099407 0.88723834 0.02314684999999994
v 0.87720291 0.92307106 0.07622309999999999
v 0.5012285 0.9230710500000001 0.07622311000000004
v 0.86743734 0.88723835 0.02314684999999994
v 1.2678256700000001 0.73494932 0.07622309000000005
v 1.17016998 0.7170329599999999 0.056922629999999974
v 1.24829453 0.7170329599999999 0.056922629999999974
v 1.11157657 0.73494932 0.07622309000000005
v 1.17016998 0.7170329599999999 0.056922629999999974
v 1.11157657 0.6050557200000001 0.07622309000000005
v 1.17016998 0.66328389 0.056922629999999974
v 1.11157657 0.6050557200000001 0.07622309000000005
v 1.17016998 0.7170329599999999 0.056922629999999974
v 1.11157657 0.73494932 0.07622309000000005
v 1.17016998 0.66328389 0.056922629999999974
v 1.26294289 0.60505573 0.07622309000000005
v 1.24829453 0.66328389 0.06174774000000005
v 1.26294289 0.60505573 0.07622309000000005
v 1.17016998 0.66328389 0.056922629999999974
v 1.11157657 0.6050557200000001 0.07622309000000005
v 0.13013688 0.71703293 0.056922660000000014
v 0.20826143999999996 0.71703293 0.056922660000000014
v 0.11060574999999995 0.73494929 0.07622311999999998
v 0.2668548499999999 0.73494929 0.07622311000000004
v 0.20826143999999996 0.66328386 0.056922660000000014
v 0.2668548499999999 0.6050557 0.07622311000000004
v 0.20826143999999996 0.71703293 0.056922660000000014
v 0.2668548499999999 0.73494929 0.07622311000000004
v 0.20826143999999996 0.71703293 0.056922660000000014
v 0.2668548499999999 0.6050557 0.07622311000000004
v 0.13013688999999995 0.66328386 0.06174776999999998
v 0.11548852999999992 0.6050557 0.07622311999999998
v 0.20826143999999996 0.66328386 0.056922660000000014
v 0.2668548499999999 0.6050557 0.07622311000000004
v 0.20826143999999996 0.66328386 0.056922660000000014
v 0.11548852999999992 0.6050557 0.07622311999999998
v 0.11060571999999991 0.73494929 -0.92257542
v 0.11060570999999997 0.95442467 -1.0818041699999998
v 0.11060571999999991 0.73494929 -1.0818041699999998
v 0.11060571999999991 0.73494929 -0.92257542
v 0.11548850999999993 0.6050557 -0.92257542
v 0.11060571999999991 0.78421927 -0.7199206499999999
v 0.11548852999999992 0.6050557 -0.08300563999999999
v 0.11060574000000001 0.73494929 -0.08300563999999999
v 0.11060574000000001 0.78421927 -0.28566041
v 0.11548852999999992 0.6050557 0.07622311999999998
v 0.11548852999999992 0.6050557 -0.08300563999999999
v 0.11548855000000002 0.11235587000000001 0.07622311999999998
v 0.11060574000000001 0.78421927 -0.28566041
v 0.11548850999999993 0.6050557 -0.92257542
v 0.11548852999999992 0.6050557 -0.08300563999999999
v 0.11060571999999991 0.78421927 -0.7199206499999999
v 0.11060572999999996 0.92307104 -0.31461109
v 0.11060574000000001 0.78421927 -0.28566041
v 0.11060574000000001 0.95442467 0.07622311999999998
v 0.11060571999999991 0.78421927 -0.7199206499999999
v 0.11060571999999991 0.92307104 -0.69096996
v 0.11060570999999997 0.95442467 -1.0818041699999998
v 0.11060571999999991 0.92307104 -0.69096996
v 0.11060574000000001 0.95442467 0.07622311999999998
v 0.11060570999999997 0.95442467 -1.0818041699999998
v 0.11060572999999996 0.92307104 -0.31461109
v 0.11548855000000002 0.11235587000000001 0.07622311999999998
v 0.12525408999999998 0.09443951 -1.06250372
v 0.12525412000000002 0.09443951 0.06174776999999998
v 0.11548851999999987 0.11235587000000001 -1.0818041699999998
v 0.11548850999999993 0.6050557 -0.92257542
v 0.11548855000000002 0.11235587000000001 0.07622311999999998
v 0.11548852999999992 0.6050557 -0.08300563999999999
v 0.11548851999999987 0.11235587000000001 -1.0818041699999998
v 0.11060571999999991 0.78421927 -0.7199206499999999
v 0.11548851999999987 0.11235587000000001 -1.0818041699999998
v 0.11548850999999993 0.6050557 -0.92257542
v 0.1154885 0.6050557 -1.0818041699999998
v 0.11060574999999995 0.73494929 0.07622311999999998
v 0.11060574000000001 0.95442467 0.07622311999999998
v 0.11060574000000001 0.73494929 -0.08300563999999999
v 0.11060574000000001 0.78421927 -0.28566041
v 0.16431635999999994 0.88723833 -0.32426131999999996
v 0.11060571999999991 0.78421927 -0.7199206499999999
v 0.11060574000000001 0.78421927 -0.28566041
v 0.1643163499999999 0.88723833 -0.68131974
v 0.16431635999999994 0.88723833 -0.32426131999999996
v 0.11060574000000001 0.78421927 -0.28566041
v 0.11060572999999996 0.92307104 -0.31461109
v 0.1643163499999999 0.88723833 -0.68131974
v 0.11060572999999996 0.92307104 -0.31461109
v 0.11060571999999991 0.92307104 -0.69096996
v 0.16431635999999994 0.88723833 -0.32426131999999996
v 0.1643163499999999 0.88723833 -0.68131974
v 0.11060571999999991 0.92307104 -0.69096996
v 0.11060571999999991 0.78421927 -0.7199206499999999
v 0.12525412000000002 0.09443951 0.06174776999999998
v 0.12525408999999998 0.09443951 -1.06250372
v 0.12525412000000002 0.01829499 0.06174776999999998
v 0.12525408999999998 0.01829499 -1.06250372
v 0.12525412000000002 0.01829499 0.06174776999999998
v 0.12525408999999998 0.01829499 -1.06250372
v 0.14966804 0.00037863 0.03762220999999999
v 0.14966800999999996 0.00037863 -1.04320327
v 0.1301368599999999 0.71703293 -0.9853019000000001
v 0.11060571999999991 0.73494929 -1.0818041699999998
v 0.13013684999999997 0.71703293 -1.06250372
v 0.11060571999999991 0.73494929 -0.92257542
v 0.11548850999999993 0.6050557 -0.92257542
v 0.11060571999999991 0.73494929 -0.92257542
v 0.1301368599999999 0.71703293 -0.9853019000000001
v 0.11548850999999993 0.6050557 -0.92257542
v 0.1301368599999999 0.71703293 -0.9853019000000001
v 0.1301368599999999 0.66328386 -0.9853019000000001
v 0.13013688 0.66328386 -0.020279159999999963
v 0.11548852999999992 0.6050557 0.07622311999999998
v 0.13013688999999995 0.66328386 0.06174776999999998
v 0.13013688 0.66328386 -0.020279159999999963
v 0.11548852999999992 0.6050557 -0.08300563999999999
v 0.11548852999999992 0.6050557 0.07622311999999998
v 0.1301368599999999 0.66328386 -1.06250372
v 0.1154885 0.6050557 -1.0818041699999998
v 0.1301368599999999 0.66328386 -0.9853019000000001
v 0.1154885 0.6050557 -1.0818041699999998
v 0.11548850999999993 0.6050557 -0.92257542
v 0.1301368599999999 0.66328386 -0.9853019000000001
v 0.13013688 0.71703293 0.056922660000000014
v 0.11060574999999995 0.73494929 0.07622311999999998
v 0.13013688 0.71703293 -0.020279159999999963
v 0.11060574000000001 0.73494929 -0.08300563999999999
v 0.13013688 0.71703293 -0.020279159999999963
v 0.11060574000000001 0.73494929 -0.08300563999999999
v 0.11548852999999992 0.6050557 -0.08300563999999999
v 0.13013688 0.66328386 -0.020279159999999963
v 0.13013688 0.71703293 -0.020279159999999963
v 0.11548852999999992 0.6050557 -0.08300563999999999
v 1.24341171 0.96338288 -1.05767864
v 1.26782566 0.9544247 0.07622309000000005
v 1.26782563 0.9544247 -1.08180421
v 1.24341174 0.96338288 0.05209752000000001
v 0.13501962999999995 0.96338285 -1.05767861
v 1.26782563 0.9544247 -1.08180421
v 0.11060570999999997 0.95442467 -1.0818041699999998
v 1.24341171 0.96338288 -1.05767864
v 0.13501965999999999 0.96338285 0.05209755000000005
v 0.11060570999999997 0.95442467 -1.0818041699999998
v 0.11060574000000001 0.95442467 0.07622311999999998
v 0.13501962999999995 0.96338285 -1.05767861
v 1.24341174 0.96338288 0.05209752000000001
v 0.11060574000000001 0.95442467 0.07622311999999998
v 1.26782566 0.9544247 0.07622309000000005
v 0.13501965999999999 0.96338285 0.05209755000000005
v 0.89673402 0.73494931 -1.11557999
v 0.89673403 0.30495673 -1.11557999
v 0.48169734 0.7349493 -1.1155799800000001
v 0.4816973499999999 0.30495672 -1.1155799800000001
v 0.47193177 0.78421928 -1.08180418
v 0.9064995899999999 0.7842192900000001 -1.0818042
v 0.48169734 0.7349493 -1.1155799800000001
v 0.89673402 0.73494931 -1.11557999
v 0.9064995899999999 0.7842192900000001 -1.0818042
v 0.9064996 0.23777039 -1.0818042
v 0.89673402 0.73494931 -1.11557999
v 0.89673403 0.30495673 -1.11557999
v 0.9064996 0.23777039 -1.0818042
v 0.4719317799999999 0.23777038 -1.08180418
v 0.89673403 0.30495673 -1.11557999
v 0.4816973499999999 0.30495672 -1.1155799800000001
v 0.4719317799999999 0.23777038 -1.08180418
v 0.47193177 0.78421928 -1.08180418
v 0.4816973499999999 0.30495672 -1.1155799800000001
v 0.48169734 0.7349493 -1.1155799800000001
v 0.4719317799999999 0.23777038 -1.08180418
v 0.26685481999999994 0.6050557 -1.08180418
v 0.47193177 0.78421928 -1.08180418
v 0.11548851999999987 0.11235587000000001 -1.0818041699999998
v 0.11060571999999991 0.73494929 -1.0818041699999998
v 0.11060570999999997 0.95442467 -1.0818041699999998
v 0.26685481999999994 0.73494929 -1.08180418
v 0.26685481999999994 0.73494929 -1.08180418
v 0.11060570999999997 0.95442467 -1.0818041699999998
v 0.5012284699999999 0.9230710500000001 -1.0818041900000002
v 0.47193177 0.78421928 -1.08180418
v 0.47193177 0.78421928 -1.08180418
v 0.1154885 0.6050557 -1.0818041699999998
v 0.9064995899999999 0.7842192900000001 -1.0818042
v 1.11157654 0.6050557200000001 -1.0818042
v 0.9064996 0.23777039 -1.0818042
v 1.2629428699999998 0.11235590000000001 -1.08180421
v 1.11157653 0.73494932 -1.0818042
v 1.26782563 0.9544247 -1.08180421
v 1.2678256399999999 0.73494932 -1.08180421
v 1.11157653 0.73494932 -1.0818042
v 0.9064995899999999 0.7842192900000001 -1.0818042
v 0.87720287 0.92307106 -1.0818042
v 1.26782563 0.9544247 -1.08180421
v 0.87720287 0.92307106 -1.0818042
v 0.11060570999999997 0.95442467 -1.0818041699999998
v 1.26782563 0.9544247 -1.08180421
v 0.5012284699999999 0.9230710500000001 -1.0818041900000002
v 0.11548851999999987 0.11235587000000001 -1.0818041699999998
v 1.2531773 0.09443954 -1.0625037499999999
v 0.12525408999999998 0.09443951 -1.06250372
v 1.2629428699999998 0.11235590000000001 -1.08180421
v 0.9064995899999999 0.7842192900000001 -1.0818042
v 1.26294286 0.60505573 -1.08180421
v 0.12525408999999998 0.09443951 -1.06250372
v 1.2531773 0.09443954 -1.0625037499999999
v 0.12525408999999998 0.01829499 -1.06250372
v 1.2531773 0.01829502 -1.0625037499999999
v 0.12525408999999998 0.01829499 -1.06250372
v 1.2531773 0.01829502 -1.0625037499999999
v 0.14966800999999996 0.00037863 -1.04320327
v 1.22876338 0.00037865999999999996 -1.0432033
v 0.9064995899999999 0.7842192900000001 -1.0818042
v 0.47193177 0.78421928 -1.08180418
v 0.8674373099999999 0.88723835 -1.02872794
v 0.5109940399999999 0.88723834 -1.02872793
v 0.87720287 0.92307106 -1.0818042
v 0.9064995899999999 0.7842192900000001 -1.0818042
v 0.8674373099999999 0.88723835 -1.02872794
v 0.47193177 0.78421928 -1.08180418
v 0.5012284699999999 0.9230710500000001 -1.0818041900000002
v 0.5109940399999999 0.88723834 -1.02872793
v 0.8674373099999999 0.88723835 -1.02872794
v 0.5012284699999999 0.9230710500000001 -1.0818041900000002
v 0.87720287 0.92307106 -1.0818042
v 0.5109940399999999 0.88723834 -1.02872793
v 0.11060571999999991 0.73494929 -1.0818041699999998
v 0.20826140999999992 0.71703293 -1.06250372
v 0.13013684999999997 0.71703293 -1.06250372
v 0.26685481999999994 0.73494929 -1.08180418
v 0.20826140999999992 0.71703293 -1.06250372
v 0.26685481999999994 0.6050557 -1.08180418
v 0.20826140999999992 0.66328386 -1.06250372
v 0.26685481999999994 0.6050557 -1.08180418
v 0.20826140999999992 0.71703293 -1.06250372
v 0.26685481999999994 0.73494929 -1.08180418
v 0.20826140999999992 0.66328386 -1.06250372
v 0.1154885 0.6050557 -1.0818041699999998
v 0.1301368599999999 0.66328386 -1.06250372
v 0.1154885 0.6050557 -1.0818041699999998
v 0.20826140999999992 0.66328386 -1.06250372
v 0.26685481999999994 0.6050557 -1.08180418
v 1.2482945 0.7170329599999999 -1.0625037499999999
v 1.17016995 0.7170329599999999 -1.0625037499999999
v 1.2678256399999999 0.73494932 -1.08180421
v 1.11157653 0.73494932 -1.0818042
v 1.17016995 0.66328389 -1.0625037499999999
v 1.11157654 0.6050557200000001 -1.0818042
v 1.17016995 0.7170329599999999 -1.0625037499999999
v 1.11157653 0.73494932 -1.0818042
v 1.17016995 0.7170329599999999 -1.0625037499999999
v 1.11157654 0.6050557200000001 -1.0818042
v 1.2482945 0.66328389 -1.0625037499999999
v 1.26294286 0.60505573 -1.08180421
v 1.17016995 0.66328389 -1.0625037499999999
v 1.11157654 0.6050557200000001 -1.0818042
v 1.17016995 0.66328389 -1.0625037499999999
v 1.26294286 0.60505573 -1.08180421
v 1.2678256700000001 0.73494932 -0.08300566999999998
v 1.26782566 0.9544247 0.07622309000000005
v 1.2678256700000001 0.73494932 0.07622309000000005
v 1.2678256700000001 0.73494932 -0.08300566999999998
v 1.26294288 0.60505573 -0.08300566999999998
v 1.26782566 0.7842193000000001 -0.28566044
v 1.26294286 0.60505573 -0.9225754500000001
v 1.2678256399999999 0.73494932 -0.9225754500000001
v 1.2678256499999998 0.7842193000000001 -0.71992068
v 1.26294286 0.60505573 -1.08180421
v 1.26294286 0.60505573 -0.9225754500000001
v 1.2629428699999998 0.11235590000000001 -1.08180421
v 1.2678256499999998 0.7842193000000001 -0.71992068
v 1.26294288 0.60505573 -0.08300566999999998
v 1.26294286 0.60505573 -0.9225754500000001
v 1.26782566 0.7842193000000001 -0.28566044
v 1.2678256399999999 0.92307107 -0.69096999
v 1.2678256499999998 0.7842193000000001 -0.71992068
v 1.26782563 0.9544247 -1.08180421
v 1.26782566 0.7842193000000001 -0.28566044
v 1.2678256499999998 0.92307107 -0.31461113
v 1.26782566 0.9544247 0.07622309000000005
v 1.2678256499999998 0.92307107 -0.31461113
v 1.26782563 0.9544247 -1.08180421
v 1.26782566 0.9544247 0.07622309000000005
v 1.2678256399999999 0.92307107 -0.69096999
v 1.2629428699999998 0.11235590000000001 -1.08180421
v 1.25317733 0.09443954 0.06174774000000005
v 1.2531773 0.09443954 -1.0625037499999999
v 1.2629429 0.11235590000000001 0.07622309000000005
v 1.26294288 0.60505573 -0.08300566999999998
v 1.2629428699999998 0.11235590000000001 -1.08180421
v 1.26294286 0.60505573 -0.9225754500000001
v 1.2629429 0.11235590000000001 0.07622309000000005
v 1.26782566 0.7842193000000001 -0.28566044
v 1.2629429 0.11235590000000001 0.07622309000000005
v 1.26294288 0.60505573 -0.08300566999999998
v 1.26294289 0.60505573 0.07622309000000005
v 1.2678256399999999 0.73494932 -1.08180421
v 1.26782563 0.9544247 -1.08180421
v 1.2678256399999999 0.73494932 -0.9225754500000001
v 1.2678256499999998 0.7842193000000001 -0.71992068
v 1.21411502 0.8872383600000001 -0.68131977
v 1.26782566 0.7842193000000001 -0.28566044
v 1.2678256499999998 0.7842193000000001 -0.71992068
v 1.2141150299999999 0.8872383600000001 -0.32426135
v 1.21411502 0.8872383600000001 -0.68131977
v 1.2678256499999998 0.7842193000000001 -0.71992068
v 1.2678256399999999 0.92307107 -0.69096999
v 1.2141150299999999 0.8872383600000001 -0.32426135
v 1.2678256399999999 0.92307107 -0.69096999
v 1.2678256499999998 0.92307107 -0.31461113
v 1.21411502 0.8872383600000001 -0.68131977
v 1.2141150299999999 0.8872383600000001 -0.32426135
v 1.2678256499999998 0.92307107 -0.31461113
v 1.26782566 0.7842193000000001 -0.28566044
v 1.2531773 0.09443954 -1.0625037499999999
v 1.25317733 0.09443954 0.06174774000000005
v 1.2531773 0.01829502 -1.0625037499999999
v 1.25317733 0.01829502 0.06174774000000005
v 1.2531773 0.01829502 -1.0625037499999999
v 1.25317733 0.01829502 0.06174774000000005
v 1.22876338 0.00037865999999999996 -1.0432033
v 1.22876341 0.00037865999999999996 0.03762217999999995
v 1.24829453 0.7170329599999999 -0.020279189999999947
v 1.2678256700000001 0.73494932 0.07622309000000005
v 1.24829453 0.7170329599999999 0.056922629999999974
v 1.2678256700000001 0.73494932 -0.08300566999999998
v 1.26294288 0.60505573 -0.08300566999999998
v 1.2678256700000001 0.73494932 -0.08300566999999998
v 1.24829453 0.7170329599999999 -0.020279189999999947
v 1.26294288 0.60505573 -0.08300566999999998
v 1.24829453 0.7170329599999999 -0.020279189999999947
v 1.24829453 0.66328389 -0.020279189999999947
v 1.24829451 0.66328389 -0.98530193
v 1.26294286 0.60505573 -1.08180421
v 1.2482945 0.66328389 -1.0625037499999999
v 1.24829451 0.66328389 -0.98530193
v 1.26294286 0.60505573 -0.9225754500000001
v 1.26294286 0.60505573 -1.08180421
v 1.24829453 0.66328389 0.06174774000000005
v 1.26294289 0.60505573 0.07622309000000005
v 1.24829453 0.66328389 -0.020279189999999947
v 1.26294289 0.60505573 0.07622309000000005
v 1.26294288 0.60505573 -0.08300566999999998
v 1.24829453 0.66328389 -0.020279189999999947
v 1.2482945 0.7170329599999999 -1.0625037499999999
v 1.2678256399999999 0.73494932 -1.08180421
v 1.2482945 0.7170329599999999 -0.98530193
v 1.2678256399999999 0.73494932 -0.9225754500000001
v 1.2482945 0.7170329599999999 -0.98530193
v 1.2678256399999999 0.73494932 -0.9225754500000001
v 1.26294286 0.60505573 -0.9225754500000001
v 1.24829451 0.66328389 -0.98530193
v 1.2482945 0.7170329599999999 -0.98530193
v 1.26294286 0.60505573 -0.9225754500000001
v 1.17016995 0.66328389 -1.0625037499999999
v 1.24829451 0.66328389 -0.98530193
v 1.2482945 0.66328389 -1.0625037499999999
v 1.2482945 0.7170329599999999 -1.0625037499999999
v 1.2482945 0.7170329599999999 -0.98530193
v 1.17016995 0.7170329599999999 -1.0625037499999999
v 1.2482945 0.7170329599999999 -0.98530193
v 1.24829451 0.66328389 -0.98530193
v 1.17016995 0.66328389 -1.0625037499999999
v 1.17016995 0.7170329599999999 -1.0625037499999999
v 0.1301368599999999 0.66328386 -0.9853019000000001
v 0.20826140999999992 0.66328386 -1.06250372
v 0.1301368599999999 0.66328386 -1.06250372
v 0.13013684999999997 0.71703293 -1.06250372
v 0.20826140999999992 0.71703293 -1.06250372
v 0.1301368599999999 0.71703293 -0.9853019000000001
v 0.20826140999999992 0.71703293 -1.06250372
v 0.20826140999999992 0.66328386 -1.06250372
v 0.1301368599999999 0.66328386 -0.9853019000000001
v 0.1301368599999999 0.71703293 -0.9853019000000001
v 0.20826143999999996 0.66328386 0.056922660000000014
v 0.13013688 0.66328386 -0.020279159999999963
v 0.13013688999999995 0.66328386 0.06174776999999998
v 0.13013688 0.71703293 0.056922660000000014
v 0.13013688 0.71703293 -0.020279159999999963
v 0.20826143999999996 0.71703293 0.056922660000000014
v 0.13013688 0.71703293 -0.020279159999999963
v 0.13013688 0.66328386 -0.020279159999999963
v 0.20826143999999996 0.66328386 0.056922660000000014
v 0.20826143999999996 0.71703293 0.056922660000000014
v 1.24829453 0.66328389 -0.020279189999999947
v 1.17016998 0.66328389 0.056922629999999974
v 1.24829453 0.66328389 0.06174774000000005
v 1.24829453 0.7170329599999999 0.056922629999999974
v 1.17016998 0.7170329599999999 0.056922629999999974
v 1.24829453 0.7170329599999999 -0.020279189999999947
v 1.17016998 0.7170329599999999 0.056922629999999974
v 1.17016998 0.66328389 0.056922629999999974
v 1.24829453 0.66328389 -0.020279189999999947
v 1.24829453 0.7170329599999999 -0.020279189999999947
v 0.14966800999999996 0.00037863 -1.04320327
v 1.22876341 0.00037865999999999996 0.03762217999999995
v 0.14966804 0.00037863 0.03762220999999999
v 1.22876338 0.00037865999999999996 -1.0432033
v 0.21802697 1.1425464300000001 -0.88397452
v 0.21802697 1.1425464300000001 -0.78264713
v 0.23267531999999996 1.0932764400000001 -0.88397452
v 0.23267532999999996 1.0932764400000001 -0.78264713
v 0.0813090099999999 0.93202922 -0.88397451
v 0.0813090099999999 0.93202922 -0.78264712
v 0.08130899999999996 1.10671371 -0.88397451
v 0.0813090099999999 1.10671371 -0.78264712
v 0.1154885 0.94994558 -0.88397451
v 0.0813090099999999 0.93202922 -0.88397451
v 0.1154885 1.08431826 -0.88397451
v 0.08130899999999996 1.10671371 -0.88397451
v 0.0813090099999999 0.93202922 -0.78264712
v 0.1154885 0.94994558 -0.78264712
v 0.0813090099999999 1.10671371 -0.78264712
v 0.1154885 1.08431826 -0.78264712
v 0.08130899999999996 1.10671371 -0.88397451
v 0.0813090099999999 1.10671371 -0.78264712
v 0.12525405999999994 1.1425464200000002 -0.88397451
v 0.12525407 1.1425464200000002 -0.78264712
v 0.12525405999999994 1.1425464200000002 -0.88397451
v 0.15455076999999995 1.1111928 -0.88397451
v 0.12525407 1.1425464200000002 -0.78264712
v 0.15455076999999995 1.1111928 -0.78264713
v 0.12525405999999994 1.1425464200000002 -0.88397451
v 0.12525407 1.1425464200000002 -0.78264712
v 0.21802697 1.1425464300000001 -0.88397452
v 0.21802697 1.1425464300000001 -0.78264713
v 0.21802697 1.1425464300000001 -0.88397452
v 0.23267531999999996 1.0932764400000001 -0.88397452
v 0.21802697 1.1425464300000001 -0.78264713
v 0.23267532999999996 1.0932764400000001 -0.78264713
v 1.1457560199999999 1.09327647 -0.8839745400000001
v 1.16040438 1.14254645 -0.7826471500000001
v 1.16040437 1.14254645 -0.8839745400000001
v 1.1457560199999999 1.09327647 -0.7826471500000001
v 1.29712234 1.10671374 -0.8839745400000001
v 1.29712235 0.9320292499999999 -0.78264716
v 1.29712235 0.9320292499999999 -0.8839745400000001
v 1.29712234 1.10671374 -0.78264716
v 1.26294285 1.08431829 -0.8839745400000001
v 1.29712235 0.9320292499999999 -0.8839745400000001
v 1.26294285 0.9499456100000001 -0.8839745400000001
v 1.29712234 1.10671374 -0.8839745400000001
v 1.29712234 1.10671374 -0.78264716
v 1.26294286 0.9499456100000001 -0.78264716
v 1.29712235 0.9320292499999999 -0.78264716
v 1.26294285 1.08431829 -0.78264716
v 1.25317728 1.14254645 -0.8839745400000001
v 1.29712234 1.10671374 -0.78264716
v 1.29712234 1.10671374 -0.8839745400000001
v 1.25317728 1.14254645 -0.78264716
v 1.25317728 1.14254645 -0.8839745400000001
v 1.22388057 1.11119283 -0.8839745400000001
v 1.25317728 1.14254645 -0.78264716
v 1.2238805799999999 1.11119283 -0.7826471500000001
v 1.16040437 1.14254645 -0.8839745400000001
v 1.25317728 1.14254645 -0.78264716
v 1.25317728 1.14254645 -0.8839745400000001
v 1.16040438 1.14254645 -0.7826471500000001
v 1.16040437 1.14254645 -0.8839745400000001
v 1.1457560199999999 1.09327647 -0.8839745400000001
v 1.16040438 1.14254645 -0.7826471500000001
v 1.1457560199999999 1.09327647 -0.7826471500000001
v 0.2326753399999999 1.0932764400000001 -0.12160654999999998
v 0.21802698999999992 1.1425464300000001 -0.22293394
v 0.21802698999999992 1.1425464300000001 -0.12160654999999998
v 0.2326753399999999 1.0932764400000001 -0.22293394
v 0.08130901999999995 1.10671371 -0.12160653999999999
v 0.08130903 0.93202922 -0.22293393
v 0.08130903 0.93202922 -0.12160653999999999
v 0.08130901999999995 1.10671371 -0.22293393
v 0.11548851999999987 1.08431826 -0.12160654999999998
v 0.08130903 0.93202922 -0.12160653999999999
v 0.11548851999999987 0.94994558 -0.12160654999999998
v 0.08130901999999995 1.10671371 -0.12160653999999999
v 0.08130901999999995 1.10671371 -0.22293393
v 0.11548851999999987 0.94994558 -0.22293393
v 0.08130903 0.93202922 -0.22293393
v 0.11548850999999993 1.08431826 -0.22293393
v 0.12525407999999993 1.1425464200000002 -0.12160654999999998
v 0.08130901999999995 1.10671371 -0.22293393
v 0.08130901999999995 1.10671371 -0.12160653999999999
v 0.12525407999999993 1.1425464200000002 -0.22293393
v 0.12525407999999993 1.1425464200000002 -0.12160654999999998
v 0.15455078999999994 1.1111928 -0.12160654999999998
v 0.12525407999999993 1.1425464200000002 -0.22293393
v 0.15455078999999994 1.1111928 -0.22293393
v 0.21802698999999992 1.1425464300000001 -0.12160654999999998
v 0.12525407999999993 1.1425464200000002 -0.22293393
v 0.12525407999999993 1.1425464200000002 -0.12160654999999998
v 0.21802698999999992 1.1425464300000001 -0.22293394
v 0.21802698999999992 1.1425464300000001 -0.12160654999999998
v 0.2326753399999999 1.0932764400000001 -0.12160654999999998
v 0.21802698999999992 1.1425464300000001 -0.22293394
v 0.2326753399999999 1.0932764400000001 -0.22293394
v 1.16040439 1.14254645 -0.12160656999999997
v 1.16040439 1.14254645 -0.22293396
v 1.14575604 1.09327647 -0.12160656999999997
v 1.14575604 1.09327647 -0.22293396
v 1.2971223699999999 0.9320292499999999 -0.12160657999999996
v 1.29712236 0.9320292499999999 -0.22293396999999998
v 1.29712236 1.10671374 -0.12160657999999996
v 1.29712236 1.10671374 -0.22293396999999998
v 1.2629428699999998 0.9499456100000001 -0.12160657999999996
v 1.2971223699999999 0.9320292499999999 -0.12160657999999996
v 1.2629428699999998 1.08431829 -0.12160657999999996
v 1.29712236 1.10671374 -0.12160657999999996
v 1.29712236 0.9320292499999999 -0.22293396999999998
v 1.2629428699999998 0.9499456100000001 -0.22293396
v 1.29712236 1.10671374 -0.22293396999999998
v 1.2629428699999998 1.08431829 -0.22293396
v 1.29712236 1.10671374 -0.12160657999999996
v 1.29712236 1.10671374 -0.22293396999999998
v 1.2531773 1.14254645 -0.12160657999999996
v 1.2531773 1.14254645 -0.22293396
v 1.2531773 1.14254645 -0.12160657999999996
v 1.2238805899999998 1.11119283 -0.12160657999999996
v 1.2531773 1.14254645 -0.22293396
v 1.2238805899999998 1.11119283 -0.22293396
v 1.2531773 1.14254645 -0.12160657999999996
v 1.2531773 1.14254645 -0.22293396
v 1.16040439 1.14254645 -0.12160656999999997
v 1.16040439 1.14254645 -0.22293396
v 1.16040439 1.14254645 -0.12160656999999997
v 1.14575604 1.09327647 -0.12160656999999997
v 1.16040439 1.14254645 -0.22293396
v 1.14575604 1.09327647 -0.22293396
v 0.06666065999999993 0.93650831 -0.76817178
v 0.06666065999999993 0.7752610900000001 -0.89844985
v 0.06666065999999993 0.7752610900000001 -0.76817178
v 0.06666064999999999 0.93650831 -0.89844985
v 0.06666065999999993 0.7752610900000001 -0.89844985
v 0.12525407 0.9678619399999999 -0.90327497
v 0.09595736999999993 0.72151202 -0.89844985
v 0.06666064999999999 0.93650831 -0.89844985
v 0.12525407 0.9678619399999999 -0.90327497
v 0.06666065999999993 0.7752610900000001 -0.89844985
v 0.48169736999999996 0.7349493 0.11482402000000003
v 0.12525407 0.9678619399999999 -0.76334667
v 0.09595736999999993 0.72151202 -0.89844985
v 0.06666065999999993 0.7752610900000001 -0.76817178
v 0.06666065999999993 0.7752610900000001 -0.89844985
v 0.09595736999999993 0.72151202 -0.76334667
v 0.06666065999999993 0.7752610900000001 -0.76817178
v 0.12525407 0.9678619399999999 -0.76334667
v 0.06666065999999993 0.93650831 -0.76817178
v 0.09595736999999993 0.72151202 -0.76334667
v 0.12525407 0.9678619399999999 -0.76334667
v 0.06666065999999993 0.7752610900000001 -0.76817178
v 0.06666067999999992 0.7752610900000001 -0.23740927
v 0.06666067999999992 0.7752610900000001 -0.10713120000000004
v 0.06666066999999998 0.93650831 -0.23740927
v 0.06666067999999992 0.93650831 -0.10713120000000004
v 0.09595738999999992 0.72151202 -0.10230609000000002
v 0.12525408999999998 0.9678619399999999 -0.10230609000000002
v 0.06666067999999992 0.7752610900000001 -0.10713120000000004
v 0.06666067999999992 0.7752610900000001 -0.10713120000000004
v 0.12525408999999998 0.9678619399999999 -0.10230609000000002
v 0.06666067999999992 0.93650831 -0.10713120000000004
v 0.06666066999999998 0.93650831 -0.23740927
v 0.06666067999999992 0.93650831 -0.10713120000000004
v 0.12525408999999998 0.9678619399999999 -0.10230609000000002
v 0.12525408999999998 0.9678619399999999 -0.24223438999999997
v 0.06666067999999992 0.7752610900000001 -0.10713120000000004
v 0.06666067999999992 0.7752610900000001 -0.23740927
v 0.09595738999999992 0.72151202 -0.10230609000000002
v 0.09595737999999987 0.72151202 -0.23740927
v 0.06666066999999998 0.93650831 -0.23740927
v 0.12525408999999998 0.9678619399999999 -0.24223438999999997
v 0.06666067999999992 0.7752610900000001 -0.23740927
v 0.06666067999999992 0.7752610900000001 -0.23740927
v 0.12525408999999998 0.9678619399999999 -0.24223438999999997
v 0.09595737999999987 0.72151202 -0.23740927
v 1.3117707099999998 0.77526113 -0.7681718200000001
v 1.3117706999999998 0.77526113 -0.89844989
v 1.3117706999999998 0.93650834 -0.7681718200000001
v 1.3117706999999998 0.93650834 -0.89844989
v 1.2824740000000001 0.7215120500000001 -0.89844989
v 1.25317728 0.9678619700000001 -0.903275
v 1.3117706999999998 0.77526113 -0.89844989
v 1.3117706999999998 0.77526113 -0.89844989
v 1.25317728 0.9678619700000001 -0.903275
v 1.3117706999999998 0.93650834 -0.89844989
v 1.3117706999999998 0.93650834 -0.7681718200000001
v 1.3117706999999998 0.93650834 -0.89844989
v 1.25317728 0.9678619700000001 -0.903275
v 1.25317729 0.9678619700000001 -0.7633467
v 1.3117706999999998 0.77526113 -0.89844989
v 1.3117707099999998 0.77526113 -0.7681718200000001
v 1.2824740000000001 0.7215120500000001 -0.89844989
v 1.2824740000000001 0.7215120500000001 -0.7633467
v 1.3117706999999998 0.93650834 -0.7681718200000001
v 1.25317729 0.9678619700000001 -0.7633467
v 1.3117707099999998 0.77526113 -0.7681718200000001
v 1.3117707099999998 0.77526113 -0.7681718200000001
v 1.25317729 0.9678619700000001 -0.7633467
v 1.2824740000000001 0.7215120500000001 -0.7633467
v 1.31177072 0.93650834 -0.23740930999999998
v 1.31177072 0.77526113 -0.10713124000000002
v 1.31177072 0.77526113 -0.23740930999999998
v 1.31177072 0.93650834 -0.10713124000000002
v 1.31177072 0.77526113 -0.10713124000000002
v 1.2531773099999999 0.9678619700000001 -0.10230612
v 1.28247402 0.7215120500000001 -0.10230612
v 1.31177072 0.93650834 -0.10713124000000002
v 1.2531773099999999 0.9678619700000001 -0.10230612
v 1.31177072 0.77526113 -0.10713124000000002
v 1.2531773099999999 0.9678619700000001 -0.10230612
v 1.31177072 0.93650834 -0.10713124000000002
v 1.31177072 0.93650834 -0.23740930999999998
v 1.2531773 0.9678619700000001 -0.24223442
v 1.28247402 0.7215120500000001 -0.10230612
v 1.31177072 0.77526113 -0.23740930999999998
v 1.31177072 0.77526113 -0.10713124000000002
v 1.28247401 0.7215120500000001 -0.23740930999999998
v 1.31177072 0.77526113 -0.23740930999999998
v 1.2531773 0.9678619700000001 -0.24223442
v 1.31177072 0.93650834 -0.23740930999999998
v 1.28247401 0.7215120500000001 -0.23740930999999998
v 1.2531773 0.9678619700000001 -0.24223442
v 1.31177072 0.77526113 -0.23740930999999998
v 0.28150322 0.13475132 0.10034868000000008
v 1.09692823 0.13475134 0.10034865999999998
v 0.4377523199999999 0.25568673000000003 0.10034868000000008
v 0.94067912 0.25568675 0.10034865999999998
v 0.9406791 0.93202924 0.10034865999999998
v 0.94067912 0.25568675 0.10034865999999998
v 1.09692821 0.9320292499999999 0.10034865999999998
v 1.09692821 0.9320292499999999 0.10034865999999998
v 0.94067912 0.25568675 0.10034865999999998
v 1.09692823 0.13475134 0.10034865999999998
v 0.28150319999999995 0.93202923 0.10034868000000008
v 0.4377523199999999 0.25568673000000003 0.10034868000000008
v 0.4377523 0.93202923 0.10034868000000008
v 0.28150319999999995 0.93202923 0.10034868000000008
v 0.28150322 0.13475132 0.10034868000000008
v 0.4377523199999999 0.25568673000000003 0.10034868000000008
v 0.24732372999999996 0.06756498 0.05209754
v 1.13110772 0.067565 0.05209752000000001
v 0.28150322 0.13475132 0.10034868000000008
v 1.09692823 0.13475134 0.10034865999999998
v 0.92114798 0.30047764 0.05209753000000006
v 0.45728346 0.30047763 0.05209754
v 0.94067912 0.25568675 0.10034865999999998
v 0.4377523199999999 0.25568673000000003 0.10034868000000008
v 0.9211479599999999 0.9544246900000001 0.05209753000000006
v 0.92114798 0.30047764 0.05209753000000006
v 0.9406791 0.93202924 0.10034865999999998
v 0.94067912 0.25568675 0.10034865999999998
v 1.1311077 0.9544247 0.05209752000000001
v 0.9211479599999999 0.9544246900000001 0.05209753000000006
v 1.09692821 0.9320292499999999 0.10034865999999998
v 0.9406791 0.93202924 0.10034865999999998
v 1.09692821 0.9320292499999999 0.10034865999999998
v 0.9211479599999999 0.9544246900000001 0.05209753000000006
v 1.13110772 0.067565 0.05209752000000001
v 1.1311077 0.9544247 0.05209752000000001
v 1.09692823 0.13475134 0.10034865999999998
v 1.09692821 0.9320292499999999 0.10034865999999998
v 0.45728344 0.95442468 0.05209754
v 0.24732370999999997 0.95442467 0.05209754
v 0.4377523 0.93202923 0.10034868000000008
v 0.28150319999999995 0.93202923 0.10034868000000008
v 0.4377523 0.93202923 0.10034868000000008
v 0.24732370999999997 0.95442467 0.05209754
v 0.45728346 0.30047763 0.05209754
v 0.45728344 0.95442468 0.05209754
v 0.4377523199999999 0.25568673000000003 0.10034868000000008
v 0.4377523 0.93202923 0.10034868000000008
v 0.24732370999999997 0.95442467 0.05209754
v 0.24732372999999996 0.06756498 0.05209754
v 0.28150319999999995 0.93202923 0.10034868000000008
v 0.28150322 0.13475132 0.10034868000000008
v 1.2922395999999998 0.13475134 -0.09748100999999998
v 1.29223958 0.13475134 -0.90810011
v 1.2922395999999998 0.25568676 -0.24705953000000003
v 1.29223958 0.25568676 -0.75369647
v 1.29223956 0.9320292499999999 -0.75369647
v 1.29223958 0.25568676 -0.75369647
v 1.29223956 0.9320292499999999 -0.90810011
v 1.29223956 0.9320292499999999 -0.90810011
v 1.29223958 0.25568676 -0.75369647
v 1.29223958 0.13475134 -0.90810011
v 1.29223958 0.9320292499999999 -0.09748100999999998
v 1.2922395999999998 0.25568676 -0.24705953000000003
v 1.29223958 0.9320292499999999 -0.24705953000000003
v 1.29223958 0.9320292499999999 -0.09748100999999998
v 1.2922395999999998 0.13475134 -0.09748100999999998
v 1.2922395999999998 0.25568676 -0.24705953000000003
v 1.2434117599999999 0.067565 -0.06370520999999996
v 1.24341174 0.067565 -0.94187591
v 1.2922395999999998 0.13475134 -0.09748100999999998
v 1.29223958 0.13475134 -0.90810011
v 1.24341174 0.30047765 -0.73439602
v 1.24341175 0.30047765 -0.2711851
v 1.29223958 0.25568676 -0.75369647
v 1.2922395999999998 0.25568676 -0.24705953000000003
v 1.24341172 0.9544247 -0.73439602
v 1.24341174 0.30047765 -0.73439602
v 1.29223956 0.9320292499999999 -0.75369647
v 1.29223958 0.25568676 -0.75369647
v 1.24341171 0.9544247 -0.94187591
v 1.24341172 0.9544247 -0.73439602
v 1.29223956 0.9320292499999999 -0.90810011
v 1.29223956 0.9320292499999999 -0.75369647
v 1.29223956 0.9320292499999999 -0.90810011
v 1.24341172 0.9544247 -0.73439602
v 1.24341174 0.067565 -0.94187591
v 1.24341171 0.9544247 -0.94187591
v 1.29223958 0.13475134 -0.90810011
v 1.29223956 0.9320292499999999 -0.90810011
v 1.24341173 0.9544247 -0.2711851
v 1.24341174 0.9544247 -0.06370520999999996
v 1.29223958 0.9320292499999999 -0.24705953000000003
v 1.29223958 0.9320292499999999 -0.09748100999999998
v 1.29223958 0.9320292499999999 -0.24705953000000003
v 1.24341174 0.9544247 -0.06370520999999996
v 1.24341175 0.30047765 -0.2711851
v 1.24341173 0.9544247 -0.2711851
v 1.2922395999999998 0.25568676 -0.24705953000000003
v 1.29223958 0.9320292499999999 -0.24705953000000003
v 1.24341174 0.9544247 -0.06370520999999996
v 1.2434117599999999 0.067565 -0.06370520999999996
v 1.29223958 0.9320292499999999 -0.09748100999999998
v 1.2922395999999998 0.13475134 -0.09748100999999998
v 1.0969282 0.13475134 -1.10110466
v 0.28150318999999996 0.13475132 -1.10110463
v 0.9406790899999999 0.25568675 -1.10592977
v 0.43775228999999993 0.25568673000000003 -1.10592975
v 0.43775226999999994 0.93202923 -1.10592975
v 0.43775228999999993 0.25568673000000003 -1.10592975
v 0.28150316999999997 0.93202923 -1.10110463
v 0.28150316999999997 0.93202923 -1.10110463
v 0.43775228999999993 0.25568673000000003 -1.10592975
v 0.28150318999999996 0.13475132 -1.10110463
v 1.09692818 0.9320292499999999 -1.10110466
v 0.9406790899999999 0.25568675 -1.10592977
v 0.94067907 0.93202924 -1.10592977
v 1.09692818 0.9320292499999999 -1.10110466
v 1.0969282 0.13475134 -1.10110466
v 0.9406790899999999 0.25568675 -1.10592977
v 1.1311076899999999 0.067565 -1.0576786299999998
v 0.24732369999999998 0.06756498 -1.05767861
v 1.0969282 0.13475134 -1.10110466
v 0.28150318999999996 0.13475132 -1.10110463
v 0.45728342999999994 0.30047763 -1.05767862
v 0.9211479499999999 0.30047764 -1.0576786299999998
v 0.43775228999999993 0.25568673000000003 -1.10592975
v 0.9406790899999999 0.25568675 -1.10592977
v 0.45728340999999995 0.95442468 -1.05767862
v 0.45728342999999994 0.30047763 -1.05767862
v 0.43775226999999994 0.93202923 -1.10592975
v 0.43775228999999993 0.25568673000000003 -1.10592975
v 0.24732367999999993 0.95442467 -1.05767861
v 0.45728340999999995 0.95442468 -1.05767862
v 0.28150316999999997 0.93202923 -1.10110463
v 0.43775226999999994 0.93202923 -1.10592975
v 0.28150316999999997 0.93202923 -1.10110463
v 0.45728340999999995 0.95442468 -1.05767862
v 0.24732369999999998 0.06756498 -1.05767861
v 0.24732367999999993 0.95442467 -1.05767861
v 0.28150318999999996 0.13475132 -1.10110463
v 0.28150316999999997 0.93202923 -1.10110463
v 0.92114793 0.9544246900000001 -1.0576786299999998
v 1.13110767 0.9544247 -1.0576786299999998
v 0.94067907 0.93202924 -1.10592977
v 1.09692818 0.9320292499999999 -1.10110466
v 0.94067907 0.93202924 -1.10592977
v 1.13110767 0.9544247 -1.0576786299999998
v 0.9211479499999999 0.30047764 -1.0576786299999998
v 0.92114793 0.9544246900000001 -1.0576786299999998
v 0.9406790899999999 0.25568675 -1.10592977
v 0.94067907 0.93202924 -1.10592977
v 1.13110767 0.9544247 -1.0576786299999998
v 1.1311076899999999 0.067565 -1.0576786299999998
v 1.09692818 0.9320292499999999 -1.10110466
v 1.0969282 0.13475134 -1.10110466
v 0.08619180999999987 0.13475130999999999 -0.9081000800000001
v 0.08619183999999991 0.13475130999999999 -0.09748098
v 0.08619180999999987 0.25568673000000003 -0.75369644
v 0.08619182999999997 0.25568673000000003 -0.2470595
v 0.08619180999999987 0.93202922 -0.2470595
v 0.08619182999999997 0.25568673000000003 -0.2470595
v 0.08619180999999987 0.93202922 -0.09748098
v 0.08619180999999987 0.93202922 -0.09748098
v 0.08619182999999997 0.25568673000000003 -0.2470595
v 0.08619183999999991 0.13475130999999999 -0.09748098
v 0.08619178999999999 0.93202922 -0.9081000800000001
v 0.08619180999999987 0.25568673000000003 -0.75369644
v 0.08619179999999993 0.93202922 -0.75369644
v 0.08619178999999999 0.93202922 -0.9081000800000001
v 0.08619180999999987 0.13475130999999999 -0.9081000800000001
v 0.08619180999999987 0.25568673000000003 -0.75369644
v 0.13501965999999999 0.06756497 -0.94187588
v 0.13501967999999998 0.06756497 -0.06370517999999997
v 0.08619180999999987 0.13475130999999999 -0.9081000800000001
v 0.08619183999999991 0.13475130999999999 -0.09748098
v 0.13501966999999993 0.30047762 -0.27118507000000003
v 0.13501965999999999 0.30047762 -0.73439599
v 0.08619182999999997 0.25568673000000003 -0.2470595
v 0.08619180999999987 0.25568673000000003 -0.75369644
v 0.13501964999999994 0.95442467 -0.27118507000000003
v 0.13501966999999993 0.30047762 -0.27118507000000003
v 0.08619180999999987 0.93202922 -0.2470595
v 0.08619182999999997 0.25568673000000003 -0.2470595
v 0.13501965999999999 0.95442467 -0.06370517999999997
v 0.13501964999999994 0.95442467 -0.27118507000000003
v 0.08619180999999987 0.93202922 -0.09748098
v 0.08619180999999987 0.93202922 -0.2470595
v 0.08619180999999987 0.93202922 -0.09748098
v 0.13501964999999994 0.95442467 -0.27118507000000003
v 0.13501967999999998 0.06756497 -0.06370517999999997
v 0.13501965999999999 0.95442467 -0.06370517999999997
v 0.08619183999999991 0.13475130999999999 -0.09748098
v 0.08619180999999987 0.93202922 -0.09748098
v 0.13501964 0.95442467 -0.73439599
v 0.13501964 0.95442467 -0.94187588
v 0.08619179999999993 0.93202922 -0.75369644
v 0.08619178999999999 0.93202922 -0.9081000800000001
v 0.08619179999999993 0.93202922 -0.75369644
v 0.13501964 0.95442467 -0.94187588
v 0.13501965999999999 0.30047762 -0.73439599
v 0.13501964 0.95442467 -0.73439599
v 0.08619180999999987 0.25568673000000003 -0.75369644
v 0.08619179999999993 0.93202922 -0.75369644
v 0.13501964 0.95442467 -0.94187588
v 0.13501965999999999 0.06756497 -0.94187588
v 0.08619178999999999 0.93202922 -0.9081000800000001
v 0.08619180999999987 0.13475130999999999 -0.9081000800000001
v 0.08619180999999987 0.30047762 -0.7102704200000001
v 0.12037131000000001 0.21537492 -0.73439599
v 0.08619181999999992 0.30047762 -0.56551701
v 0.12037131000000001 0.21537492 -0.55104167
v 0.12037129999999996 0.7752610900000001 -0.55104167
v 0.12037128999999991 0.7752610900000001 -0.73439599
v 0.08619180999999987 0.7573447400000001 -0.56551701
v 0.08619179999999993 0.7573447400000001 -0.7102704200000001
v 0.08619180999999987 0.7573447400000001 -0.56551701
v 0.08619179999999993 0.7573447400000001 -0.7102704200000001
v 0.08619181999999992 0.30047762 -0.56551701
v 0.08619180999999987 0.30047762 -0.7102704200000001
v 0.08619179999999993 0.7573447400000001 -0.7102704200000001
v 0.12037128999999991 0.7752610900000001 -0.73439599
v 0.08619180999999987 0.30047762 -0.7102704200000001
v 0.12037131000000001 0.21537492 -0.73439599
v 0.12037129999999996 0.7752610900000001 -0.55104167
v 0.08619180999999987 0.7573447400000001 -0.56551701
v 0.12037131000000001 0.21537492 -0.55104167
v 0.08619181999999992 0.30047762 -0.56551701
v 0.08619182999999997 0.30047762 -0.29531064
v 0.08619181999999992 0.30047762 -0.44006405
v 0.12037131999999995 0.21537492 -0.27118507000000003
v 0.12037131999999995 0.21537492 -0.44971428
v 0.12037129999999996 0.7752610900000001 -0.44971428
v 0.08619180999999987 0.7573447400000001 -0.44006405
v 0.12037131000000001 0.7752610900000001 -0.27118507000000003
v 0.08619180999999987 0.7573447400000001 -0.29531064
v 0.08619180999999987 0.7573447400000001 -0.44006405
v 0.08619181999999992 0.30047762 -0.44006405
v 0.08619180999999987 0.7573447400000001 -0.29531064
v 0.08619182999999997 0.30047762 -0.29531064
v 0.08619180999999987 0.7573447400000001 -0.29531064
v 0.08619182999999997 0.30047762 -0.29531064
v 0.12037131000000001 0.7752610900000001 -0.27118507000000003
v 0.12037131999999995 0.21537492 -0.27118507000000003
v 0.12037129999999996 0.7752610900000001 -0.44971428
v 0.12037131999999995 0.21537492 -0.44971428
v 0.08619180999999987 0.7573447400000001 -0.44006405
v 0.08619181999999992 0.30047762 -0.44006405
v 1.2922395899999999 0.30047765 -0.56551704
v 1.2580600899999999 0.21537495 -0.73439602
v 1.29223958 0.30047765 -0.71027045
v 1.2580601 0.21537495 -0.5510417
v 1.29223957 0.75734477 -0.56551704
v 1.25806008 0.77526112 -0.73439602
v 1.25806008 0.77526112 -0.5510417
v 1.29223957 0.75734477 -0.71027045
v 1.2922395899999999 0.30047765 -0.56551704
v 1.29223957 0.75734477 -0.71027045
v 1.29223957 0.75734477 -0.56551704
v 1.29223958 0.30047765 -0.71027045
v 1.29223958 0.30047765 -0.71027045
v 1.25806008 0.77526112 -0.73439602
v 1.29223957 0.75734477 -0.71027045
v 1.2580600899999999 0.21537495 -0.73439602
v 1.2580601 0.21537495 -0.5510417
v 1.29223957 0.75734477 -0.56551704
v 1.25806008 0.77526112 -0.5510417
v 1.2922395899999999 0.30047765 -0.56551704
v 1.25806011 0.21537495 -0.2711851
v 1.2922395899999999 0.30047765 -0.44006408
v 1.2922395899999999 0.30047765 -0.29531067
v 1.2580601 0.21537495 -0.44971431
v 1.2580600899999999 0.77526112 -0.2711851
v 1.29223958 0.75734477 -0.44006408
v 1.2580600899999999 0.77526112 -0.44971431
v 1.29223958 0.75734477 -0.29531067
v 1.29223958 0.75734477 -0.29531067
v 1.2922395899999999 0.30047765 -0.44006408
v 1.29223958 0.75734477 -0.44006408
v 1.2922395899999999 0.30047765 -0.29531067
v 1.2580600899999999 0.77526112 -0.2711851
v 1.2922395899999999 0.30047765 -0.29531067
v 1.29223958 0.75734477 -0.29531067
v 1.25806011 0.21537495 -0.2711851
v 1.29223958 0.75734477 -0.44006408
v 1.2580601 0.21537495 -0.44971431
v 1.2580600899999999 0.77526112 -0.44971431
v 1.2922395899999999 0.30047765 -0.44006408
v 1.23364617 1.09327647 0.042447290000000026
v 1.2336461399999998 1.09327647 -1.0480284100000001
v 0.14478523 1.0932764400000001 0.042447319999999955
v 0.14478519999999995 1.0932764400000001 -1.0480283799999999
v 1.2580600899999999 0.9678619700000001 0.06657285999999996
v 0.13501965999999999 0.96338285 0.05209755000000005
v 1.24341174 0.96338288 0.05209752000000001
v 0.12037131000000001 0.9678619399999999 0.06657289
v 1.25806006 0.9678619700000001 -1.07215398
v 1.24341174 0.96338288 0.05209752000000001
v 1.24341171 0.96338288 -1.05767864
v 1.2580600899999999 0.9678619700000001 0.06657285999999996
v 0.12037131000000001 0.9678619399999999 0.06657289
v 0.13501962999999995 0.96338285 -1.05767861
v 0.13501965999999999 0.96338285 0.05209755000000005
v 0.12037127999999997 0.9678619399999999 -1.0721539500000001
v 0.12037127999999997 0.9678619399999999 -1.0721539500000001
v 1.24341171 0.96338288 -1.05767864
v 0.13501962999999995 0.96338285 -1.05767861
v 1.25806006 0.9678619700000001 -1.07215398
v 1.2580600899999999 1.08431829 0.06657285999999996
v 0.12037131000000001 0.9678619399999999 0.06657289
v 1.2580600899999999 0.9678619700000001 0.06657285999999996
v 0.12037131000000001 1.08431826 0.06657289
v 1.25806006 1.08431829 -1.07215398
v 1.2580600899999999 0.9678619700000001 0.06657285999999996
v 1.25806006 0.9678619700000001 -1.07215398
v 1.2580600899999999 1.08431829 0.06657285999999996
v 0.12037131000000001 1.08431826 0.06657289
v 0.12037127999999997 0.9678619399999999 -1.0721539500000001
v 0.12037131000000001 0.9678619399999999 0.06657289
v 0.12037127999999997 1.08431826 -1.0721539500000001
v 0.12037127999999997 1.08431826 -1.0721539500000001
v 1.25806006 0.9678619700000001 -1.07215398
v 0.12037127999999997 0.9678619399999999 -1.0721539500000001
v 1.25806006 1.08431829 -1.07215398
v 1.23364617 1.09327647 0.042447290000000026
v 0.12037131000000001 1.08431826 0.06657289
v 1.2580600899999999 1.08431829 0.06657285999999996
v 0.14478523 1.0932764400000001 0.042447319999999955
v 1.2336461399999998 1.09327647 -1.0480284100000001
v 1.2580600899999999 1.08431829 0.06657285999999996
v 1.25806006 1.08431829 -1.07215398
v 1.23364617 1.09327647 0.042447290000000026
v 0.14478523 1.0932764400000001 0.042447319999999955
v 0.12037127999999997 1.08431826 -1.0721539500000001
v 0.12037131000000001 1.08431826 0.06657289
v 0.14478519999999995 1.0932764400000001 -1.0480283799999999
v 0.14478519999999995 1.0932764400000001 -1.0480283799999999
v 1.25806006 1.08431829 -1.07215398
v 0.12037127999999997 1.08431826 -1.0721539500000001
v 1.2336461399999998 1.09327647 -1.0480284100000001
v 1.09692818 1.08431829 -0.9225754500000001
v 1.09692818 1.08431829 -0.74404624
v 1.09692818 1.10671373 -0.9225754500000001
v 1.09692818 1.10671373 -0.74887135
v 1.2287633599999999 1.08431829 -0.9225754500000001
v 1.2287633599999999 1.10671374 -0.9225754500000001
v 1.2287633599999999 1.08431829 -0.74404624
v 1.2287633599999999 1.10671374 -0.74887136
v 1.09692818 1.08431829 -0.9225754500000001
v 1.09692818 1.10671373 -0.9225754500000001
v 1.2287633599999999 1.08431829 -0.9225754500000001
v 1.2287633599999999 1.10671374 -0.9225754500000001
v 1.12622489 1.11119282 -0.77782204
v 1.1262248799999999 1.11119282 -0.89362477
v 1.09692818 1.10671373 -0.74887135
v 1.09692818 1.10671373 -0.9225754500000001
v 1.20434944 1.11119283 -0.89362477
v 1.20434944 1.11119283 -0.77782204
v 1.2287633599999999 1.10671374 -0.9225754500000001
v 1.2287633599999999 1.10671374 -0.74887136
v 1.1262248799999999 1.11119282 -0.89362477
v 1.20434944 1.11119283 -0.89362477
v 1.09692818 1.10671373 -0.9225754500000001
v 1.2287633599999999 1.10671374 -0.9225754500000001
v 1.20434944 1.11119283 -0.77782204
v 1.12622489 1.11119282 -0.77782204
v 1.2287633599999999 1.10671374 -0.74887136
v 1.09692818 1.10671373 -0.74887135
v 1.1262248799999999 1.08431829 -0.89362477
v 1.1262248799999999 1.11119282 -0.89362477
v 1.12622489 1.08431829 -0.77782204
v 1.12622489 1.11119282 -0.77782204
v 1.20434944 1.08431829 -0.89362477
v 1.20434944 1.11119283 -0.89362477
v 1.1262248799999999 1.08431829 -0.89362477
v 1.1262248799999999 1.11119282 -0.89362477
v 1.20434944 1.08431829 -0.77782204
v 1.20434944 1.11119283 -0.77782204
v 1.20434944 1.08431829 -0.89362477
v 1.20434944 1.11119283 -0.89362477
v 1.12622489 1.08431829 -0.77782204
v 1.12622489 1.11119282 -0.77782204
v 1.20434944 1.08431829 -0.77782204
v 1.20434944 1.11119283 -0.77782204
v 1.2287633599999999 1.10671374 -0.74887136
v 1.09692818 1.10671373 -0.74887135
v 1.2287633599999999 1.08431829 -0.74404624
v 1.09692818 1.08431829 -0.74404624
v 1.0969282 1.10671373 -0.08300566000000004
v 1.0969281899999999 1.08431829 -0.25670976
v 1.0969282 1.08431829 -0.08300566000000004
v 1.0969281899999999 1.10671373 -0.25670976
v 1.22876338 1.08431829 -0.25670976
v 1.22876338 1.10671374 -0.08300566999999998
v 1.22876338 1.08431829 -0.08300566999999998
v 1.2287633699999998 1.10671374 -0.25670976
v 1.22876338 1.08431829 -0.08300566999999998
v 1.0969282 1.10671373 -0.08300566000000004
v 1.0969282 1.08431829 -0.08300566000000004
v 1.22876338 1.10671374 -0.08300566999999998
v 1.0969281899999999 1.10671373 -0.25670976
v 1.1262249 1.11119282 -0.11195635000000004
v 1.1262249 1.11119282 -0.22775907
v 1.0969282 1.10671373 -0.08300566000000004
v 1.22876338 1.10671374 -0.08300566999999998
v 1.20434945 1.11119283 -0.22775908
v 1.20434946 1.11119283 -0.11195635000000004
v 1.2287633699999998 1.10671374 -0.25670976
v 1.0969282 1.10671373 -0.08300566000000004
v 1.20434946 1.11119283 -0.11195635000000004
v 1.1262249 1.11119282 -0.11195635000000004
v 1.22876338 1.10671374 -0.08300566999999998
v 1.2287633699999998 1.10671374 -0.25670976
v 1.1262249 1.11119282 -0.22775907
v 1.20434945 1.11119283 -0.22775908
v 1.0969281899999999 1.10671373 -0.25670976
v 1.1262249 1.08431829 -0.22775907
v 1.1262249 1.11119282 -0.11195635000000004
v 1.12622491 1.08431829 -0.11195635000000004
v 1.1262249 1.11119282 -0.22775907
v 1.12622491 1.08431829 -0.11195635000000004
v 1.20434946 1.11119283 -0.11195635000000004
v 1.20434946 1.08431829 -0.11195635000000004
v 1.1262249 1.11119282 -0.11195635000000004
v 1.20434946 1.08431829 -0.11195635000000004
v 1.20434945 1.11119283 -0.22775908
v 1.20434945 1.08431829 -0.22775908
v 1.20434946 1.11119283 -0.11195635000000004
v 1.20434945 1.08431829 -0.22775908
v 1.1262249 1.11119282 -0.22775907
v 1.1262249 1.08431829 -0.22775907
v 1.20434945 1.11119283 -0.22775908
v 1.22876338 1.08431829 -0.25670976
v 1.0969281899999999 1.10671373 -0.25670976
v 1.2287633699999998 1.10671374 -0.25670976
v 1.0969281899999999 1.08431829 -0.25670976
v 0.28150316999999997 1.10671371 -0.92257543
v 0.28150316999999997 1.08431827 -0.74404622
v 0.28150316999999997 1.08431827 -0.92257543
v 0.28150316999999997 1.10671371 -0.7488713300000001
v 0.14966798999999997 1.08431826 -0.74404622
v 0.14966798999999997 1.10671371 -0.92257542
v 0.14966798999999997 1.08431826 -0.92257542
v 0.14966798999999997 1.10671371 -0.7488713300000001
v 0.14966798999999997 1.08431826 -0.92257542
v 0.28150316999999997 1.10671371 -0.92257543
v 0.28150316999999997 1.08431827 -0.92257543
v 0.14966798999999997 1.10671371 -0.92257542
v 0.28150316999999997 1.10671371 -0.7488713300000001
v 0.25220645999999997 1.1111928 -0.8936247399999999
v 0.25220645999999997 1.1111928 -0.77782201
v 0.28150316999999997 1.10671371 -0.92257543
v 0.14966798999999997 1.10671371 -0.92257542
v 0.17408190999999995 1.1111928 -0.77782201
v 0.17408190999999995 1.1111928 -0.8936247399999999
v 0.14966798999999997 1.10671371 -0.7488713300000001
v 0.28150316999999997 1.10671371 -0.92257543
v 0.17408190999999995 1.1111928 -0.8936247399999999
v 0.25220645999999997 1.1111928 -0.8936247399999999
v 0.14966798999999997 1.10671371 -0.92257542
v 0.14966798999999997 1.10671371 -0.7488713300000001
v 0.25220645999999997 1.1111928 -0.77782201
v 0.17408190999999995 1.1111928 -0.77782201
v 0.28150316999999997 1.10671371 -0.7488713300000001
v 0.25220645999999997 1.08431826 -0.77782201
v 0.25220645999999997 1.1111928 -0.8936247399999999
v 0.25220645999999997 1.08431826 -0.8936247399999999
v 0.25220645999999997 1.1111928 -0.77782201
v 0.25220645999999997 1.08431826 -0.8936247399999999
v 0.17408190999999995 1.1111928 -0.8936247399999999
v 0.17408190999999995 1.08431826 -0.8936247399999999
v 0.25220645999999997 1.1111928 -0.8936247399999999
v 0.17408190999999995 1.08431826 -0.8936247399999999
v 0.17408190999999995 1.1111928 -0.77782201
v 0.17408190999999995 1.08431826 -0.77782201
v 0.17408190999999995 1.1111928 -0.8936247399999999
v 0.17408190999999995 1.08431826 -0.77782201
v 0.25220645999999997 1.1111928 -0.77782201
v 0.25220645999999997 1.08431826 -0.77782201
v 0.17408190999999995 1.1111928 -0.77782201
v 0.14966798999999997 1.08431826 -0.74404622
v 0.28150316999999997 1.10671371 -0.7488713300000001
v 0.14966798999999997 1.10671371 -0.7488713300000001
v 0.28150316999999997 1.08431827 -0.74404622
v 0.28150318999999996 1.08431827 -0.08300563999999999
v 0.28150318999999996 1.08431827 -0.25670972999999997
v 0.28150318999999996 1.10671371 -0.08300563999999999
v 0.2815031799999999 1.10671371 -0.25670972999999997
v 0.14966800999999996 1.08431826 -0.08300563999999999
v 0.14966800999999996 1.10671371 -0.08300563999999999
v 0.1496679999999999 1.08431826 -0.25670972999999997
v 0.1496679999999999 1.10671371 -0.25670972999999997
v 0.28150318999999996 1.08431827 -0.08300563999999999
v 0.28150318999999996 1.10671371 -0.08300563999999999
v 0.14966800999999996 1.08431826 -0.08300563999999999
v 0.14966800999999996 1.10671371 -0.08300563999999999
v 0.2522064799999999 1.1111928 -0.22775905000000002
v 0.2522064799999999 1.1111928 -0.11195632
v 0.2815031799999999 1.10671371 -0.25670972999999997
v 0.28150318999999996 1.10671371 -0.08300563999999999
v 0.17408192999999994 1.1111928 -0.11195632
v 0.17408192999999994 1.1111928 -0.22775905000000002
v 0.14966800999999996 1.10671371 -0.08300563999999999
v 0.1496679999999999 1.10671371 -0.25670972999999997
v 0.2522064799999999 1.1111928 -0.11195632
v 0.17408192999999994 1.1111928 -0.11195632
v 0.28150318999999996 1.10671371 -0.08300563999999999
v 0.14966800999999996 1.10671371 -0.08300563999999999
v 0.17408192999999994 1.1111928 -0.22775905000000002
v 0.2522064799999999 1.1111928 -0.22775905000000002
v 0.1496679999999999 1.10671371 -0.25670972999999997
v 0.2815031799999999 1.10671371 -0.25670972999999997
v 0.2522064799999999 1.08431826 -0.11195632
v 0.2522064799999999 1.1111928 -0.11195632
v 0.2522064799999999 1.08431826 -0.22775905000000002
v 0.2522064799999999 1.1111928 -0.22775905000000002
v 0.17408192999999994 1.08431826 -0.11195632
v 0.17408192999999994 1.1111928 -0.11195632
v 0.2522064799999999 1.08431826 -0.11195632
v 0.2522064799999999 1.1111928 -0.11195632
v 0.17408192999999994 1.08431826 -0.22775905000000002
v 0.17408192999999994 1.1111928 -0.22775905000000002
v 0.17408192999999994 1.08431826 -0.11195632
v 0.17408192999999994 1.1111928 -0.11195632
v 0.2522064799999999 1.08431826 -0.22775905000000002
v 0.2522064799999999 1.1111928 -0.22775905000000002
v 0.17408192999999994 1.08431826 -0.22775905000000002
v 0.17408192999999994 1.1111928 -0.22775905000000002
v 0.1496679999999999 1.10671371 -0.25670972999999997
v 0.2815031799999999 1.10671371 -0.25670972999999997
v 0.1496679999999999 1.08431826 -0.25670972999999997
v 0.28150318999999996 1.08431827 -0.25670972999999997
v 0.16919913999999991 1.0977555300000001 -0.23258415999999998
v 0.16919914999999996 1.0977555300000001 -0.10713120999999998
v 0.2619720499999999 1.0977555300000001 -0.23258417000000003
v 0.2619720499999999 1.0977555300000001 -0.10713120999999998
v 0.26197202999999997 1.0977555300000001 -0.7729969
v 0.16919911999999993 1.0977555300000001 -0.8936247399999999
v 0.16919912999999998 1.0977555300000001 -0.7729969
v 0.26197202999999997 1.0977555300000001 -0.8936247399999999
v 1.11645933 1.09775556 -0.23258418999999997
v 1.20923224 1.09775556 -0.10713123000000002
v 1.20923224 1.09775556 -0.23258418999999997
v 1.11645934 1.09775556 -0.10713123000000002
v 1.20923222 1.09775556 -0.77299693
v 1.20923222 1.09775556 -0.89362477
v 1.11645932 1.09775556 -0.77299692
v 1.11645931 1.09775556 -0.89362477

# 1764 Texture Coordinates
vt 0.691406 0.449219
vt 0.695313 0.433594
vt 0.765625 0.433594
vt 0.550781 0.675781
vt 0.550781 0.863281
vt 0.324219 0.675781
vt 0.554688 0.890625
vt 0.324219 0.890625
vt 0.550781 0.863281
vt 0.324219 0.863281
vt 0.550781 0.863281
vt 0.324219 0.890625
vt 0.304688 0.890625
vt 0.304688 0.640625
vt 0.324219 0.863281
vt 0.324219 0.675781
vt 0.324219 0.863281
vt 0.304688 0.640625
vt 0.324219 0.640625
vt 0.554688 0.640625
vt 0.324219 0.675781
vt 0.550781 0.675781
vt 0.324219 0.675781
vt 0.554688 0.640625
vt 0.304688 0.640625
vt 0.304688 0.890625
vt 0.324219 0.675781
vt 0.324219 0.863281
vt 0.324219 0.675781
vt 0.304688 0.890625
vt 0.160156 0.390625
vt 0.074219 0.203125
vt 0.160156 0.109375
vt 0.074219 0.203125
vt 0.160156 0.390625
vt 0.003906 0.457031
vt 0.003906 0.136719
vt 0.003906 0.023438
vt 0.074219 0.136719
vt 0.160156 0.109375
vt 0.074219 0.203125
vt 0.074219 0.136719
vt 0.003906 0.023438
vt 0.171875 0.039063
vt 0.160156 0.109375
vt 0.074219 0.136719
vt 0.003906 0.023438
vt 0.160156 0.109375
vt 0.003906 0.203125
vt 0.074219 0.203125
vt 0.003906 0.457031
vt 0.34375 0.109375
vt 0.429688 0.203125
vt 0.34375 0.390625
vt 0.5 0.457031
vt 0.34375 0.390625
vt 0.429688 0.203125
vt 0.160156 0.390625
vt 0.34375 0.390625
vt 0.5 0.457031
vt 0.160156 0.390625
vt 0.5 0.457031
vt 0.003906 0.457031
vt 0.429688 0.136719
vt 0.5 0.023438
vt 0.5 0.136719
vt 0.429688 0.136719
vt 0.429688 0.203125
vt 0.34375 0.109375
vt 0.34375 0.109375
vt 0.332031 0.039063
vt 0.5 0.023438
vt 0.332031 0.039063
vt 0.003906 0.023438
vt 0.5 0.023438
vt 0.003906 0.023438
vt 0.332031 0.039063
vt 0.171875 0.039063
vt 0.003906 0.457031
vt 0.492188 0.464844
vt 0.015625 0.464844
vt 0.492188 0.464844
vt 0.003906 0.457031
vt 0.5 0.457031
vt 0.34375 0.109375
vt 0.5 0.023438
vt 0.429688 0.136719
vt 0.5 0.457031
vt 0.429688 0.203125
vt 0.5 0.203125
vt 0.015625 0.464844
vt 0.492188 0.464844
vt 0.015625 0.503906
vt 0.492188 0.503906
vt 0.015625 0.503906
vt 0.492188 0.464844
vt 0.015625 0.503906
vt 0.492188 0.503906
vt 0.023438 0.515625
vt 0.480469 0.515625
vt 0.023438 0.515625
vt 0.492188 0.503906
vt 0.34375 0.109375
vt 0.160156 0.109375
vt 0.328125 0.058594
vt 0.175781 0.058594
vt 0.328125 0.058594
vt 0.160156 0.109375
vt 0.332031 0.039063
vt 0.34375 0.109375
vt 0.328125 0.058594
vt 0.160156 0.109375
vt 0.171875 0.039063
vt 0.175781 0.058594
vt 0.328125 0.058594
vt 0.171875 0.039063
vt 0.332031 0.039063
vt 0.171875 0.039063
vt 0.328125 0.058594
vt 0.175781 0.058594
vt 0.003906 0.136719
vt 0.046875 0.144531
vt 0.015625 0.144531
vt 0.046875 0.144531
vt 0.003906 0.136719
vt 0.074219 0.136719
vt 0.046875 0.144531
vt 0.074219 0.203125
vt 0.046875 0.171875
vt 0.074219 0.203125
vt 0.046875 0.144531
vt 0.074219 0.136719
vt 0.046875 0.171875
vt 0.003906 0.203125
vt 0.015625 0.171875
vt 0.003906 0.203125
vt 0.046875 0.171875
vt 0.074219 0.203125
vt 0.488281 0.144531
vt 0.457031 0.144531
vt 0.5 0.136719
vt 0.429688 0.136719
vt 0.5 0.136719
vt 0.457031 0.144531
vt 0.457031 0.171875
vt 0.429688 0.203125
vt 0.457031 0.144531
vt 0.429688 0.136719
vt 0.457031 0.144531
vt 0.429688 0.203125
vt 0.488281 0.171875
vt 0.5 0.203125
vt 0.457031 0.171875
vt 0.429688 0.203125
vt 0.457031 0.171875
vt 0.5 0.203125
vt 0.429688 0.136719
vt 0.5 0.023438
vt 0.5 0.136719
vt 0.429688 0.136719
vt 0.429688 0.203125
vt 0.34375 0.109375
vt 0.074219 0.203125
vt 0.074219 0.136719
vt 0.160156 0.109375
vt 0.003906 0.203125
vt 0.074219 0.203125
vt 0.003906 0.457031
vt 0.160156 0.109375
vt 0.429688 0.203125
vt 0.074219 0.203125
vt 0.429688 0.203125
vt 0.160156 0.109375
vt 0.34375 0.109375
vt 0.171875 0.039063
vt 0.160156 0.109375
vt 0.003906 0.023438
vt 0.34375 0.109375
vt 0.332031 0.039063
vt 0.5 0.023438
vt 0.332031 0.039063
vt 0.003906 0.023438
vt 0.5 0.023438
vt 0.003906 0.023438
vt 0.332031 0.039063
vt 0.171875 0.039063
vt 0.003906 0.457031
vt 0.492188 0.464844
vt 0.015625 0.464844
vt 0.492188 0.464844
vt 0.003906 0.457031
vt 0.5 0.457031
vt 0.429688 0.203125
vt 0.003906 0.457031
vt 0.074219 0.203125
vt 0.003906 0.457031
vt 0.429688 0.203125
vt 0.5 0.457031
vt 0.34375 0.109375
vt 0.5 0.023438
vt 0.429688 0.136719
vt 0.5 0.457031
vt 0.429688 0.203125
vt 0.5 0.203125
vt 0.003906 0.136719
vt 0.003906 0.023438
vt 0.074219 0.136719
vt 0.003906 0.023438
vt 0.160156 0.109375
vt 0.074219 0.136719
vt 0.175781 0.058594
vt 0.34375 0.109375
vt 0.160156 0.109375
vt 0.34375 0.109375
vt 0.175781 0.058594
vt 0.328125 0.058594
vt 0.175781 0.058594
vt 0.160156 0.109375
vt 0.171875 0.039063
vt 0.328125 0.058594
vt 0.171875 0.039063
vt 0.332031 0.039063
vt 0.171875 0.039063
vt 0.328125 0.058594
vt 0.175781 0.058594
vt 0.328125 0.058594
vt 0.332031 0.039063
vt 0.34375 0.109375
vt 0.015625 0.464844
vt 0.492188 0.464844
vt 0.015625 0.503906
vt 0.492188 0.503906
vt 0.015625 0.503906
vt 0.492188 0.464844
vt 0.015625 0.503906
vt 0.492188 0.503906
vt 0.023438 0.515625
vt 0.480469 0.515625
vt 0.023438 0.515625
vt 0.492188 0.503906
vt 0.457031 0.144531
vt 0.5 0.136719
vt 0.488281 0.144531
vt 0.5 0.136719
vt 0.457031 0.144531
vt 0.429688 0.136719
vt 0.429688 0.203125
vt 0.429688 0.136719
vt 0.457031 0.144531
vt 0.429688 0.203125
vt 0.457031 0.144531
vt 0.457031 0.171875
vt 0.046875 0.171875
vt 0.003906 0.203125
vt 0.015625 0.171875
vt 0.046875 0.171875
vt 0.074219 0.203125
vt 0.003906 0.203125
vt 0.488281 0.171875
vt 0.5 0.203125
vt 0.457031 0.171875
vt 0.5 0.203125
vt 0.429688 0.203125
vt 0.457031 0.171875
vt 0.015625 0.144531
vt 0.003906 0.136719
vt 0.046875 0.144531
vt 0.074219 0.136719
vt 0.046875 0.144531
vt 0.003906 0.136719
vt 0.046875 0.144531
vt 0.074219 0.136719
vt 0.074219 0.203125
vt 0.046875 0.171875
vt 0.046875 0.144531
vt 0.074219 0.203125
vt 0.851563 0.664063
vt 0.578125 0.671875
vt 0.859375 0.671875
vt 0.578125 0.671875
vt 0.851563 0.664063
vt 0.582031 0.664063
vt 0.851563 0.664063
vt 0.578125 0.671875
vt 0.859375 0.671875
vt 0.578125 0.671875
vt 0.851563 0.664063
vt 0.582031 0.664063
vt 0.851563 0.664063
vt 0.578125 0.671875
vt 0.859375 0.671875
vt 0.578125 0.671875
vt 0.851563 0.664063
vt 0.582031 0.664063
vt 0.851563 0.664063
vt 0.578125 0.671875
vt 0.859375 0.671875
vt 0.578125 0.671875
vt 0.851563 0.664063
vt 0.582031 0.664063
vt 0.324219 0.863281
vt 0.324219 0.675781
vt 0.550781 0.863281
vt 0.550781 0.675781
vt 0.550781 0.863281
vt 0.324219 0.675781
vt 0.554688 0.890625
vt 0.324219 0.890625
vt 0.550781 0.863281
vt 0.324219 0.863281
vt 0.550781 0.863281
vt 0.324219 0.890625
vt 0.304688 0.890625
vt 0.304688 0.640625
vt 0.324219 0.863281
vt 0.324219 0.675781
vt 0.324219 0.863281
vt 0.304688 0.640625
vt 0.324219 0.640625
vt 0.554688 0.640625
vt 0.324219 0.675781
vt 0.550781 0.675781
vt 0.324219 0.675781
vt 0.554688 0.640625
vt 0.304688 0.640625
vt 0.304688 0.890625
vt 0.324219 0.675781
vt 0.324219 0.863281
vt 0.324219 0.675781
vt 0.304688 0.890625
vt 0.160156 0.390625
vt 0.074219 0.203125
vt 0.160156 0.109375
vt 0.074219 0.203125
vt 0.160156 0.390625
vt 0.003906 0.457031
vt 0.003906 0.136719
vt 0.003906 0.023438
vt 0.074219 0.136719
vt 0.160156 0.109375
vt 0.074219 0.203125
vt 0.074219 0.136719
vt 0.003906 0.023438
vt 0.171875 0.039063
vt 0.160156 0.109375
vt 0.074219 0.136719
vt 0.003906 0.023438
vt 0.160156 0.109375
vt 0.003906 0.203125
vt 0.074219 0.203125
vt 0.003906 0.457031
vt 0.34375 0.109375
vt 0.429688 0.203125
vt 0.34375 0.390625
vt 0.5 0.457031
vt 0.34375 0.390625
vt 0.429688 0.203125
vt 0.160156 0.390625
vt 0.34375 0.390625
vt 0.5 0.457031
vt 0.160156 0.390625
vt 0.5 0.457031
vt 0.003906 0.457031
vt 0.429688 0.136719
vt 0.5 0.023438
vt 0.5 0.136719
vt 0.429688 0.136719
vt 0.429688 0.203125
vt 0.34375 0.109375
vt 0.34375 0.109375
vt 0.332031 0.039063
vt 0.5 0.023438
vt 0.332031 0.039063
vt 0.003906 0.023438
vt 0.5 0.023438
vt 0.003906 0.023438
vt 0.332031 0.039063
vt 0.171875 0.039063
vt 0.003906 0.457031
vt 0.492188 0.464844
vt 0.015625 0.464844
vt 0.492188 0.464844
vt 0.003906 0.457031
vt 0.5 0.457031
vt 0.34375 0.109375
vt 0.5 0.023438
vt 0.429688 0.136719
vt 0.5 0.457031
vt 0.429688 0.203125
vt 0.5 0.203125
vt 0.015625 0.464844
vt 0.492188 0.464844
vt 0.015625 0.503906
vt 0.492188 0.503906
vt 0.015625 0.503906
vt 0.492188 0.464844
vt 0.015625 0.503906
vt 0.492188 0.503906
vt 0.023438 0.515625
vt 0.480469 0.515625
vt 0.023438 0.515625
vt 0.492188 0.503906
vt 0.34375 0.109375
vt 0.160156 0.109375
vt 0.328125 0.058594
vt 0.175781 0.058594
vt 0.328125 0.058594
vt 0.160156 0.109375
vt 0.332031 0.039063
vt 0.34375 0.109375
vt 0.328125 0.058594
vt 0.160156 0.109375
vt 0.171875 0.039063
vt 0.175781 0.058594
vt 0.328125 0.058594
vt 0.171875 0.039063
vt 0.332031 0.039063
vt 0.171875 0.039063
vt 0.328125 0.058594
vt 0.175781 0.058594
vt 0.003906 0.136719
vt 0.046875 0.144531
vt 0.015625 0.144531
vt 0.046875 0.144531
vt 0.003906 0.136719
vt 0.074219 0.136719
vt 0.046875 0.144531
vt 0.074219 0.203125
vt 0.046875 0.171875
vt 0.074219 0.203125
vt 0.046875 0.144531
vt 0.074219 0.136719
vt 0.046875 0.171875
vt 0.003906 0.203125
vt 0.015625 0.171875
vt 0.003906 0.203125
vt 0.046875 0.171875
vt 0.074219 0.203125
vt 0.488281 0.144531
vt 0.457031 0.144531
vt 0.5 0.136719
vt 0.429688 0.136719
vt 0.5 0.136719
vt 0.457031 0.144531
vt 0.457031 0.171875
vt 0.429688 0.203125
vt 0.457031 0.144531
vt 0.429688 0.136719
vt 0.457031 0.144531
vt 0.429688 0.203125
vt 0.488281 0.171875
vt 0.5 0.203125
vt 0.457031 0.171875
vt 0.429688 0.203125
vt 0.457031 0.171875
vt 0.5 0.203125
vt 0.429688 0.136719
vt 0.5 0.023438
vt 0.5 0.136719
vt 0.429688 0.136719
vt 0.429688 0.203125
vt 0.34375 0.109375
vt 0.074219 0.203125
vt 0.074219 0.136719
vt 0.160156 0.109375
vt 0.003906 0.203125
vt 0.074219 0.203125
vt 0.003906 0.457031
vt 0.160156 0.109375
vt 0.429688 0.203125
vt 0.074219 0.203125
vt 0.429688 0.203125
vt 0.160156 0.109375
vt 0.34375 0.109375
vt 0.171875 0.039063
vt 0.160156 0.109375
vt 0.003906 0.023438
vt 0.34375 0.109375
vt 0.332031 0.039063
vt 0.5 0.023438
vt 0.332031 0.039063
vt 0.003906 0.023438
vt 0.5 0.023438
vt 0.003906 0.023438
vt 0.332031 0.039063
vt 0.171875 0.039063
vt 0.003906 0.457031
vt 0.492188 0.464844
vt 0.015625 0.464844
vt 0.492188 0.464844
vt 0.003906 0.457031
vt 0.5 0.457031
vt 0.429688 0.203125
vt 0.003906 0.457031
vt 0.074219 0.203125
vt 0.003906 0.457031
vt 0.429688 0.203125
vt 0.5 0.457031
vt 0.34375 0.109375
vt 0.5 0.023438
vt 0.429688 0.136719
vt 0.5 0.457031
vt 0.429688 0.203125
vt 0.5 0.203125
vt 0.003906 0.136719
vt 0.003906 0.023438
vt 0.074219 0.136719
vt 0.003906 0.023438
vt 0.160156 0.109375
vt 0.074219 0.136719
vt 0.175781 0.058594
vt 0.34375 0.109375
vt 0.160156 0.109375
vt 0.34375 0.109375
vt 0.175781 0.058594
vt 0.328125 0.058594
vt 0.175781 0.058594
vt 0.160156 0.109375
vt 0.171875 0.039063
vt 0.328125 0.058594
vt 0.171875 0.039063
vt 0.332031 0.039063
vt 0.171875 0.039063
vt 0.328125 0.058594
vt 0.175781 0.058594
vt 0.328125 0.058594
vt 0.332031 0.039063
vt 0.34375 0.109375
vt 0.015625 0.464844
vt 0.492188 0.464844
vt 0.015625 0.503906
vt 0.492188 0.503906
vt 0.015625 0.503906
vt 0.492188 0.464844
vt 0.015625 0.503906
vt 0.492188 0.503906
vt 0.023438 0.515625
vt 0.480469 0.515625
vt 0.023438 0.515625
vt 0.492188 0.503906
vt 0.457031 0.144531
vt 0.5 0.136719
vt 0.488281 0.144531
vt 0.5 0.136719
vt 0.457031 0.144531
vt 0.429688 0.136719
vt 0.429688 0.203125
vt 0.429688 0.136719
vt 0.457031 0.144531
vt 0.429688 0.203125
vt 0.457031 0.144531
vt 0.457031 0.171875
vt 0.046875 0.171875
vt 0.003906 0.203125
vt 0.015625 0.171875
vt 0.046875 0.171875
vt 0.074219 0.203125
vt 0.003906 0.203125
vt 0.488281 0.171875
vt 0.5 0.203125
vt 0.457031 0.171875
vt 0.5 0.203125
vt 0.429688 0.203125
vt 0.457031 0.171875
vt 0.015625 0.144531
vt 0.003906 0.136719
vt 0.046875 0.144531
vt 0.074219 0.136719
vt 0.046875 0.144531
vt 0.003906 0.136719
vt 0.046875 0.144531
vt 0.074219 0.136719
vt 0.074219 0.203125
vt 0.046875 0.171875
vt 0.046875 0.144531
vt 0.074219 0.203125
vt 0.664063 0.222656
vt 0.734375 0.222656
vt 0.699219 0.234375
vt 0.699219 0.167969
vt 0.734375 0.179688
vt 0.664063 0.179688
vt 0.734375 0.179688
vt 0.734375 0.222656
vt 0.664063 0.222656
vt 0.664063 0.179688
vt 0.734375 0.179688
vt 0.664063 0.222656
vt 0.664063 0.222656
vt 0.734375 0.222656
vt 0.699219 0.234375
vt 0.699219 0.167969
vt 0.734375 0.179688
vt 0.664063 0.179688
vt 0.734375 0.179688
vt 0.734375 0.222656
vt 0.664063 0.222656
vt 0.664063 0.179688
vt 0.734375 0.179688
vt 0.664063 0.222656
vt 0.664063 0.222656
vt 0.734375 0.222656
vt 0.699219 0.234375
vt 0.699219 0.167969
vt 0.734375 0.179688
vt 0.664063 0.179688
vt 0.734375 0.179688
vt 0.734375 0.222656
vt 0.664063 0.222656
vt 0.664063 0.179688
vt 0.734375 0.179688
vt 0.664063 0.222656
vt 0.664063 0.222656
vt 0.734375 0.222656
vt 0.699219 0.234375
vt 0.699219 0.167969
vt 0.734375 0.179688
vt 0.664063 0.179688
vt 0.734375 0.179688
vt 0.734375 0.222656
vt 0.664063 0.222656
vt 0.664063 0.179688
vt 0.734375 0.179688
vt 0.664063 0.222656
vt 0.832031 0.703125
vt 0.570313 0.964844
vt 0.570313 0.703125
vt 0.570313 0.964844
vt 0.832031 0.703125
vt 0.570313 0.703125
vt 0.785156 0.332031
vt 0.839844 0.332031
vt 0.785156 0.359375
vt 0.839844 0.359375
vt 0.785156 0.359375
vt 0.839844 0.332031
vt 0.785156 0.164063
vt 0.839844 0.164063
vt 0.785156 0.257813
vt 0.839844 0.257813
vt 0.785156 0.257813
vt 0.839844 0.164063
vt 0.761719 0.171875
vt 0.785156 0.164063
vt 0.761719 0.246094
vt 0.785156 0.257813
vt 0.761719 0.246094
vt 0.785156 0.164063
vt 0.785156 0.164063
vt 0.761719 0.171875
vt 0.785156 0.257813
vt 0.761719 0.246094
vt 0.785156 0.257813
vt 0.761719 0.171875
vt 0.785156 0.257813
vt 0.839844 0.257813
vt 0.785156 0.289063
vt 0.839844 0.289063
vt 0.785156 0.292969
vt 0.839844 0.257813
vt 0.761719 0.246094
vt 0.785156 0.257813
vt 0.753906 0.277344
vt 0.753906 0.277344
vt 0.734375 0.261719
vt 0.761719 0.246094
vt 0.785156 0.257813
vt 0.761719 0.246094
vt 0.753906 0.277344
vt 0.734375 0.261719
vt 0.753906 0.277344
vt 0.761719 0.246094
vt 0.785156 0.292969
vt 0.839844 0.292969
vt 0.785156 0.332031
vt 0.839844 0.332031
vt 0.785156 0.332031
vt 0.839844 0.289063
vt 0.734375 0.261719
vt 0.753906 0.277344
vt 0.691406 0.277344
vt 0.691406 0.277344
vt 0.679688 0.25
vt 0.734375 0.261719
vt 0.753906 0.277344
vt 0.734375 0.261719
vt 0.691406 0.277344
vt 0.679688 0.25
vt 0.691406 0.277344
vt 0.734375 0.261719
vt 0.785156 0.359375
vt 0.839844 0.332031
vt 0.785156 0.332031
vt 0.839844 0.332031
vt 0.785156 0.359375
vt 0.839844 0.359375
vt 0.785156 0.257813
vt 0.839844 0.164063
vt 0.785156 0.164063
vt 0.839844 0.164063
vt 0.785156 0.257813
vt 0.839844 0.257813
vt 0.761719 0.246094
vt 0.785156 0.164063
vt 0.761719 0.171875
vt 0.785156 0.164063
vt 0.761719 0.246094
vt 0.785156 0.257813
vt 0.785156 0.257813
vt 0.761719 0.171875
vt 0.785156 0.164063
vt 0.761719 0.171875
vt 0.785156 0.257813
vt 0.761719 0.246094
vt 0.785156 0.289063
vt 0.839844 0.257813
vt 0.785156 0.257813
vt 0.839844 0.257813
vt 0.785156 0.292969
vt 0.839844 0.289063
vt 0.753906 0.277344
vt 0.785156 0.257813
vt 0.761719 0.246094
vt 0.761719 0.246094
vt 0.734375 0.261719
vt 0.753906 0.277344
vt 0.753906 0.277344
vt 0.761719 0.246094
vt 0.785156 0.257813
vt 0.761719 0.246094
vt 0.753906 0.277344
vt 0.734375 0.261719
vt 0.785156 0.332031
vt 0.839844 0.292969
vt 0.785156 0.289063
vt 0.839844 0.289063
vt 0.785156 0.332031
vt 0.839844 0.332031
vt 0.691406 0.277344
vt 0.753906 0.277344
vt 0.734375 0.261719
vt 0.734375 0.261719
vt 0.679688 0.25
vt 0.691406 0.277344
vt 0.691406 0.277344
vt 0.734375 0.261719
vt 0.753906 0.277344
vt 0.734375 0.261719
vt 0.691406 0.277344
vt 0.679688 0.25
vt 0.785156 0.359375
vt 0.839844 0.332031
vt 0.785156 0.332031
vt 0.839844 0.332031
vt 0.785156 0.359375
vt 0.839844 0.359375
vt 0.785156 0.257813
vt 0.839844 0.164063
vt 0.785156 0.164063
vt 0.839844 0.164063
vt 0.785156 0.257813
vt 0.839844 0.257813
vt 0.761719 0.246094
vt 0.785156 0.164063
vt 0.761719 0.171875
vt 0.785156 0.164063
vt 0.761719 0.246094
vt 0.785156 0.257813
vt 0.785156 0.257813
vt 0.761719 0.171875
vt 0.785156 0.164063
vt 0.761719 0.171875
vt 0.785156 0.257813
vt 0.761719 0.246094
vt 0.785156 0.289063
vt 0.839844 0.257813
vt 0.785156 0.257813
vt 0.839844 0.257813
vt 0.785156 0.292969
vt 0.839844 0.289063
vt 0.753906 0.277344
vt 0.785156 0.257813
vt 0.761719 0.246094
vt 0.761719 0.246094
vt 0.734375 0.261719
vt 0.753906 0.277344
vt 0.753906 0.277344
vt 0.761719 0.246094
vt 0.785156 0.257813
vt 0.761719 0.246094
vt 0.753906 0.277344
vt 0.734375 0.261719
vt 0.785156 0.332031
vt 0.839844 0.292969
vt 0.785156 0.289063
vt 0.839844 0.289063
vt 0.785156 0.332031
vt 0.839844 0.332031
vt 0.691406 0.277344
vt 0.753906 0.277344
vt 0.734375 0.261719
vt 0.734375 0.261719
vt 0.679688 0.25
vt 0.691406 0.277344
vt 0.691406 0.277344
vt 0.734375 0.261719
vt 0.753906 0.277344
vt 0.734375 0.261719
vt 0.691406 0.277344
vt 0.679688 0.25
vt 0.785156 0.332031
vt 0.839844 0.332031
vt 0.785156 0.359375
vt 0.839844 0.359375
vt 0.785156 0.359375
vt 0.839844 0.332031
vt 0.785156 0.164063
vt 0.839844 0.164063
vt 0.785156 0.257813
vt 0.839844 0.257813
vt 0.785156 0.257813
vt 0.839844 0.164063
vt 0.761719 0.171875
vt 0.785156 0.164063
vt 0.761719 0.246094
vt 0.785156 0.257813
vt 0.761719 0.246094
vt 0.785156 0.164063
vt 0.785156 0.164063
vt 0.761719 0.171875
vt 0.785156 0.257813
vt 0.761719 0.246094
vt 0.785156 0.257813
vt 0.761719 0.171875
vt 0.785156 0.257813
vt 0.839844 0.257813
vt 0.785156 0.289063
vt 0.839844 0.289063
vt 0.785156 0.292969
vt 0.839844 0.257813
vt 0.761719 0.246094
vt 0.785156 0.257813
vt 0.753906 0.277344
vt 0.753906 0.277344
vt 0.734375 0.261719
vt 0.761719 0.246094
vt 0.785156 0.257813
vt 0.761719 0.246094
vt 0.753906 0.277344
vt 0.734375 0.261719
vt 0.753906 0.277344
vt 0.761719 0.246094
vt 0.785156 0.292969
vt 0.839844 0.292969
vt 0.785156 0.332031
vt 0.839844 0.332031
vt 0.785156 0.332031
vt 0.839844 0.289063
vt 0.734375 0.261719
vt 0.753906 0.277344
vt 0.691406 0.277344
vt 0.691406 0.277344
vt 0.679688 0.25
vt 0.734375 0.261719
vt 0.753906 0.277344
vt 0.734375 0.261719
vt 0.691406 0.277344
vt 0.679688 0.25
vt 0.691406 0.277344
vt 0.734375 0.261719
vt 0.765625 0.433594
vt 0.695313 0.34375
vt 0.765625 0.34375
vt 0.695313 0.34375
vt 0.765625 0.433594
vt 0.695313 0.433594
vt 0.695313 0.34375
vt 0.660156 0.449219
vt 0.679688 0.3125
vt 0.695313 0.433594
vt 0.660156 0.449219
vt 0.695313 0.34375
vt 0.324219 0.863281
vt 0.324219 0.675781
vt 0.550781 0.863281
vt 0.691406 0.449219
vt 0.765625 0.433594
vt 0.769531 0.449219
vt 0.695313 0.3125
vt 0.765625 0.34375
vt 0.695313 0.34375
vt 0.765625 0.34375
vt 0.695313 0.3125
vt 0.765625 0.3125
vt 0.695313 0.34375
vt 0.660156 0.449219
vt 0.695313 0.433594
vt 0.679688 0.3125
vt 0.660156 0.449219
vt 0.695313 0.34375
vt 0.765625 0.34375
vt 0.695313 0.34375
vt 0.765625 0.433594
vt 0.695313 0.433594
vt 0.765625 0.433594
vt 0.695313 0.34375
vt 0.679688 0.3125
vt 0.660156 0.449219
vt 0.695313 0.34375
vt 0.695313 0.34375
vt 0.660156 0.449219
vt 0.695313 0.433594
vt 0.765625 0.433594
vt 0.695313 0.433594
vt 0.691406 0.449219
vt 0.769531 0.449219
vt 0.765625 0.433594
vt 0.691406 0.449219
vt 0.695313 0.34375
vt 0.765625 0.34375
vt 0.695313 0.3125
vt 0.765625 0.3125
vt 0.695313 0.3125
vt 0.765625 0.34375
vt 0.695313 0.433594
vt 0.660156 0.449219
vt 0.695313 0.34375
vt 0.695313 0.34375
vt 0.660156 0.449219
vt 0.679688 0.3125
vt 0.765625 0.34375
vt 0.695313 0.34375
vt 0.765625 0.433594
vt 0.695313 0.433594
vt 0.765625 0.433594
vt 0.695313 0.34375
vt 0.679688 0.3125
vt 0.660156 0.449219
vt 0.695313 0.34375
vt 0.695313 0.34375
vt 0.660156 0.449219
vt 0.695313 0.433594
vt 0.765625 0.433594
vt 0.695313 0.433594
vt 0.691406 0.449219
vt 0.769531 0.449219
vt 0.765625 0.433594
vt 0.691406 0.449219
vt 0.695313 0.34375
vt 0.765625 0.34375
vt 0.695313 0.3125
vt 0.765625 0.3125
vt 0.695313 0.3125
vt 0.765625 0.34375
vt 0.695313 0.433594
vt 0.660156 0.449219
vt 0.695313 0.34375
vt 0.695313 0.34375
vt 0.660156 0.449219
vt 0.679688 0.3125
vt 0.765625 0.433594
vt 0.695313 0.34375
vt 0.765625 0.34375
vt 0.695313 0.34375
vt 0.765625 0.433594
vt 0.695313 0.433594
vt 0.695313 0.34375
vt 0.660156 0.449219
vt 0.679688 0.3125
vt 0.695313 0.433594
vt 0.660156 0.449219
vt 0.695313 0.34375
vt 0.691406 0.449219
vt 0.695313 0.433594
vt 0.765625 0.433594
vt 0.691406 0.449219
vt 0.765625 0.433594
vt 0.769531 0.449219
vt 0.695313 0.3125
vt 0.765625 0.34375
vt 0.695313 0.34375
vt 0.765625 0.34375
vt 0.695313 0.3125
vt 0.765625 0.3125
vt 0.695313 0.34375
vt 0.660156 0.449219
vt 0.695313 0.433594
vt 0.679688 0.3125
vt 0.660156 0.449219
vt 0.695313 0.34375
vt 0.550781 0.054688
vt 0.949219 0.054688
vt 0.625 0.113281
vt 0.875 0.113281
vt 0.625 0.113281
vt 0.949219 0.054688
vt 0.875 0.441406
vt 0.875 0.113281
vt 0.949219 0.441406
vt 0.949219 0.441406
vt 0.875 0.113281
vt 0.949219 0.054688
vt 0.550781 0.441406
vt 0.625 0.113281
vt 0.625 0.441406
vt 0.550781 0.441406
vt 0.550781 0.054688
vt 0.625 0.113281
vt 0.519531 0.019531
vt 0.980469 0.019531
vt 0.550781 0.054688
vt 0.949219 0.054688
vt 0.550781 0.054688
vt 0.980469 0.019531
vt 0.855469 0.136719
vt 0.644531 0.136719
vt 0.875 0.113281
vt 0.625 0.113281
vt 0.875 0.113281
vt 0.644531 0.136719
vt 0.855469 0.457031
vt 0.855469 0.136719
vt 0.875 0.441406
vt 0.875 0.113281
vt 0.875 0.441406
vt 0.855469 0.136719
vt 0.980469 0.457031
vt 0.855469 0.457031
vt 0.949219 0.441406
vt 0.875 0.441406
vt 0.949219 0.441406
vt 0.855469 0.457031
vt 0.980469 0.019531
vt 0.980469 0.457031
vt 0.949219 0.054688
vt 0.949219 0.441406
vt 0.949219 0.054688
vt 0.980469 0.457031
vt 0.644531 0.457031
vt 0.519531 0.457031
vt 0.625 0.441406
vt 0.550781 0.441406
vt 0.625 0.441406
vt 0.519531 0.457031
vt 0.644531 0.136719
vt 0.644531 0.457031
vt 0.625 0.113281
vt 0.625 0.441406
vt 0.625 0.113281
vt 0.644531 0.457031
vt 0.519531 0.457031
vt 0.519531 0.019531
vt 0.550781 0.441406
vt 0.550781 0.054688
vt 0.550781 0.441406
vt 0.519531 0.019531
vt 0.550781 0.054688
vt 0.949219 0.054688
vt 0.625 0.113281
vt 0.875 0.113281
vt 0.625 0.113281
vt 0.949219 0.054688
vt 0.875 0.441406
vt 0.875 0.113281
vt 0.949219 0.441406
vt 0.949219 0.441406
vt 0.875 0.113281
vt 0.949219 0.054688
vt 0.550781 0.441406
vt 0.625 0.113281
vt 0.625 0.441406
vt 0.550781 0.441406
vt 0.550781 0.054688
vt 0.625 0.113281
vt 0.519531 0.019531
vt 0.980469 0.019531
vt 0.550781 0.054688
vt 0.949219 0.054688
vt 0.550781 0.054688
vt 0.980469 0.019531
vt 0.855469 0.136719
vt 0.644531 0.136719
vt 0.875 0.113281
vt 0.625 0.113281
vt 0.875 0.113281
vt 0.644531 0.136719
vt 0.855469 0.457031
vt 0.855469 0.136719
vt 0.875 0.441406
vt 0.875 0.113281
vt 0.875 0.441406
vt 0.855469 0.136719
vt 0.980469 0.457031
vt 0.855469 0.457031
vt 0.949219 0.441406
vt 0.875 0.441406
vt 0.949219 0.441406
vt 0.855469 0.457031
vt 0.980469 0.019531
vt 0.980469 0.457031
vt 0.949219 0.054688
vt 0.949219 0.441406
vt 0.949219 0.054688
vt 0.980469 0.457031
vt 0.644531 0.457031
vt 0.519531 0.457031
vt 0.625 0.441406
vt 0.550781 0.441406
vt 0.625 0.441406
vt 0.519531 0.457031
vt 0.644531 0.136719
vt 0.644531 0.457031
vt 0.625 0.113281
vt 0.625 0.441406
vt 0.625 0.113281
vt 0.644531 0.457031
vt 0.519531 0.457031
vt 0.519531 0.019531
vt 0.550781 0.441406
vt 0.550781 0.054688
vt 0.550781 0.441406
vt 0.519531 0.019531
vt 0.550781 0.054688
vt 0.949219 0.054688
vt 0.625 0.113281
vt 0.875 0.113281
vt 0.625 0.113281
vt 0.949219 0.054688
vt 0.875 0.441406
vt 0.875 0.113281
vt 0.949219 0.441406
vt 0.949219 0.441406
vt 0.875 0.113281
vt 0.949219 0.054688
vt 0.550781 0.441406
vt 0.625 0.113281
vt 0.625 0.441406
vt 0.550781 0.441406
vt 0.550781 0.054688
vt 0.625 0.113281
vt 0.519531 0.019531
vt 0.980469 0.019531
vt 0.550781 0.054688
vt 0.949219 0.054688
vt 0.550781 0.054688
vt 0.980469 0.019531
vt 0.855469 0.136719
vt 0.644531 0.136719
vt 0.875 0.113281
vt 0.625 0.113281
vt 0.875 0.113281
vt 0.644531 0.136719
vt 0.855469 0.457031
vt 0.855469 0.136719
vt 0.875 0.441406
vt 0.875 0.113281
vt 0.875 0.441406
vt 0.855469 0.136719
vt 0.980469 0.457031
vt 0.855469 0.457031
vt 0.949219 0.441406
vt 0.875 0.441406
vt 0.949219 0.441406
vt 0.855469 0.457031
vt 0.980469 0.019531
vt 0.980469 0.457031
vt 0.949219 0.054688
vt 0.949219 0.441406
vt 0.949219 0.054688
vt 0.980469 0.457031
vt 0.644531 0.457031
vt 0.519531 0.457031
vt 0.625 0.441406
vt 0.550781 0.441406
vt 0.625 0.441406
vt 0.519531 0.457031
vt 0.644531 0.136719
vt 0.644531 0.457031
vt 0.625 0.113281
vt 0.625 0.441406
vt 0.625 0.113281
vt 0.644531 0.457031
vt 0.519531 0.457031
vt 0.519531 0.019531
vt 0.550781 0.441406
vt 0.550781 0.054688
vt 0.550781 0.441406
vt 0.519531 0.019531
vt 0.550781 0.054688
vt 0.949219 0.054688
vt 0.625 0.113281
vt 0.875 0.113281
vt 0.625 0.113281
vt 0.949219 0.054688
vt 0.875 0.441406
vt 0.875 0.113281
vt 0.949219 0.441406
vt 0.949219 0.441406
vt 0.875 0.113281
vt 0.949219 0.054688
vt 0.550781 0.441406
vt 0.625 0.113281
vt 0.625 0.441406
vt 0.550781 0.441406
vt 0.550781 0.054688
vt 0.625 0.113281
vt 0.519531 0.019531
vt 0.980469 0.019531
vt 0.550781 0.054688
vt 0.949219 0.054688
vt 0.550781 0.054688
vt 0.980469 0.019531
vt 0.855469 0.136719
vt 0.644531 0.136719
vt 0.875 0.113281
vt 0.625 0.113281
vt 0.875 0.113281
vt 0.644531 0.136719
vt 0.855469 0.457031
vt 0.855469 0.136719
vt 0.875 0.441406
vt 0.875 0.113281
vt 0.875 0.441406
vt 0.855469 0.136719
vt 0.980469 0.457031
vt 0.855469 0.457031
vt 0.949219 0.441406
vt 0.875 0.441406
vt 0.949219 0.441406
vt 0.855469 0.457031
vt 0.980469 0.019531
vt 0.980469 0.457031
vt 0.949219 0.054688
vt 0.949219 0.441406
vt 0.949219 0.054688
vt 0.980469 0.457031
vt 0.644531 0.457031
vt 0.519531 0.457031
vt 0.625 0.441406
vt 0.550781 0.441406
vt 0.625 0.441406
vt 0.519531 0.457031
vt 0.644531 0.136719
vt 0.644531 0.457031
vt 0.625 0.113281
vt 0.625 0.441406
vt 0.625 0.113281
vt 0.644531 0.457031
vt 0.519531 0.457031
vt 0.519531 0.019531
vt 0.550781 0.441406
vt 0.550781 0.054688
vt 0.550781 0.441406
vt 0.519531 0.019531
vt 0.230469 0.675781
vt 0.253906 0.628906
vt 0.152344 0.675781
vt 0.136719 0.628906
vt 0.152344 0.675781
vt 0.253906 0.628906
vt 0.136719 0.898438
vt 0.253906 0.898438
vt 0.152344 0.886719
vt 0.230469 0.886719
vt 0.152344 0.886719
vt 0.253906 0.898438
vt 0.152344 0.886719
vt 0.230469 0.886719
vt 0.152344 0.675781
vt 0.230469 0.675781
vt 0.152344 0.675781
vt 0.230469 0.886719
vt 0.230469 0.886719
vt 0.253906 0.898438
vt 0.230469 0.675781
vt 0.253906 0.628906
vt 0.230469 0.675781
vt 0.253906 0.898438
vt 0.136719 0.898438
vt 0.152344 0.886719
vt 0.136719 0.628906
vt 0.152344 0.675781
vt 0.136719 0.628906
vt 0.152344 0.886719
vt 0.027344 0.675781
vt 0.105469 0.675781
vt 0.003906 0.628906
vt 0.117188 0.628906
vt 0.003906 0.628906
vt 0.105469 0.675781
vt 0.117188 0.898438
vt 0.105469 0.886719
vt 0.003906 0.898438
vt 0.027344 0.886719
vt 0.003906 0.898438
vt 0.105469 0.886719
vt 0.105469 0.886719
vt 0.105469 0.675781
vt 0.027344 0.886719
vt 0.027344 0.675781
vt 0.027344 0.886719
vt 0.105469 0.675781
vt 0.027344 0.886719
vt 0.027344 0.675781
vt 0.003906 0.898438
vt 0.003906 0.628906
vt 0.003906 0.898438
vt 0.027344 0.675781
vt 0.117188 0.898438
vt 0.117188 0.628906
vt 0.105469 0.886719
vt 0.105469 0.675781
vt 0.105469 0.886719
vt 0.117188 0.628906
vt 0.152344 0.675781
vt 0.253906 0.628906
vt 0.230469 0.675781
vt 0.253906 0.628906
vt 0.152344 0.675781
vt 0.136719 0.628906
vt 0.152344 0.886719
vt 0.253906 0.898438
vt 0.136719 0.898438
vt 0.253906 0.898438
vt 0.152344 0.886719
vt 0.230469 0.886719
vt 0.152344 0.675781
vt 0.230469 0.886719
vt 0.152344 0.886719
vt 0.230469 0.886719
vt 0.152344 0.675781
vt 0.230469 0.675781
vt 0.230469 0.675781
vt 0.253906 0.898438
vt 0.230469 0.886719
vt 0.253906 0.898438
vt 0.230469 0.675781
vt 0.253906 0.628906
vt 0.136719 0.628906
vt 0.152344 0.886719
vt 0.136719 0.898438
vt 0.152344 0.886719
vt 0.136719 0.628906
vt 0.152344 0.675781
vt 0.003906 0.628906
vt 0.105469 0.675781
vt 0.027344 0.675781
vt 0.105469 0.675781
vt 0.003906 0.628906
vt 0.117188 0.628906
vt 0.003906 0.898438
vt 0.105469 0.886719
vt 0.117188 0.898438
vt 0.105469 0.886719
vt 0.003906 0.898438
vt 0.027344 0.886719
vt 0.027344 0.886719
vt 0.105469 0.675781
vt 0.105469 0.886719
vt 0.105469 0.675781
vt 0.027344 0.886719
vt 0.027344 0.675781
vt 0.003906 0.898438
vt 0.027344 0.675781
vt 0.027344 0.886719
vt 0.027344 0.675781
vt 0.003906 0.898438
vt 0.003906 0.628906
vt 0.105469 0.886719
vt 0.117188 0.628906
vt 0.117188 0.898438
vt 0.117188 0.628906
vt 0.105469 0.886719
vt 0.105469 0.675781
vt 0.988281 0.992188
vt 0.988281 0.582031
vt 0.574219 0.992188
vt 0.988281 0.582031
vt 0.988281 0.992188
vt 0.574219 0.992188
vt 0.007813 0.546875
vt 0.574219 0.539063
vt 0.015625 0.539063
vt 0.574219 0.539063
vt 0.007813 0.546875
vt 0.582031 0.546875
vt 0.582031 0.546875
vt 0.015625 0.539063
vt 0.574219 0.539063
vt 0.015625 0.539063
vt 0.582031 0.546875
vt 0.007813 0.546875
vt 0.007813 0.546875
vt 0.574219 0.539063
vt 0.015625 0.539063
vt 0.574219 0.539063
vt 0.007813 0.546875
vt 0.582031 0.546875
vt 0.582031 0.546875
vt 0.015625 0.539063
vt 0.574219 0.539063
vt 0.015625 0.539063
vt 0.582031 0.546875
vt 0.007813 0.546875
vt 0.007813 0.601563
vt 0.582031 0.546875
vt 0.007813 0.546875
vt 0.582031 0.546875
vt 0.007813 0.601563
vt 0.582031 0.601563
vt 0.582031 0.601563
vt 0.007813 0.546875
vt 0.582031 0.546875
vt 0.007813 0.546875
vt 0.582031 0.601563
vt 0.007813 0.601563
vt 0.007813 0.601563
vt 0.582031 0.546875
vt 0.007813 0.546875
vt 0.582031 0.546875
vt 0.007813 0.601563
vt 0.582031 0.601563
vt 0.582031 0.601563
vt 0.007813 0.546875
vt 0.582031 0.546875
vt 0.007813 0.546875
vt 0.582031 0.601563
vt 0.007813 0.601563
vt 0.019531 0.613281
vt 0.582031 0.601563
vt 0.007813 0.601563
vt 0.582031 0.601563
vt 0.019531 0.613281
vt 0.566406 0.613281
vt 0.566406 0.613281
vt 0.007813 0.601563
vt 0.582031 0.601563
vt 0.007813 0.601563
vt 0.566406 0.613281
vt 0.019531 0.613281
vt 0.019531 0.613281
vt 0.582031 0.601563
vt 0.007813 0.601563
vt 0.582031 0.601563
vt 0.019531 0.613281
vt 0.566406 0.613281
vt 0.566406 0.613281
vt 0.007813 0.601563
vt 0.582031 0.601563
vt 0.007813 0.601563
vt 0.566406 0.613281
vt 0.019531 0.613281
vt 0.863281 0.5625
vt 0.960938 0.5625
vt 0.863281 0.554688
vt 0.960938 0.554688
vt 0.863281 0.554688
vt 0.960938 0.5625
vt 0.863281 0.472656
vt 0.863281 0.480469
vt 0.960938 0.472656
vt 0.960938 0.480469
vt 0.960938 0.472656
vt 0.863281 0.480469
vt 0.851563 0.554688
vt 0.863281 0.554688
vt 0.851563 0.480469
vt 0.863281 0.480469
vt 0.851563 0.480469
vt 0.863281 0.554688
vt 0.945313 0.539063
vt 0.878906 0.539063
vt 0.960938 0.554688
vt 0.863281 0.554688
vt 0.960938 0.554688
vt 0.878906 0.539063
vt 0.878906 0.496094
vt 0.945313 0.496094
vt 0.863281 0.480469
vt 0.960938 0.480469
vt 0.863281 0.480469
vt 0.945313 0.496094
vt 0.878906 0.539063
vt 0.878906 0.496094
vt 0.863281 0.554688
vt 0.863281 0.480469
vt 0.863281 0.554688
vt 0.878906 0.496094
vt 0.945313 0.496094
vt 0.945313 0.539063
vt 0.960938 0.480469
vt 0.960938 0.554688
vt 0.960938 0.480469
vt 0.945313 0.539063
vt 0.878906 0.539063
vt 0.878906 0.539063
vt 0.945313 0.539063
vt 0.945313 0.539063
vt 0.945313 0.539063
vt 0.878906 0.539063
vt 0.878906 0.496094
vt 0.878906 0.496094
vt 0.878906 0.539063
vt 0.878906 0.539063
vt 0.878906 0.539063
vt 0.878906 0.496094
vt 0.945313 0.496094
vt 0.945313 0.496094
vt 0.878906 0.496094
vt 0.878906 0.496094
vt 0.878906 0.496094
vt 0.945313 0.496094
vt 0.945313 0.539063
vt 0.945313 0.539063
vt 0.945313 0.496094
vt 0.945313 0.496094
vt 0.945313 0.496094
vt 0.945313 0.539063
vt 0.960938 0.480469
vt 0.960938 0.554688
vt 0.972656 0.480469
vt 0.972656 0.554688
vt 0.972656 0.480469
vt 0.960938 0.554688
vt 0.863281 0.554688
vt 0.960938 0.5625
vt 0.863281 0.5625
vt 0.960938 0.5625
vt 0.863281 0.554688
vt 0.960938 0.554688
vt 0.960938 0.472656
vt 0.863281 0.480469
vt 0.863281 0.472656
vt 0.863281 0.480469
vt 0.960938 0.472656
vt 0.960938 0.480469
vt 0.851563 0.480469
vt 0.863281 0.554688
vt 0.851563 0.554688
vt 0.863281 0.554688
vt 0.851563 0.480469
vt 0.863281 0.480469
vt 0.960938 0.554688
vt 0.878906 0.539063
vt 0.945313 0.539063
vt 0.878906 0.539063
vt 0.960938 0.554688
vt 0.863281 0.554688
vt 0.863281 0.480469
vt 0.945313 0.496094
vt 0.878906 0.496094
vt 0.945313 0.496094
vt 0.863281 0.480469
vt 0.960938 0.480469
vt 0.863281 0.554688
vt 0.878906 0.496094
vt 0.878906 0.539063
vt 0.878906 0.496094
vt 0.863281 0.554688
vt 0.863281 0.480469
vt 0.960938 0.480469
vt 0.945313 0.539063
vt 0.945313 0.496094
vt 0.945313 0.539063
vt 0.960938 0.480469
vt 0.960938 0.554688
vt 0.945313 0.539063
vt 0.878906 0.539063
vt 0.878906 0.539063
vt 0.878906 0.539063
vt 0.945313 0.539063
vt 0.945313 0.539063
vt 0.878906 0.539063
vt 0.878906 0.496094
vt 0.878906 0.496094
vt 0.878906 0.496094
vt 0.878906 0.539063
vt 0.878906 0.539063
vt 0.878906 0.496094
vt 0.945313 0.496094
vt 0.945313 0.496094
vt 0.945313 0.496094
vt 0.878906 0.496094
vt 0.878906 0.496094
vt 0.945313 0.496094
vt 0.945313 0.539063
vt 0.945313 0.539063
vt 0.945313 0.539063
vt 0.945313 0.496094
vt 0.945313 0.496094
vt 0.972656 0.480469
vt 0.960938 0.554688
vt 0.960938 0.480469
vt 0.960938 0.554688
vt 0.972656 0.480469
vt 0.972656 0.554688
vt 0.863281 0.554688
vt 0.960938 0.5625
vt 0.863281 0.5625
vt 0.960938 0.5625
vt 0.863281 0.554688
vt 0.960938 0.554688
vt 0.960938 0.472656
vt 0.863281 0.480469
vt 0.863281 0.472656
vt 0.863281 0.480469
vt 0.960938 0.472656
vt 0.960938 0.480469
vt 0.851563 0.480469
vt 0.863281 0.554688
vt 0.851563 0.554688
vt 0.863281 0.554688
vt 0.851563 0.480469
vt 0.863281 0.480469
vt 0.960938 0.554688
vt 0.878906 0.539063
vt 0.945313 0.539063
vt 0.878906 0.539063
vt 0.960938 0.554688
vt 0.863281 0.554688
vt 0.863281 0.480469
vt 0.945313 0.496094
vt 0.878906 0.496094
vt 0.945313 0.496094
vt 0.863281 0.480469
vt 0.960938 0.480469
vt 0.863281 0.554688
vt 0.878906 0.496094
vt 0.878906 0.539063
vt 0.878906 0.496094
vt 0.863281 0.554688
vt 0.863281 0.480469
vt 0.960938 0.480469
vt 0.945313 0.539063
vt 0.945313 0.496094
vt 0.945313 0.539063
vt 0.960938 0.480469
vt 0.960938 0.554688
vt 0.945313 0.539063
vt 0.878906 0.539063
vt 0.878906 0.539063
vt 0.878906 0.539063
vt 0.945313 0.539063
vt 0.945313 0.539063
vt 0.878906 0.539063
vt 0.878906 0.496094
vt 0.878906 0.496094
vt 0.878906 0.496094
vt 0.878906 0.539063
vt 0.878906 0.539063
vt 0.878906 0.496094
vt 0.945313 0.496094
vt 0.945313 0.496094
vt 0.945313 0.496094
vt 0.878906 0.496094
vt 0.878906 0.496094
vt 0.945313 0.496094
vt 0.945313 0.539063
vt 0.945313 0.539063
vt 0.945313 0.539063
vt 0.945313 0.496094
vt 0.945313 0.496094
vt 0.972656 0.480469
vt 0.960938 0.554688
vt 0.960938 0.480469
vt 0.960938 0.554688
vt 0.972656 0.480469
vt 0.972656 0.554688
vt 0.863281 0.5625
vt 0.960938 0.5625
vt 0.863281 0.554688
vt 0.960938 0.554688
vt 0.863281 0.554688
vt 0.960938 0.5625
vt 0.863281 0.472656
vt 0.863281 0.480469
vt 0.960938 0.472656
vt 0.960938 0.480469
vt 0.960938 0.472656
vt 0.863281 0.480469
vt 0.851563 0.554688
vt 0.863281 0.554688
vt 0.851563 0.480469
vt 0.863281 0.480469
vt 0.851563 0.480469
vt 0.863281 0.554688
vt 0.945313 0.539063
vt 0.878906 0.539063
vt 0.960938 0.554688
vt 0.863281 0.554688
vt 0.960938 0.554688
vt 0.878906 0.539063
vt 0.878906 0.496094
vt 0.945313 0.496094
vt 0.863281 0.480469
vt 0.960938 0.480469
vt 0.863281 0.480469
vt 0.945313 0.496094
vt 0.878906 0.539063
vt 0.878906 0.496094
vt 0.863281 0.554688
vt 0.863281 0.480469
vt 0.863281 0.554688
vt 0.878906 0.496094
vt 0.945313 0.496094
vt 0.945313 0.539063
vt 0.960938 0.480469
vt 0.960938 0.554688
vt 0.960938 0.480469
vt 0.945313 0.539063
vt 0.878906 0.539063
vt 0.878906 0.539063
vt 0.945313 0.539063
vt 0.945313 0.539063
vt 0.945313 0.539063
vt 0.878906 0.539063
vt 0.878906 0.496094
vt 0.878906 0.496094
vt 0.878906 0.539063
vt 0.878906 0.539063
vt 0.878906 0.539063
vt 0.878906 0.496094
vt 0.945313 0.496094
vt 0.945313 0.496094
vt 0.878906 0.496094
vt 0.878906 0.496094
vt 0.878906 0.496094
vt 0.945313 0.496094
vt 0.945313 0.539063
vt 0.945313 0.539063
vt 0.945313 0.496094
vt 0.945313 0.496094
vt 0.945313 0.496094
vt 0.945313 0.539063
vt 0.960938 0.480469
vt 0.960938 0.554688
vt 0.972656 0.480469
vt 0.972656 0.554688
vt 0.972656 0.480469
vt 0.960938 0.554688
vt 0.878906 0.496094
vt 0.945313 0.496094
vt 0.878906 0.539063
vt 0.945313 0.496094
vt 0.945313 0.539063
vt 0.878906 0.539063
vt 0.878906 0.539063
vt 0.945313 0.496094
vt 0.878906 0.496094
vt 0.878906 0.539063
vt 0.945313 0.539063
vt 0.945313 0.496094
vt 0.878906 0.539063
vt 0.945313 0.496094
vt 0.878906 0.496094
vt 0.878906 0.539063
vt 0.945313 0.539063
vt 0.945313 0.496094
vt 0.878906 0.496094
vt 0.945313 0.496094
vt 0.878906 0.539063
vt 0.945313 0.496094
vt 0.945313 0.539063
vt 0.878906 0.539063

# 1764 Vertex Normals
vn -0.471803 0.881704 0.0
vn -0.471804 0.881704 0.0
vn -0.471803 0.881704 0.0
vn 0.0 0.0 1.0
vn 0.0 0.0 1.0
vn 0.0 0.0 1.0
vn -0.0 0.616723 0.787181
vn -0.0 0.616722 0.787181
vn -0.0 0.616722 0.787181
vn -0.0 0.616722 0.787181
vn -0.0 0.616722 0.787181
vn -0.0 0.616722 0.787181
vn -0.969457 -0.0 0.245261
vn -0.969457 -0.0 0.245261
vn -0.969457 -0.0 0.245261
vn -0.969457 -0.0 0.245261
vn -0.969457 -0.0 0.245261
vn -0.969457 -0.0 0.245261
vn -0.0 -0.498168 0.86708
vn 0.0 -0.498168 0.86708
vn 0.0 -0.498168 0.86708
vn 0.0 -0.498168 0.867081
vn 0.0 -0.498168 0.86708
vn 0.0 -0.498168 0.86708
vn 0.969457 0.0 0.245261
vn 0.969457 0.0 0.245261
vn 0.969457 0.0 0.245261
vn 0.969457 0.0 0.245261
vn 0.969457 0.0 0.245261
vn 0.969457 0.0 0.245261
vn 0.0 -0.0 1.0
vn 0.0 -0.0 1.0
vn 0.0 -0.0 1.0
vn 0.0 -0.0 1.0
vn 0.0 -0.0 1.0
vn 0.0 -0.0 1.0
vn 0.0 0.0 1.0
vn 0.0 0.0 1.0
vn 0.0 0.0 1.0
vn 0.0 -0.0 1.0
vn 0.0 -0.0 1.0
vn 0.0 -0.0 1.0
vn 0.0 -0.0 1.0
vn 0.0 -0.0 1.0
vn 0.0 -0.0 1.0
vn 0.0 0.0 1.0
vn 0.0 0.0 1.0
vn 0.0 0.0 1.0
vn 0.0 0.0 1.0
vn 0.0 -0.0 1.0
vn 0.0 -0.0 1.0
vn 0.0 0.0 1.0
vn 0.0 -0.0 1.0
vn 0.0 0.0 1.0
vn 0.0 -0.0 1.0
vn 0.0 0.0 1.0
vn 0.0 -0.0 1.0
vn 0.0 -0.0 1.0
vn 0.0 0.0 1.0
vn 0.0 -0.0 1.0
vn 0.0 -0.0 1.0
vn 0.0 -0.0 1.0
vn 0.0 -0.0 1.0
vn 0.0 0.0 1.0
vn 0.0 0.0 1.0
vn 0.0 -0.0 1.0
vn 0.0 0.0 1.0
vn 0.0 -0.0 1.0
vn 0.0 0.0 1.0
vn 0.0 0.0 1.0
vn 0.0 0.0 1.0
vn 0.0 0.0 1.0
vn 0.0 0.000002 1.0
vn 0.0 0.000002 1.0
vn 0.0 0.0 1.0
vn 0.0 0.000002 1.0
vn 0.0 0.000002 1.0
vn 0.0 0.000003 1.0
vn 0.0 -0.628453 0.777848
vn 0.0 -0.628453 0.777848
vn 0.0 -0.628453 0.777847
vn 0.0 -0.628453 0.777848
vn 0.0 -0.628453 0.777848
vn 0.0 -0.628453 0.777848
vn 0.0 0.0 1.0
vn 0.0 0.0 1.0
vn 0.0 0.0 1.0
vn 0.0 -0.0 1.0
vn 0.0 -0.0 1.0
vn 0.0 -0.0 1.0
vn 0.0 0.0 1.0
vn 0.0 0.0 1.0
vn 0.0 0.0 1.0
vn 0.0 -0.0 1.0
vn 0.0 0.0 1.0
vn 0.0 0.0 1.0
vn 0.0 -0.802831 0.596206
vn 0.0 -0.802831 0.596206
vn 0.0 -0.802831 0.596206
vn 0.0 -0.802831 0.596206
vn 0.0 -0.802831 0.596206
vn 0.0 -0.802831 0.596206
vn -0.0 0.457996 0.888954
vn -0.0 0.457996 0.888954
vn -0.0 0.457996 0.888954
vn -0.0 0.457996 0.888954
vn -0.0 0.457996 0.888954
vn -0.0 0.457996 0.888954
vn 0.932068 -0.19666 0.304261
vn 0.932068 -0.19666 0.304261
vn 0.932068 -0.19666 0.304261
vn -0.932068 -0.196659 0.304261
vn -0.932068 -0.196659 0.304261
vn -0.932068 -0.196659 0.304261
vn -0.0 -0.828803 0.55954
vn -0.0 -0.828803 0.55954
vn 0.0 -0.828803 0.55954
vn -0.0 -0.828803 0.55954
vn -0.0 -0.828803 0.55954
vn -0.0 -0.828803 0.55954
vn 0.0 -0.732896 0.680341
vn 0.0 -0.732896 0.680341
vn 0.0 -0.732896 0.680341
vn 0.0 -0.732896 0.680341
vn 0.0 -0.732896 0.680341
vn 0.0 -0.732896 0.68034
vn 0.31286 0.0 0.949799
vn 0.31286 0.0 0.949799
vn 0.31286 0.0 0.949799
vn 0.31286 0.0 0.949799
vn 0.31286 0.0 0.949799
vn 0.31286 0.0 0.949799
vn -0.060041 0.226566 0.972143
vn -0.060041 0.226566 0.972143
vn -0.060041 0.226566 0.972143
vn 0.0 0.314629 0.949215
vn 0.0 0.314629 0.949215
vn 0.0 0.314629 0.949215
vn 0.0 -0.732898 0.680338
vn 0.0 -0.732898 0.680338
vn 0.0 -0.732898 0.680338
vn 0.0 -0.732898 0.680338
vn 0.0 -0.732898 0.680338
vn 0.0 -0.732898 0.680338
vn -0.31286 -0.0 0.949799
vn -0.31286 -0.0 0.949799
vn -0.31286 -0.0 0.949799
vn -0.312861 -0.0 0.949799
vn -0.312861 -0.0 0.949799
vn -0.312861 -0.0 0.949799
vn 0.060042 0.226567 0.972143
vn 0.060042 0.226567 0.972143
vn 0.060042 0.226567 0.972143
vn 0.0 0.314629 0.949215
vn 0.0 0.314629 0.949215
vn 0.0 0.314629 0.949215
vn -1.0 -0.0 0.0
vn -1.0 -0.0 0.0
vn -1.0 0.0 0.0
vn -0.999253 -0.037562 0.009132
vn -0.999253 -0.037562 0.009132
vn -0.999253 -0.037562 0.009132
vn -0.999253 -0.037563 -0.009132
vn -0.999253 -0.037563 -0.009132
vn -0.999253 -0.037563 -0.009132
vn -1.0 0.0 -0.0
vn -1.0 0.0 -0.0
vn -1.0 0.0 -0.0
vn -0.999629 -0.027243 -0.0
vn -0.999629 -0.027243 -0.0
vn -0.999629 -0.027243 0.0
vn -0.999629 -0.027243 -0.0
vn -0.999629 -0.027243 -0.0
vn -0.999629 -0.027243 -0.0
vn -1.0 0.0 -0.0
vn -1.0 0.0 -0.0
vn -1.0 0.0 -0.0
vn -1.0 -0.0 0.0
vn -1.0 -0.0 0.0
vn -1.0 -0.0 0.0
vn -1.0 -0.0 -0.0
vn -1.0 -0.0 -0.0
vn -1.0 -0.000001 0.0
vn -1.0 -0.0 -0.0
vn -1.0 -0.0 -0.0
vn -1.0 0.0 -0.0
vn -0.878039 -0.478589 0.0
vn -0.878039 -0.478589 0.0
vn -0.878039 -0.478589 0.0
vn -0.878039 -0.478589 0.0
vn -0.878039 -0.478589 0.0
vn -0.878039 -0.478589 0.0
vn -1.0 0.0 0.0
vn -1.0 0.0 0.0
vn -1.0 0.0 0.0
vn -1.0 0.0 0.0
vn -1.0 0.0 0.0
vn -1.0 -0.0 0.0
vn -1.0 -0.0 0.0
vn -1.0 -0.0 0.0
vn -1.0 -0.0 0.0
vn -1.0 0.0 -0.0
vn -1.0 0.0 -0.0
vn -1.0 0.0 -0.0
vn -1.0 0.0 -0.0
vn -1.0 0.0 -0.0
vn -1.0 0.0 -0.0
vn -1.0 0.0 -0.0
vn -1.0 0.0 -0.0
vn -1.0 0.0 -0.0
vn -0.88672 0.462306 -0.0
vn -0.88672 0.462306 -0.0
vn -0.88672 0.462306 -0.0
vn -0.88672 0.462306 -0.0
vn -0.88672 0.462306 -0.0
vn -0.88672 0.462306 -0.0
vn -0.297892 -0.194844 -0.934503
vn -0.297892 -0.194844 -0.934503
vn -0.297892 -0.194844 -0.934503
vn -0.554975 -0.831867 -0.0
vn -0.554975 -0.831867 -0.0
vn -0.554975 -0.831867 -0.0
vn -0.554975 -0.831867 -0.0
vn -0.554975 -0.831867 -0.0
vn -0.554975 -0.831867 -0.0
vn -0.297892 -0.194844 0.934503
vn -0.297892 -0.194844 0.934503
vn -0.297892 -0.194844 0.934503
vn -1.0 0.0 0.0
vn -1.0 0.0 0.0
vn -1.0 0.0 0.0
vn -1.0 0.0 0.0
vn -1.0 0.0 0.0
vn -1.0 0.0 0.0
vn -0.591639 -0.806203 0.0
vn -0.591639 -0.806203 0.0
vn -0.591639 -0.806203 0.0
vn -0.591639 -0.806203 0.0
vn -0.591639 -0.806203 0.0
vn -0.591639 -0.806203 0.0
vn -0.675987 -0.736914 0.0
vn -0.675987 -0.736914 0.0
vn -0.675987 -0.736914 -0.0
vn -0.675987 -0.736914 0.0
vn -0.675987 -0.736914 0.0
vn -0.675987 -0.736914 0.0
vn -0.957039 -0.035976 -0.287718
vn -0.957039 -0.035976 -0.287718
vn -0.957039 -0.035976 -0.287718
vn -0.973799 -0.0 -0.22741
vn -0.973799 -0.0 -0.22741
vn -0.973799 -0.0 -0.22741
vn -0.969784 0.243966 -0.0
vn -0.969784 0.243966 -0.0
vn -0.969784 0.243966 -0.0
vn -0.969784 0.243966 -0.0
vn -0.969784 0.243966 -0.0
vn -0.969784 0.243966 -0.0
vn -0.969784 0.243967 -0.0
vn -0.969784 0.243967 -0.0
vn -0.969784 0.243967 -0.0
vn -0.969784 0.243967 -0.0
vn -0.969784 0.243967 -0.0
vn -0.969784 0.243967 -0.0
vn -0.675987 -0.736913 -0.0
vn -0.675987 -0.736914 -0.0
vn -0.675987 -0.736914 -0.0
vn -0.675987 -0.736914 -0.0
vn -0.675987 -0.736914 -0.0
vn -0.675987 -0.736914 -0.0
vn -0.957039 -0.035976 0.287717
vn -0.957039 -0.035976 0.287717
vn -0.957039 -0.035976 0.287717
vn -0.973799 0.0 0.227409
vn -0.973799 0.0 0.227409
vn -0.973799 0.0 0.227409
vn 0.344471 0.938797 -0.0
vn 0.344471 0.938797 -0.0
vn 0.344471 0.938797 -0.0
vn 0.344471 0.938797 -0.0
vn 0.344471 0.938797 -0.0
vn 0.344471 0.938797 -0.0
vn -0.0 0.93746 -0.348094
vn -0.0 0.93746 -0.348094
vn -0.0 0.93746 -0.348094
vn -0.0 0.93746 -0.348094
vn -0.0 0.93746 -0.348094
vn -0.0 0.93746 -0.348094
vn -0.344471 0.938797 0.0
vn -0.344471 0.938797 0.0
vn -0.344471 0.938797 0.0
vn -0.344471 0.938797 0.0
vn -0.344471 0.938797 0.0
vn -0.344471 0.938797 -0.0
vn 0.0 0.93746 0.348094
vn 0.0 0.93746 0.348094
vn 0.0 0.93746 0.348094
vn 0.0 0.93746 0.348094
vn 0.0 0.93746 0.348094
vn 0.0 0.93746 0.348094
vn 0.0 0.0 -1.0
vn 0.0 0.0 -1.0
vn 0.0 0.0 -1.0
vn 0.0 0.0 -1.0
vn 0.0 0.0 -1.0
vn 0.0 0.0 -1.0
vn 0.0 0.565422 -0.824802
vn -0.0 0.565422 -0.824802
vn -0.0 0.565422 -0.824802
vn -0.0 0.565423 -0.824801
vn -0.0 0.565422 -0.824802
vn -0.0 0.565422 -0.824802
vn 0.960653 0.0 -0.277753
vn 0.960653 0.0 -0.277753
vn 0.960653 0.0 -0.277753
vn 0.960653 0.0 -0.277753
vn 0.960653 0.0 -0.277753
vn 0.960653 0.0 -0.277753
vn 0.0 -0.449155 -0.893454
vn 0.0 -0.449156 -0.893454
vn 0.0 -0.449156 -0.893454
vn 0.0 -0.449156 -0.893454
vn 0.0 -0.449156 -0.893454
vn 0.0 -0.449156 -0.893454
vn -0.960653 -0.0 -0.277753
vn -0.960653 -0.0 -0.277753
vn -0.960653 -0.0 -0.277753
vn -0.960653 -0.0 -0.277753
vn -0.960653 -0.0 -0.277753
vn -0.960653 -0.0 -0.277753
vn -0.0 -0.0 -1.0
vn -0.0 0.0 -1.0
vn -0.0 0.0 -1.0
vn -0.0 0.0 -1.0
vn -0.0 -0.0 -1.0
vn -0.0 -0.0 -1.0
vn 0.0 0.0 -1.0
vn -0.0 -0.0 -1.0
vn -0.0 -0.0 -1.0
vn -0.0 0.0 -1.0
vn -0.0 0.0 -1.0
vn -0.0 0.0 -1.0
vn -0.0 0.0 -1.0
vn -0.0 0.0 -1.0
vn -0.0 0.0 -1.0
vn -0.0 -0.0 -1.0
vn -0.0 -0.0 -1.0
vn -0.0 -0.0 -1.0
vn 0.0 -0.0 -1.0
vn -0.0 0.0 -1.0
vn -0.0 -0.0 -1.0
vn 0.0 0.0 -1.0
vn 0.0 -0.0 -1.0
vn 0.0 0.0 -1.0
vn -0.0 -0.0 -1.0
vn 0.0 0.0 -1.0
vn 0.0 -0.0 -1.0
vn -0.0 -0.0 -1.0
vn 0.0 0.0 -1.0
vn -0.0 -0.0 -1.0
vn -0.0 -0.0 -1.0
vn -0.0 -0.0 -1.0
vn -0.0 -0.0 -1.0
vn 0.0 -0.0 -1.0
vn 0.0 -0.0 -1.0
vn 0.0 0.0 -1.0
vn 0.0 0.0 -1.0
vn 0.0 -0.0 -1.0
vn 0.0 0.0 -1.0
vn 0.0 -0.0 -1.0
vn 0.0 -0.0 -1.0
vn 0.0 -0.0 -1.0
vn -0.0 0.000002 -1.0
vn -0.0 0.000002 -1.0
vn -0.0 0.0 -1.0
vn -0.0 0.000002 -1.0
vn -0.0 0.000002 -1.0
vn 0.0 0.000003 -1.0
vn 0.0 -0.732897 -0.68034
vn 0.0 -0.732897 -0.68034
vn 0.0 -0.732897 -0.68034
vn 0.0 -0.732897 -0.68034
vn 0.0 -0.732897 -0.68034
vn 0.0 -0.732897 -0.680339
vn 0.0 -0.0 -1.0
vn 0.0 -0.0 -1.0
vn 0.0 -0.0 -1.0
vn -0.0 -0.0 -1.0
vn 0.0 -0.0 -1.0
vn 0.0 -0.0 -1.0
vn 0.0 -0.0 -1.0
vn 0.0 0.0 -1.0
vn 0.0 0.0 -1.0
vn 0.0 0.0 -1.0
vn 0.0 0.0 -1.0
vn 0.0 0.0 -1.0
vn 0.0 -0.732898 -0.680339
vn 0.0 -0.732898 -0.680339
vn 0.0 -0.732898 -0.680339
vn 0.0 -0.732897 -0.680339
vn 0.0 -0.732898 -0.680339
vn 0.0 -0.732898 -0.680339
vn 0.0 0.457996 -0.888954
vn 0.0 0.457996 -0.888954
vn 0.0 0.457996 -0.888954
vn 0.0 0.457996 -0.888954
vn 0.0 0.457996 -0.888954
vn 0.0 0.457996 -0.888954
vn -0.932068 -0.196659 -0.304261
vn -0.932068 -0.196659 -0.304261
vn -0.932068 -0.196659 -0.304261
vn 0.932068 -0.196659 -0.304261
vn 0.932068 -0.196659 -0.304261
vn 0.932068 -0.196659 -0.304261
vn 0.0 -0.828803 -0.55954
vn 0.0 -0.828803 -0.55954
vn -0.0 -0.828803 -0.55954
vn 0.0 -0.828803 -0.55954
vn 0.0 -0.828803 -0.55954
vn 0.0 -0.828803 -0.55954
vn -0.0 -0.732898 -0.680339
vn -0.0 -0.732898 -0.680339
vn -0.0 -0.732898 -0.680339
vn -0.0 -0.732898 -0.680339
vn -0.0 -0.732898 -0.680339
vn 0.0 -0.732897 -0.68034
vn -0.31286 0.0 -0.949799
vn -0.31286 0.0 -0.949799
vn -0.31286 0.0 -0.949799
vn -0.31286 -0.0 -0.949799
vn -0.31286 -0.0 -0.949799
vn -0.31286 -0.0 -0.949799
vn -0.0 0.314629 -0.949215
vn -0.0 0.314629 -0.949215
vn -0.0 0.314629 -0.949215
vn -0.0 0.314629 -0.949215
vn -0.0 0.314629 -0.949215
vn -0.0 0.314629 -0.949215
vn -0.0 -0.732897 -0.68034
vn -0.0 -0.732897 -0.68034
vn -0.0 -0.732897 -0.68034
vn 0.0 -0.732896 -0.68034
vn -0.0 -0.732897 -0.68034
vn -0.0 -0.732897 -0.68034
vn 0.312861 -0.0 -0.949799
vn 0.312861 -0.0 -0.949799
vn 0.312861 -0.0 -0.949799
vn 0.31286 0.0 -0.949799
vn 0.31286 0.0 -0.949799
vn 0.31286 0.0 -0.949799
vn 0.0 0.314629 -0.949215
vn 0.0 0.314629 -0.949215
vn 0.0 0.314629 -0.949215
vn -0.0 0.314629 -0.949215
vn -0.0 0.314629 -0.949215
vn -0.0 0.314629 -0.949215
vn 1.0 0.0 -0.0
vn 1.0 0.0 -0.0
vn 1.0 0.0 -0.0
vn 0.999253 -0.037562 -0.009132
vn 0.999253 -0.037562 -0.009132
vn 0.999253 -0.037562 -0.009132
vn 0.999253 -0.037563 0.009132
vn 0.999253 -0.037563 0.009132
vn 0.999253 -0.037563 0.009132
vn 1.0 0.0 -0.0
vn 1.0 0.0 -0.0
vn 1.0 0.0 -0.0
vn 0.999629 -0.027243 -0.0
vn 0.999629 -0.027243 -0.0
vn 0.999629 -0.027243 -0.0
vn 0.999629 -0.027243 -0.0
vn 0.999629 -0.027243 -0.0
vn 0.999629 -0.027243 -0.0
vn 1.0 0.0 -0.0
vn 1.0 0.0 -0.0
vn 1.0 0.0 -0.0
vn 1.0 0.0 0.0
vn 1.0 0.0 0.0
vn 1.0 0.0 0.0
vn 1.0 0.000001 -0.0
vn 1.0 0.000001 -0.0
vn 1.0 0.0 -0.0
vn 1.0 0.000001 -0.0
vn 1.0 0.000001 -0.0
vn 1.0 0.000001 -0.0
vn 0.87804 -0.478588 -0.0
vn 0.87804 -0.478588 -0.0
vn 0.878039 -0.478589 -0.0
vn 0.87804 -0.478588 -0.0
vn 0.87804 -0.478588 -0.0
vn 0.87804 -0.478587 0.0
vn 1.0 0.0 -0.0
vn 1.0 0.0 -0.0
vn 1.0 0.0 -0.0
vn 1.0 0.0 -0.0
vn 1.0 0.0 -0.0
vn 1.0 0.0 -0.0
vn 1.0 0.0 -0.0
vn 1.0 0.0 -0.0
vn 1.0 0.0 -0.0
vn 1.0 0.0 -0.0
vn 1.0 0.0 -0.0
vn 1.0 0.0 -0.0
vn 1.0 0.0 -0.0
vn 1.0 0.0 -0.0
vn 1.0 0.0 -0.0
vn 1.0 0.0 -0.0
vn 1.0 0.0 -0.0
vn 1.0 0.0 -0.0
vn 0.886721 0.462306 0.0
vn 0.886721 0.462306 0.0
vn 0.886721 0.462306 -0.0
vn 0.886721 0.462306 0.0
vn 0.886721 0.462306 0.0
vn 0.886721 0.462306 0.0
vn 0.297892 -0.194844 0.934503
vn 0.297892 -0.194844 0.934503
vn 0.297892 -0.194844 0.934503
vn 0.554974 -0.831867 0.0
vn 0.554974 -0.831867 0.0
vn 0.554974 -0.831868 -0.0
vn 0.554974 -0.831867 0.0
vn 0.554974 -0.831867 0.0
vn 0.554975 -0.831867 0.0
vn 0.297892 -0.194845 -0.934503
vn 0.297892 -0.194845 -0.934503
vn 0.297892 -0.194845 -0.934503
vn 1.0 0.0 -0.0
vn 1.0 0.0 -0.0
vn 1.0 0.0 -0.0
vn 1.0 0.0 -0.0
vn 1.0 0.0 -0.0
vn 1.0 0.0 -0.0
vn 0.591639 -0.806203 -0.0
vn 0.591639 -0.806203 -0.0
vn 0.591639 -0.806203 -0.0
vn 0.591639 -0.806203 -0.0
vn 0.591639 -0.806203 -0.0
vn 0.591639 -0.806203 -0.0
vn 0.675988 -0.736912 0.0
vn 0.675988 -0.736912 0.0
vn 0.675988 -0.736913 0.0
vn 0.675988 -0.736912 0.0
vn 0.675988 -0.736912 0.0
vn 0.675989 -0.736912 0.0
vn 0.957039 -0.035976 0.287717
vn 0.957039 -0.035976 0.287717
vn 0.957039 -0.035976 0.287717
vn 0.973799 0.0 0.227409
vn 0.973799 0.0 0.227409
vn 0.973799 0.0 0.227409
vn 0.969784 0.243967 0.0
vn 0.969784 0.243967 0.0
vn 0.969784 0.243967 0.0
vn 0.969784 0.243967 0.0
vn 0.969784 0.243967 0.0
vn 0.969784 0.243967 0.0
vn 0.969784 0.243967 0.0
vn 0.969784 0.243967 0.0
vn 0.969784 0.243967 0.0
vn 0.969784 0.243967 -0.0
vn 0.969784 0.243967 -0.0
vn 0.969784 0.243967 -0.0
vn 0.675989 -0.736912 0.0
vn 0.675988 -0.736912 -0.0
vn 0.675988 -0.736912 -0.0
vn 0.675988 -0.736913 -0.0
vn 0.675988 -0.736912 -0.0
vn 0.675988 -0.736912 -0.0
vn 0.957039 -0.035976 -0.287718
vn 0.957039 -0.035976 -0.287718
vn 0.957039 -0.035976 -0.287718
vn 0.973799 0.0 -0.227409
vn 0.973799 0.0 -0.227409
vn 0.973799 0.0 -0.227409
vn -0.0 1.0 0.0
vn -0.0 1.0 0.0
vn -0.0 1.0 0.0
vn 0.0 -1.0 0.0
vn 0.0 -1.0 0.0
vn 0.0 -1.0 0.0
vn 0.702894 0.0 -0.711295
vn 0.702894 0.0 -0.711295
vn 0.702894 0.0 -0.711295
vn 0.702894 0.0 -0.711295
vn 0.702894 0.0 -0.711295
vn 0.702894 0.0 -0.711295
vn -0.0 1.0 0.0
vn -0.0 1.0 0.0
vn -0.0 1.0 0.0
vn 0.0 -1.0 0.0
vn 0.0 -1.0 0.0
vn 0.0 -1.0 0.0
vn -0.702894 -0.0 -0.711295
vn -0.702894 0.0 -0.711295
vn -0.702894 -0.0 -0.711295
vn -0.702894 -0.0 -0.711295
vn -0.702894 -0.0 -0.711295
vn -0.702894 -0.0 -0.711295
vn 0.0 1.0 0.0
vn 0.0 1.0 0.0
vn 0.0 1.0 0.0
vn -0.0 -1.0 0.0
vn -0.0 -1.0 0.0
vn -0.0 -1.0 0.0
vn -0.702894 0.0 0.711295
vn -0.702894 0.0 0.711295
vn -0.702894 0.0 0.711295
vn -0.702894 0.0 0.711295
vn -0.702894 0.0 0.711295
vn -0.702894 0.0 0.711295
vn 0.0 1.0 0.0
vn 0.0 1.0 0.0
vn 0.0 1.0 0.0
vn -0.0 -1.0 0.0
vn -0.0 -1.0 0.0
vn -0.0 -1.0 0.0
vn 0.702894 -0.0 0.711295
vn 0.702894 0.0 0.711295
vn 0.702894 -0.0 0.711295
vn 0.702894 -0.0 0.711295
vn 0.702894 -0.0 0.711295
vn 0.702894 -0.0 0.711295
vn 0.0 -1.0 -0.0
vn 0.0 -1.0 -0.0
vn 0.0 -1.0 -0.0
vn 0.0 -1.0 -0.0
vn 0.0 -1.0 -0.0
vn 0.0 -1.0 -0.0
vn 0.958534 0.284979 -0.0
vn 0.958534 0.284979 -0.0
vn 0.958534 0.284979 -0.0
vn 0.958534 0.284979 0.0
vn 0.958534 0.284979 -0.0
vn 0.958534 0.284979 -0.0
vn -1.0 0.0 0.0
vn -1.0 0.0 -0.0
vn -1.0 0.0 -0.0
vn -1.0 0.0 -0.0
vn -1.0 0.0 -0.0
vn -1.0 0.0 -0.0
vn 0.0 0.0 -1.0
vn 0.0 0.0 -1.0
vn 0.0 0.0 -1.0
vn 0.0 0.0 -1.0
vn 0.0 0.0 -1.0
vn 0.0 0.0 -1.0
vn 0.0 -0.0 1.0
vn 0.0 0.0 1.0
vn 0.0 -0.0 1.0
vn 0.0 -0.0 1.0
vn 0.0 -0.0 1.0
vn 0.0 0.0 1.0
vn -0.631944 0.775014 -0.0
vn -0.631945 0.775014 0.0
vn -0.631945 0.775014 0.0
vn -0.631945 0.775014 0.0
vn -0.631945 0.775014 0.0
vn -0.631945 0.775014 0.0
vn 0.0 0.0 -1.0
vn 0.0 0.0 -1.0
vn -0.0 -0.0 -1.0
vn -0.0 -0.0 -1.0
vn -0.0 -0.0 -1.0
vn 0.0 0.0 -1.0
vn 0.0 -0.0 1.0
vn 0.0 -0.0 1.0
vn 0.0 -0.0 1.0
vn 0.0 -0.0 1.0
vn 0.0 -0.0 1.0
vn 0.0 -0.0 1.0
vn -0.000002 1.0 0.0
vn -0.000001 1.0 0.0
vn -0.000001 1.0 0.0
vn -0.000001 1.0 0.0
vn -0.000001 1.0 0.0
vn -0.000001 1.0 0.0
vn -0.0 -0.0 -1.0
vn -0.0 -0.0 -1.0
vn -0.0 -0.0 -1.0
vn -0.0 -0.0 -1.0
vn -0.000001 -0.0 -1.0
vn -0.0 -0.0 -1.0
vn 0.0 -0.0 1.0
vn 0.0 -0.0 1.0
vn 0.0 0.0 1.0
vn 0.0 -0.0 1.0
vn 0.0 0.0 1.0
vn 0.0 -0.0 1.0
vn -0.958534 0.284979 0.0
vn -0.958534 0.284979 0.0
vn -0.958534 0.284979 0.0
vn -0.958534 0.284979 0.0
vn -0.958534 0.284979 0.0
vn -0.958534 0.284979 0.0
vn 1.0 0.0 0.0
vn 1.0 0.0 0.0
vn 1.0 0.0 0.0
vn 1.0 0.0 0.0
vn 1.0 0.0 0.0
vn 1.0 0.0 -0.0
vn 0.0 -0.0 -1.0
vn 0.0 -0.0 -1.0
vn 0.0 -0.0 -1.0
vn 0.0 -0.0 -1.0
vn 0.0 -0.0 -1.0
vn 0.0 0.0 -1.0
vn 0.0 0.0 1.0
vn 0.0 -0.0 1.0
vn 0.0 0.0 1.0
vn 0.0 -0.0 1.0
vn 0.0 0.0 1.0
vn 0.0 -0.0 1.0
vn 0.631945 0.775013 -0.0
vn 0.631945 0.775013 -0.0
vn 0.631945 0.775014 0.0
vn 0.631945 0.775013 -0.0
vn 0.631945 0.775013 -0.0
vn 0.631945 0.775013 -0.0
vn 0.0 -0.0 -1.0
vn 0.0 0.0 -1.0
vn 0.0 -0.0 -1.0
vn 0.0 -0.0 -1.0
vn 0.0 -0.0 -1.0
vn 0.0 -0.0 -1.0
vn 0.0 -0.0 1.0
vn 0.0 -0.0 1.0
vn 0.0 0.0 1.0
vn 0.0 -0.0 1.0
vn 0.0 -0.0 1.0
vn 0.0 -0.0 1.0
vn -0.0 1.0 0.0
vn -0.0 1.0 0.0
vn -0.0 1.0 0.0
vn -0.0 1.0 0.0
vn -0.0 1.0 0.0
vn 0.0 1.0 0.0
vn 0.0 -0.0 -1.0
vn 0.0 -0.0 -1.0
vn 0.0 -0.0 -1.0
vn 0.0 -0.0 -1.0
vn 0.0 -0.0 -1.0
vn 0.0 -0.0 -1.0
vn 0.0 -0.0 1.0
vn 0.0 -0.0 1.0
vn 0.0 -0.0 1.0
vn 0.0 -0.0 1.0
vn 0.0 -0.0 1.0
vn 0.0 0.0 1.0
vn 0.958534 0.284979 -0.0
vn 0.958534 0.284979 -0.0
vn 0.958534 0.284979 0.0
vn 0.958534 0.284979 -0.0
vn 0.958534 0.284979 -0.0
vn 0.958534 0.284979 -0.0
vn -1.0 0.0 -0.0
vn -1.0 0.0 -0.0
vn -1.0 0.0 0.0
vn -1.0 0.0 -0.0
vn -1.0 0.0 -0.0
vn -1.0 0.0 -0.0
vn 0.0 -0.0 1.0
vn 0.0 -0.0 1.0
vn 0.0 -0.0 1.0
vn 0.0 -0.0 1.0
vn 0.0 -0.0 1.0
vn 0.0 0.0 1.0
vn 0.0 -0.0 -1.0
vn 0.0 0.0 -1.0
vn 0.0 -0.0 -1.0
vn 0.0 0.0 -1.0
vn 0.0 -0.0 -1.0
vn 0.0 0.0 -1.0
vn -0.631944 0.775014 0.0
vn -0.631944 0.775014 0.0
vn -0.631943 0.775015 -0.0
vn -0.631944 0.775014 0.0
vn -0.631944 0.775014 0.0
vn -0.631944 0.775014 0.0
vn 0.0 0.0 1.0
vn 0.0 0.0 1.0
vn 0.0 -0.0 1.0
vn 0.0 -0.0 1.0
vn 0.0 0.0 1.0
vn 0.0 0.0 1.0
vn 0.0 -0.0 -1.0
vn 0.0 0.0 -1.0
vn 0.0 -0.0 -1.0
vn 0.0 0.0 -1.0
vn 0.0 -0.0 -1.0
vn 0.0 -0.0 -1.0
vn -0.000001 1.0 0.0
vn -0.000001 1.0 0.0
vn -0.000001 1.0 0.0
vn -0.000001 1.0 0.0
vn -0.000001 1.0 0.0
vn -0.000001 1.0 0.0
vn 0.0 0.0 1.0
vn 0.0 0.0 1.0
vn 0.0 0.0 1.0
vn 0.0 0.0 1.0
vn 0.0 -0.0 1.0
vn 0.0 0.0 1.0
vn 0.0 -0.0 -1.0
vn 0.0 -0.0 -1.0
vn 0.0 -0.0 -1.0
vn 0.0 -0.0 -1.0
vn 0.0 -0.0 -1.0
vn 0.0 0.0 -1.0
vn -0.958534 0.284979 0.0
vn -0.958534 0.284979 0.0
vn -0.958534 0.284979 0.0
vn -0.958534 0.284979 0.0
vn -0.958534 0.284979 0.0
vn -0.958534 0.284979 0.0
vn 1.0 0.0 -0.0
vn 1.0 0.0 -0.0
vn 1.0 0.0 -0.0
vn 1.0 0.0 -0.0
vn 1.0 0.0 -0.0
vn 1.0 0.0 -0.0
vn 0.0 0.0 1.0
vn 0.0 0.0 1.0
vn 0.0 0.0 1.0
vn 0.0 -0.0 1.0
vn 0.0 0.0 1.0
vn 0.0 0.0 1.0
vn 0.0 0.0 -1.0
vn 0.0 -0.0 -1.0
vn 0.0 0.0 -1.0
vn 0.0 0.0 -1.0
vn 0.0 0.0 -1.0
vn 0.0 -0.0 -1.0
vn 0.631946 0.775013 0.0
vn 0.631945 0.775013 -0.0
vn 0.631945 0.775013 -0.0
vn 0.631945 0.775013 -0.0
vn 0.631945 0.775013 -0.0
vn 0.631945 0.775013 -0.0
vn 0.0 0.0 1.0
vn 0.0 -0.0 1.0
vn 0.0 -0.0 1.0
vn 0.0 -0.0 1.0
vn 0.0 0.0 1.0
vn 0.0 0.0 1.0
vn 0.0 0.0 -1.0
vn 0.0 0.0 -1.0
vn 0.0 0.0 -1.0
vn 0.0 0.0 -1.0
vn 0.0 0.0 -1.0
vn 0.0 0.0 -1.0
vn -0.0 1.0 0.0
vn 0.0 1.0 0.0
vn 0.0 1.0 0.0
vn 0.0 1.0 0.0
vn 0.0 1.0 0.0
vn 0.0 1.0 0.0
vn 0.0 0.0 1.0
vn 0.0 -0.0 1.0
vn 0.0 -0.0 1.0
vn 0.0 -0.0 1.0
vn 0.0 0.0 1.0
vn 0.0 0.0 1.0
vn 0.0 0.0 -1.0
vn 0.0 0.0 -1.0
vn 0.0 -0.0 -1.0
vn 0.0 0.0 -1.0
vn 0.0 -0.0 -1.0
vn 0.0 0.0 -1.0
vn -1.0 0.0 0.0
vn -1.0 0.0 0.0
vn -1.0 0.0 0.0
vn -1.0 0.0 0.0
vn -1.0 0.0 0.0
vn -1.0 0.0 -0.0
vn -0.029481 -0.016069 -0.999436
vn -0.029481 -0.016069 -0.999436
vn -0.029481 -0.016069 -0.999436
vn -0.082071 -0.0 -0.996626
vn -0.082071 -0.0 -0.996626
vn -0.082071 -0.0 -0.996626
vn 0.0 0.0 1.0
vn 0.0 0.0 1.0
vn 0.0 0.0 1.0
vn -0.471803 0.881704 0.0
vn -0.471803 0.881704 0.0
vn -0.471803 0.881704 -0.0
vn -0.878039 -0.478588 0.0
vn -0.878039 -0.478588 0.0
vn -0.878039 -0.478588 0.0
vn -0.878039 -0.478588 0.0
vn -0.878039 -0.478588 0.0
vn -0.87804 -0.478588 0.0
vn -0.082071 0.0 0.996626
vn -0.082071 0.0 0.996626
vn -0.082071 0.0 0.996626
vn -0.133964 0.015931 0.990858
vn -0.133964 0.015931 0.990858
vn -0.133964 0.015931 0.990858
vn -1.0 0.0 0.0
vn -1.0 0.0 -0.0
vn -1.0 0.0 -0.0
vn -1.0 0.0 -0.0
vn -1.0 0.0 -0.0
vn -1.0 0.0 -0.0
vn -0.133963 0.015931 0.990858
vn -0.133963 0.015931 0.990858
vn -0.133963 0.015931 0.990858
vn -0.082071 0.0 0.996626
vn -0.082071 0.0 0.996626
vn -0.082071 0.0 0.996626
vn -0.471804 0.881703 -0.0
vn -0.471804 0.881703 0.0
vn -0.471804 0.881703 -0.0
vn -0.471804 0.881703 -0.0
vn -0.471804 0.881703 -0.0
vn -0.471804 0.881703 -0.0
vn -0.87804 -0.478588 -0.0
vn -0.87804 -0.478588 -0.0
vn -0.87804 -0.478588 -0.0
vn -0.87804 -0.478588 0.0
vn -0.87804 -0.478588 -0.0
vn -0.87804 -0.478588 -0.0
vn -0.082071 -0.0 -0.996626
vn -0.082071 -0.0 -0.996626
vn -0.082071 -0.0 -0.996626
vn -0.029482 -0.016069 -0.999436
vn -0.029482 -0.016069 -0.999436
vn -0.029482 -0.016069 -0.999436
vn 1.0 0.0 -0.0
vn 1.0 0.0 0.0
vn 1.0 0.0 0.0
vn 1.0 0.0 0.0
vn 1.0 0.0 0.0
vn 1.0 0.0 0.0
vn 0.029481 -0.016069 -0.999436
vn 0.029481 -0.016069 -0.999436
vn 0.029481 -0.016069 -0.999436
vn 0.082071 -0.0 -0.996626
vn 0.082071 -0.0 -0.996626
vn 0.082071 -0.0 -0.996626
vn 0.471804 0.881704 0.0
vn 0.471804 0.881704 0.0
vn 0.471804 0.881704 0.0
vn 0.471804 0.881704 -0.0
vn 0.471804 0.881704 0.0
vn 0.471804 0.881704 0.0
vn 0.878039 -0.478588 0.0
vn 0.878039 -0.478588 0.0
vn 0.878039 -0.478588 0.0
vn 0.878039 -0.478588 0.0
vn 0.878039 -0.478588 0.0
vn 0.878039 -0.478588 0.0
vn 0.082071 -0.0 0.996626
vn 0.082071 -0.0 0.996626
vn 0.082071 -0.0 0.996626
vn 0.133964 0.015931 0.990858
vn 0.133964 0.015931 0.990858
vn 0.133964 0.015931 0.990858
vn 1.0 0.0 -0.0
vn 1.0 0.0 -0.0
vn 1.0 0.0 -0.0
vn 1.0 0.0 -0.0
vn 1.0 0.0 -0.0
vn 1.0 0.0 0.0
vn 0.133964 0.015931 0.990858
vn 0.133964 0.015931 0.990858
vn 0.133964 0.015931 0.990858
vn 0.082071 0.0 0.996626
vn 0.082071 0.0 0.996626
vn 0.082071 0.0 0.996626
vn 0.471803 0.881704 0.0
vn 0.471804 0.881704 0.0
vn 0.471803 0.881704 0.0
vn 0.471803 0.881704 0.0
vn 0.471803 0.881704 0.0
vn 0.471803 0.881704 -0.0
vn 0.87804 -0.478588 0.0
vn 0.87804 -0.478588 0.0
vn 0.87804 -0.478588 0.0
vn 0.87804 -0.478588 0.0
vn 0.87804 -0.478588 0.0
vn 0.87804 -0.478588 -0.0
vn 0.082071 -0.0 -0.996626
vn 0.082071 -0.0 -0.996626
vn 0.082071 -0.0 -0.996626
vn 0.029482 -0.016069 -0.999436
vn 0.029482 -0.016069 -0.999436
vn 0.029482 -0.016069 -0.999436
vn 0.0 0.0 1.0
vn 0.0 -0.0 1.0
vn 0.0 -0.0 1.0
vn 0.0 -0.0 1.0
vn 0.0 -0.0 1.0
vn 0.0 -0.0 1.0
vn 0.0 0.0 1.0
vn 0.0 0.0 1.0
vn 0.0 0.0 1.0
vn 0.0 -0.0 1.0
vn 0.0 -0.0 1.0
vn 0.0 -0.0 1.0
vn 0.0 -0.0 1.0
vn 0.0 -0.0 1.0
vn 0.0 -0.0 1.0
vn 0.0 0.0 1.0
vn 0.0 0.0 1.0
vn 0.0 0.0 1.0
vn 0.0 -0.583325 0.812239
vn 0.0 -0.583325 0.812239
vn 0.0 -0.583325 0.812239
vn 0.0 -0.583325 0.812239
vn 0.0 -0.583325 0.812239
vn 0.0 -0.583325 0.812239
vn 0.0 0.732898 0.680339
vn 0.0 0.732898 0.680339
vn 0.0 0.732898 0.680339
vn 0.0 0.732897 0.680339
vn 0.0 0.732898 0.680339
vn 0.0 0.732898 0.680339
vn -0.926941 -0.0 0.375208
vn -0.926941 -0.0 0.375208
vn -0.926941 -0.0 0.375208
vn -0.926941 -0.0 0.375208
vn -0.926941 -0.0 0.375208
vn -0.926941 -0.0 0.375208
vn -0.0 0.907059 0.421004
vn -0.0 0.907059 0.421004
vn -0.0 0.907059 0.421004
vn -0.0 0.907059 0.421004
vn -0.0 0.907059 0.421004
vn -0.0 0.907059 0.421004
vn 0.816012 0.0 0.578035
vn 0.816012 0.0 0.578035
vn 0.816012 0.0 0.578035
vn 0.816012 0.0 0.578035
vn 0.816012 0.0 0.578035
vn 0.816012 0.0 0.578035
vn -0.0 0.907058 0.421005
vn -0.0 0.907058 0.421005
vn -0.0 0.907058 0.421005
vn -0.0 0.907058 0.421006
vn -0.0 0.907058 0.421006
vn -0.0 0.907058 0.421006
vn 0.926941 0.0 0.375208
vn 0.926941 0.0 0.375208
vn 0.926941 0.0 0.375208
vn 0.926941 0.0 0.375208
vn 0.926941 0.0 0.375208
vn 0.926941 0.0 0.375208
vn -0.816012 0.0 0.578035
vn -0.816012 -0.0 0.578035
vn -0.816012 -0.0 0.578035
vn -0.816012 -0.0 0.578036
vn -0.816012 -0.0 0.578035
vn -0.816012 -0.0 0.578035
vn 1.0 -0.0 -0.0
vn 1.0 0.0 -0.0
vn 1.0 0.0 -0.0
vn 1.0 0.0 -0.0
vn 1.0 0.0 -0.0
vn 1.0 0.0 -0.0
vn 1.0 0.0 0.0
vn 1.0 0.0 0.0
vn 1.0 0.0 0.0
vn 1.0 0.0 0.0
vn 1.0 0.0 0.0
vn 1.0 0.0 0.0
vn 1.0 0.0 0.0
vn 1.0 0.0 0.0
vn 1.0 0.0 0.0
vn 1.0 0.0 0.0
vn 1.0 0.0 0.0
vn 1.0 0.0 0.0
vn 0.808936 -0.587897 -0.0
vn 0.808936 -0.587896 -0.0
vn 0.808936 -0.587896 -0.0
vn 0.808936 -0.587896 -0.0
vn 0.808936 -0.587896 -0.0
vn 0.808936 -0.587896 -0.0
vn 0.675988 0.736913 0.0
vn 0.675987 0.736913 -0.0
vn 0.675987 0.736913 -0.0
vn 0.675987 0.736914 -0.0
vn 0.675987 0.736913 -0.0
vn 0.675987 0.736913 -0.0
vn 0.3676 0.0 0.929984
vn 0.3676 0.0 0.929984
vn 0.3676 0.0 0.929984
vn 0.3676 0.0 0.929984
vn 0.3676 0.0 0.929984
vn 0.3676 0.0 0.929984
vn 0.416901 0.908952 0.0
vn 0.416901 0.908952 0.0
vn 0.416901 0.908952 0.0
vn 0.416901 0.908952 -0.0
vn 0.416901 0.908952 -0.0
vn 0.416901 0.908952 -0.0
vn 0.56889 0.0 -0.822413
vn 0.56889 0.0 -0.822414
vn 0.56889 0.0 -0.822414
vn 0.56889 0.0 -0.822414
vn 0.56889 0.0 -0.822414
vn 0.56889 0.0 -0.822414
vn 0.416901 0.908952 0.0
vn 0.416901 0.908952 0.0
vn 0.416901 0.908952 0.0
vn 0.4169 0.908952 -0.0
vn 0.4169 0.908952 -0.0
vn 0.4169 0.908952 -0.0
vn 0.442973 0.0 -0.896535
vn 0.442973 0.0 -0.896535
vn 0.442973 0.0 -0.896535
vn 0.442973 0.0 -0.896535
vn 0.442973 0.0 -0.896535
vn 0.442973 0.0 -0.896535
vn 0.56889 0.0 0.822413
vn 0.56889 0.0 0.822414
vn 0.56889 0.0 0.822414
vn 0.56889 0.0 0.822414
vn 0.56889 0.0 0.822414
vn 0.56889 0.0 0.822414
vn -0.0 -0.039867 -0.999205
vn -0.0 -0.039867 -0.999205
vn -0.0 -0.039867 -0.999205
vn -0.0 -0.039867 -0.999205
vn -0.0 -0.039867 -0.999205
vn -0.0 -0.039867 -0.999205
vn -0.030866 -0.0 -0.999524
vn -0.030866 -0.0 -0.999524
vn -0.030866 -0.0 -0.999524
vn -0.030866 0.0 -0.999524
vn -0.030866 0.0 -0.999524
vn -0.030866 0.0 -0.999524
vn 0.030866 0.0 -0.999524
vn 0.030866 0.0 -0.999524
vn 0.030866 0.0 -0.999524
vn 0.030866 0.0 -0.999524
vn 0.030866 0.0 -0.999524
vn 0.030866 0.0 -0.999524
vn -0.0 -0.542833 -0.839841
vn -0.0 -0.542833 -0.839841
vn -0.0 -0.542833 -0.839841
vn -0.0 -0.542833 -0.839841
vn -0.0 -0.542833 -0.839841
vn -0.0 -0.542833 -0.839841
vn -0.0 0.732898 -0.680339
vn -0.0 0.732897 -0.680339
vn -0.0 0.732897 -0.680339
vn -0.0 0.732897 -0.680339
vn -0.0 0.732897 -0.680339
vn -0.0 0.732897 -0.680339
vn 0.926941 0.0 -0.375208
vn 0.926941 0.0 -0.375208
vn 0.926941 0.0 -0.375208
vn 0.926941 0.0 -0.375208
vn 0.926941 0.0 -0.375208
vn 0.926941 0.0 -0.375208
vn 0.0 0.88877 -0.458353
vn 0.0 0.88877 -0.458353
vn 0.0 0.88877 -0.458353
vn -0.012868 0.908962 -0.416679
vn -0.012868 0.908962 -0.416679
vn -0.012868 0.908962 -0.416679
vn -0.785799 0.0 -0.618482
vn -0.785799 0.0 -0.618482
vn -0.785799 0.0 -0.618482
vn -0.785799 0.0 -0.618482
vn -0.785799 0.0 -0.618482
vn -0.785799 0.0 -0.618482
vn 0.0 0.907058 -0.421005
vn 0.0 0.907058 -0.421005
vn 0.0 0.907058 -0.421005
vn 0.014429 0.884007 -0.467251
vn 0.014429 0.884007 -0.467251
vn 0.014429 0.884007 -0.467251
vn -0.926941 -0.0 -0.375208
vn -0.926941 -0.0 -0.375208
vn -0.926941 -0.0 -0.375208
vn -0.926941 -0.0 -0.375208
vn -0.926941 -0.0 -0.375208
vn -0.926941 -0.0 -0.375208
vn 0.785799 0.0 -0.618482
vn 0.785799 0.0 -0.618482
vn 0.785799 0.0 -0.618482
vn 0.785799 0.0 -0.618482
vn 0.785799 0.0 -0.618482
vn 0.785799 0.0 -0.618482
vn -1.0 0.0 0.0
vn -1.0 0.0 -0.0
vn -1.0 0.0 -0.0
vn -1.0 0.0 -0.0
vn -1.0 0.0 -0.0
vn -1.0 0.0 -0.0
vn -1.0 0.0 -0.0
vn -1.0 0.0 -0.0
vn -1.0 0.0 -0.0
vn -1.0 0.0 -0.0
vn -1.0 0.0 -0.0
vn -1.0 0.0 -0.0
vn -1.0 -0.0 0.0
vn -1.0 -0.0 0.0
vn -1.0 -0.0 0.0
vn -1.0 -0.0 0.0
vn -1.0 -0.0 0.0
vn -1.0 -0.0 0.0
vn -0.808936 -0.587896 0.0
vn -0.808936 -0.587896 0.0
vn -0.808936 -0.587896 0.0
vn -0.808936 -0.587897 -0.0
vn -0.808936 -0.587896 0.0
vn -0.808936 -0.587896 0.0
vn -0.675987 0.736913 0.0
vn -0.675987 0.736913 0.0
vn -0.675987 0.736913 0.0
vn -0.675987 0.736913 -0.0
vn -0.675987 0.736913 0.0
vn -0.675987 0.736913 0.0
vn -0.442973 -0.0 -0.896535
vn -0.442973 -0.0 -0.896535
vn -0.442973 -0.0 -0.896535
vn -0.442973 0.0 -0.896535
vn -0.442973 -0.0 -0.896535
vn -0.442973 -0.0 -0.896535
vn -0.416902 0.908951 0.0
vn -0.416902 0.908951 0.0
vn -0.416902 0.908951 0.0
vn -0.416902 0.908952 0.0
vn -0.416902 0.908952 0.0
vn -0.416902 0.908952 0.0
vn -0.56889 -0.0 0.822414
vn -0.56889 -0.0 0.822414
vn -0.56889 -0.0 0.822414
vn -0.56889 0.0 0.822414
vn -0.56889 -0.0 0.822414
vn -0.56889 -0.0 0.822414
vn -0.416902 0.908951 0.0
vn -0.416902 0.908951 0.0
vn -0.416902 0.908951 0.0
vn -0.416901 0.908952 0.0
vn -0.416901 0.908952 0.0
vn -0.416901 0.908952 0.0
vn -0.3676 0.0 0.929984
vn -0.3676 -0.0 0.929984
vn -0.3676 -0.0 0.929984
vn -0.3676 -0.0 0.929984
vn -0.3676 -0.0 0.929984
vn -0.3676 -0.0 0.929984
vn -0.56889 0.0 -0.822413
vn -0.56889 -0.0 -0.822414
vn -0.56889 -0.0 -0.822414
vn -0.56889 -0.0 -0.822414
vn -0.56889 -0.0 -0.822414
vn -0.56889 -0.0 -0.822414
vn -0.927955 -0.372691 -0.0
vn -0.927955 -0.372691 -0.0
vn -0.927955 -0.372691 -0.0
vn -0.927955 -0.372691 0.0
vn -0.927955 -0.372691 -0.0
vn -0.927955 -0.372691 -0.0
vn -0.464267 0.885695 0.0
vn -0.464266 0.885696 -0.0
vn -0.464266 0.885696 -0.0
vn -0.464266 0.885696 -0.0
vn -0.464266 0.885696 -0.0
vn -0.464266 0.885696 -0.0
vn -1.0 -0.0 0.0
vn -1.0 -0.0 0.0
vn -1.0 -0.0 0.0
vn -1.0 -0.0 0.0
vn -1.0 -0.0 0.0
vn -1.0 -0.0 0.0
vn -0.576665 -0.0 -0.816981
vn -0.576665 -0.0 -0.816981
vn -0.576665 -0.0 -0.816981
vn -0.576665 -0.0 -0.816981
vn -0.576665 -0.0 -0.816981
vn -0.576665 -0.0 -0.816981
vn -0.389978 -0.0 0.920824
vn -0.389978 -0.0 0.920824
vn -0.389978 -0.0 0.920824
vn -0.389978 -0.0 0.920824
vn -0.389978 -0.0 0.920824
vn -0.389978 -0.0 0.920824
vn -0.927955 -0.372692 0.0
vn -0.927955 -0.372691 0.0
vn -0.927955 -0.372691 0.0
vn -0.927955 -0.372691 -0.0
vn -0.927955 -0.372691 0.0
vn -0.927955 -0.372691 0.0
vn -0.464267 0.885695 0.0
vn -0.464267 0.885696 0.0
vn -0.464267 0.885696 0.0
vn -0.464266 0.885696 0.0
vn -0.464267 0.885696 0.0
vn -0.464267 0.885696 0.0
vn -1.0 0.0 0.0
vn -1.0 0.0 0.0
vn -1.0 0.0 0.0
vn -1.0 0.0 -0.0
vn -1.0 0.0 0.0
vn -1.0 0.0 0.0
vn -0.576665 0.0 0.816981
vn -0.576665 0.0 0.816981
vn -0.576665 0.0 0.816981
vn -0.576665 0.0 0.816981
vn -0.576665 0.0 0.816981
vn -0.576665 0.0 0.816981
vn -0.271717 -0.0 -0.962377
vn -0.271717 -0.0 -0.962377
vn -0.271717 -0.0 -0.962377
vn -0.271717 0.0 -0.962377
vn -0.271717 -0.0 -0.962377
vn -0.271717 -0.0 -0.962377
vn 0.927955 -0.372691 -0.0
vn 0.927955 -0.372691 -0.0
vn 0.927955 -0.372691 -0.0
vn 0.927955 -0.372691 -0.0
vn 0.927955 -0.372691 -0.0
vn 0.927956 -0.372691 -0.0
vn 0.464269 0.885695 -0.0
vn 0.464269 0.885695 -0.0
vn 0.464269 0.885694 0.0
vn 0.464269 0.885695 -0.0
vn 0.464269 0.885695 -0.0
vn 0.464268 0.885695 -0.0
vn 1.0 0.0 0.0
vn 1.0 0.0 0.0
vn 1.0 0.0 -0.0
vn 1.0 0.0 0.0
vn 1.0 0.0 0.0
vn 1.0 0.0 0.0
vn 0.576665 -0.0 -0.81698
vn 0.576665 -0.0 -0.81698
vn 0.576665 -0.0 -0.81698
vn 0.576665 -0.0 -0.81698
vn 0.576665 -0.0 -0.81698
vn 0.576665 0.0 -0.81698
vn 0.389978 0.0 0.920824
vn 0.389978 0.0 0.920824
vn 0.389978 0.0 0.920824
vn 0.389978 0.0 0.920824
vn 0.389978 0.0 0.920824
vn 0.389978 0.0 0.920824
vn 0.927955 -0.372691 -0.0
vn 0.927955 -0.372691 -0.0
vn 0.927955 -0.372691 0.0
vn 0.927955 -0.372691 -0.0
vn 0.927955 -0.372691 -0.0
vn 0.927955 -0.372691 -0.0
vn 0.464269 0.885695 0.0
vn 0.464269 0.885695 0.0
vn 0.464268 0.885695 -0.0
vn 0.464269 0.885695 0.0
vn 0.464269 0.885695 0.0
vn 0.464269 0.885694 0.0
vn 1.0 0.0 0.0
vn 1.0 0.0 0.0
vn 1.0 0.0 0.0
vn 1.0 0.0 0.0
vn 1.0 0.0 0.0
vn 1.0 0.0 -0.0
vn 0.576665 0.0 0.81698
vn 0.576665 0.0 0.81698
vn 0.576665 0.0 0.81698
vn 0.576665 0.0 0.81698
vn 0.576665 0.0 0.81698
vn 0.576665 0.0 0.816981
vn 0.271717 0.0 -0.962377
vn 0.271717 0.0 -0.962377
vn 0.271717 0.0 -0.962377
vn 0.271717 0.0 -0.962377
vn 0.271717 0.0 -0.962377
vn 0.271717 0.0 -0.962377
vn -0.0 1.0 0.0
vn -0.0 1.0 0.0
vn -0.0 1.0 0.0
vn -0.0 1.0 0.0
vn -0.0 1.0 0.0
vn -0.0 1.0 0.0
vn 0.0 -0.955312 0.2956
vn 0.0 -0.955312 0.2956
vn -0.0 -0.955312 0.295599
vn 0.0 -0.955312 0.2956
vn 0.0 -0.955312 0.2956
vn 0.0 -0.955312 0.2956
vn 0.292407 -0.956294 -0.0
vn 0.292407 -0.956294 -0.0
vn 0.292408 -0.956294 -0.0
vn 0.292407 -0.956294 -0.0
vn 0.292407 -0.956294 -0.0
vn 0.292406 -0.956294 -0.0
vn -0.29241 -0.956293 0.0
vn -0.29241 -0.956293 0.0
vn -0.292408 -0.956294 0.0
vn -0.29241 -0.956293 0.0
vn -0.29241 -0.956293 0.0
vn -0.292411 -0.956293 0.0
vn -0.0 -0.955312 -0.2956
vn -0.0 -0.955312 -0.2956
vn 0.0 -0.955312 -0.2956
vn -0.0 -0.955312 -0.2956
vn -0.0 -0.955312 -0.2956
vn -0.0 -0.955312 -0.2956
vn 0.0 0.0 1.0
vn 0.0 0.0 1.0
vn 0.0 -0.0 1.0
vn 0.0 0.0 1.0
vn 0.0 0.0 1.0
vn 0.0 0.0 1.0
vn 1.0 0.0 -0.0
vn 1.0 0.0 -0.0
vn 1.0 0.0 -0.0
vn 1.0 0.0 -0.0
vn 1.0 0.0 -0.0
vn 1.0 0.0 0.0
vn -1.0 0.0 0.0
vn -1.0 0.0 0.0
vn -1.0 0.0 0.0
vn -1.0 0.0 0.0
vn -1.0 0.0 0.0
vn -1.0 0.0 0.0
vn -0.0 0.0 -1.0
vn -0.0 0.0 -1.0
vn -0.0 0.0 -1.0
vn -0.0 0.0 -1.0
vn -0.0 0.0 -1.0
vn -0.0 -0.0 -1.0
vn 0.0 0.93746 0.348092
vn 0.0 0.93746 0.348092
vn -0.0 0.937461 0.348091
vn 0.0 0.93746 0.348092
vn 0.0 0.93746 0.348092
vn 0.0 0.93746 0.348094
vn 0.34447 0.938797 -0.0
vn 0.34447 0.938797 -0.0
vn 0.344471 0.938797 0.0
vn 0.34447 0.938797 -0.0
vn 0.34447 0.938797 -0.0
vn 0.34447 0.938797 -0.0
vn -0.344473 0.938796 0.0
vn -0.344473 0.938796 0.0
vn -0.344472 0.938796 0.0
vn -0.344473 0.938796 0.0
vn -0.344473 0.938796 0.0
vn -0.344474 0.938796 0.0
vn -0.0 0.93746 -0.348093
vn -0.0 0.93746 -0.348093
vn -0.0 0.93746 -0.348094
vn -0.0 0.93746 -0.348093
vn -0.0 0.93746 -0.348093
vn -0.0 0.937461 -0.348091
vn -1.0 0.0 0.0
vn -1.0 0.0 -0.0
vn -1.0 0.0 -0.0
vn -1.0 0.0 -0.0
vn -1.0 0.0 -0.0
vn -1.0 0.0 -0.0
vn 1.0 0.0 -0.0
vn 1.0 0.0 0.0
vn 1.0 0.0 0.0
vn 1.0 0.0 0.0
vn 1.0 0.0 0.0
vn 1.0 0.0 0.0
vn 0.0 0.0 -1.0
vn 0.0 0.0 -1.0
vn 0.0 0.0 -1.0
vn 0.0 0.0 -1.0
vn 0.0 0.0 -1.0
vn 0.0 0.0 -1.0
vn -0.151133 0.988513 -0.0
vn -0.151132 0.988514 -0.0
vn -0.151132 0.988514 -0.0
vn -0.151132 0.988514 -0.0
vn -0.151132 0.988514 -0.0
vn -0.151132 0.988514 -0.0
vn 0.180455 0.983583 0.0
vn 0.180455 0.983583 0.0
vn 0.180455 0.983583 0.0
vn 0.180455 0.983583 0.0
vn 0.180455 0.983583 0.0
vn 0.180455 0.983583 0.0
vn -0.000001 0.988242 -0.152897
vn -0.0 0.988242 -0.152897
vn -0.0 0.988242 -0.152897
vn -0.0 0.988242 -0.152897
vn -0.0 0.988242 -0.152897
vn -0.0 0.988242 -0.152897
vn -0.000001 0.988242 0.152897
vn -0.0 0.988242 0.152897
vn -0.0 0.988242 0.152897
vn 0.0 0.988242 0.152897
vn -0.0 0.988242 0.152897
vn -0.0 0.988242 0.152897
vn 1.0 0.0 -0.0
vn 1.0 0.0 0.0
vn 1.0 0.0 0.0
vn 1.0 0.0 0.0
vn 1.0 0.0 0.0
vn 1.0 0.0 0.0
vn 0.0 0.0 1.0
vn 0.0 0.0 1.0
vn 0.0 0.0 1.0
vn 0.0 0.0 1.0
vn 0.0 0.0 1.0
vn 0.0 0.0 1.0
vn -1.0 0.0 0.0
vn -1.0 0.0 -0.0
vn -1.0 0.0 -0.0
vn -1.0 0.0 -0.0
vn -1.0 0.0 -0.0
vn -1.0 0.0 -0.0
vn 0.0 0.0 -1.0
vn 0.0 0.0 -1.0
vn 0.0 0.0 -1.0
vn 0.0 0.0 -1.0
vn 0.0 0.0 -1.0
vn 0.0 0.0 -1.0
vn 0.0 0.210619 0.977568
vn 0.0 0.210618 0.977569
vn 0.0 0.210618 0.977569
vn -0.0 0.210617 0.977569
vn 0.0 0.210618 0.977569
vn 0.0 0.210618 0.977569
vn -1.0 0.0 0.0
vn -1.0 0.0 0.0
vn -1.0 0.0 0.0
vn -1.0 0.0 0.0
vn -1.0 0.0 0.0
vn -1.0 0.0 0.0
vn 1.0 0.0 -0.0
vn 1.0 0.0 -0.0
vn 1.0 0.0 -0.0
vn 1.0 0.0 -0.0
vn 1.0 0.0 -0.0
vn 1.0 0.0 0.0
vn 0.0 0.0 1.0
vn 0.0 0.0 1.0
vn 0.0 0.000001 1.0
vn 0.0 0.0 1.0
vn 0.0 0.0 1.0
vn 0.0 -0.000001 1.0
vn -0.151134 0.988513 0.0
vn -0.151134 0.988513 0.0
vn -0.151134 0.988513 -0.0
vn -0.151134 0.988513 0.0
vn -0.151134 0.988513 0.0
vn -0.151133 0.988513 0.0
vn 0.180455 0.983583 0.0
vn 0.180455 0.983583 0.0
vn 0.180454 0.983584 0.0
vn 0.180455 0.983583 0.0
vn 0.180455 0.983583 0.0
vn 0.180457 0.983583 -0.0
vn -0.0 0.988242 0.152897
vn -0.0 0.988242 0.152897
vn -0.000001 0.988242 0.152897
vn -0.0 0.988242 0.152897
vn -0.0 0.988242 0.152897
vn 0.0 0.988242 0.152897
vn -0.0 0.988242 -0.152897
vn -0.0 0.988242 -0.152897
vn -0.000001 0.988242 -0.152897
vn -0.0 0.988242 -0.152897
vn -0.0 0.988242 -0.152897
vn -0.0 0.988242 -0.152897
vn 1.0 0.0 0.0
vn 1.0 0.0 0.0
vn 1.0 0.0 -0.0
vn 1.0 0.0 0.0
vn 1.0 0.0 0.0
vn 1.0 0.0 0.0
vn 0.0 0.0 -1.0
vn 0.0 0.0 -1.0
vn 0.0 0.0 -1.0
vn 0.0 0.0 -1.0
vn 0.0 0.0 -1.0
vn 0.0 -0.0 -1.0
vn -1.0 0.0 -0.0
vn -1.0 0.0 -0.0
vn -1.0 0.0 0.0
vn -1.0 0.0 -0.0
vn -1.0 0.0 -0.0
vn -1.0 0.0 -0.0
vn 0.0 0.0 1.0
vn 0.0 0.0 1.0
vn 0.0 -0.0 1.0
vn 0.0 0.0 1.0
vn 0.0 0.0 1.0
vn 0.0 0.0 1.0
vn -0.0 0.0 -1.0
vn -0.0 0.0 -1.0
vn -0.0 0.0 -1.0
vn -0.0 0.0 -1.0
vn -0.0 0.0 -1.0
vn -0.0 -0.0 -1.0
vn 1.0 0.0 0.0
vn 1.0 0.0 0.0
vn 1.0 0.0 -0.0
vn 1.0 0.0 0.0
vn 1.0 0.0 0.0
vn 1.0 0.0 0.0
vn -1.0 0.0 0.0
vn -1.0 0.0 0.0
vn -1.0 0.0 0.0
vn -1.0 0.0 0.0
vn -1.0 0.0 0.0
vn -1.0 0.0 0.0
vn 0.0 0.0 -1.0
vn 0.0 0.0 -1.0
vn 0.0 -0.0 -1.0
vn 0.0 0.0 -1.0
vn 0.0 0.0 -1.0
vn 0.0 0.0 -1.0
vn 0.151129 0.988514 -0.0
vn 0.151129 0.988514 -0.0
vn 0.151129 0.988514 0.0
vn 0.151129 0.988514 -0.0
vn 0.151129 0.988514 -0.0
vn 0.15113 0.988514 -0.0
vn -0.180451 0.983584 0.0
vn -0.180451 0.983584 0.0
vn -0.18045 0.983584 -0.0
vn -0.180451 0.983584 0.0
vn -0.180451 0.983584 0.0
vn -0.180451 0.983584 0.0
vn 0.0 0.988243 -0.152895
vn 0.0 0.988243 -0.152895
vn 0.0 0.988243 -0.152895
vn 0.0 0.988243 -0.152895
vn 0.0 0.988243 -0.152895
vn -0.0 0.988243 -0.152895
vn -0.0 0.988243 0.152895
vn -0.0 0.988243 0.152895
vn -0.0 0.988243 0.152895
vn -0.0 0.988243 0.152895
vn -0.0 0.988243 0.152895
vn 0.0 0.988243 0.152895
vn -1.0 0.0 -0.0
vn -1.0 0.0 -0.0
vn -1.0 0.0 0.0
vn -1.0 0.0 -0.0
vn -1.0 0.0 -0.0
vn -1.0 0.0 -0.0
vn 0.0 -0.0 1.0
vn 0.0 -0.0 1.0
vn 0.0 0.0 1.0
vn 0.0 -0.0 1.0
vn 0.0 -0.0 1.0
vn 0.0 -0.0 1.0
vn 1.0 0.0 -0.0
vn 1.0 0.0 -0.0
vn 1.0 0.0 0.0
vn 1.0 0.0 -0.0
vn 1.0 0.0 -0.0
vn 1.0 0.0 -0.0
vn 0.0 -0.0 -1.0
vn 0.0 -0.0 -1.0
vn 0.0 -0.0 -1.0
vn 0.0 -0.0 -1.0
vn 0.0 -0.0 -1.0
vn 0.0 0.0 -1.0
vn -0.0 0.210618 0.977569
vn -0.0 0.210618 0.977569
vn 0.0 0.210618 0.977569
vn -0.0 0.210618 0.977569
vn -0.0 0.210618 0.977569
vn -0.0 0.210617 0.977569
vn 1.0 0.0 -0.0
vn 1.0 0.0 0.0
vn 1.0 0.0 0.0
vn 1.0 0.0 0.0
vn 1.0 0.0 0.0
vn 1.0 0.0 0.0
vn -1.0 0.0 0.0
vn -1.0 0.0 -0.0
vn -1.0 0.0 -0.0
vn -1.0 0.0 -0.0
vn -1.0 0.0 -0.0
vn -1.0 0.0 -0.0
vn 0.0 0.0 1.0
vn 0.0 0.0 1.0
vn 0.0 0.0 1.0
vn 0.0 0.0 1.0
vn 0.0 0.0 1.0
vn 0.0 0.0 1.0
vn 0.151129 0.988514 0.0
vn 0.15113 0.988514 0.0
vn 0.15113 0.988514 0.0
vn 0.15113 0.988514 -0.0
vn 0.15113 0.988514 0.0
vn 0.15113 0.988514 0.0
vn -0.180451 0.983584 -0.0
vn -0.180451 0.983584 -0.0
vn -0.180451 0.983584 -0.0
vn -0.180452 0.983584 -0.0
vn -0.180451 0.983584 -0.0
vn -0.180451 0.983584 -0.0
vn -0.0 0.988243 0.152895
vn -0.0 0.988243 0.152895
vn -0.0 0.988243 0.152895
vn 0.0 0.988243 0.152895
vn -0.0 0.988243 0.152895
vn -0.0 0.988243 0.152895
vn 0.0 0.988243 -0.152895
vn 0.0 0.988243 -0.152895
vn 0.0 0.988243 -0.152895
vn -0.0 0.988243 -0.152895
vn 0.0 0.988243 -0.152895
vn 0.0 0.988243 -0.152895
vn -1.0 0.0 0.0
vn -1.0 0.0 -0.0
vn -1.0 0.0 -0.0
vn -1.0 0.0 -0.0
vn -1.0 0.0 -0.0
vn -1.0 0.0 -0.0
vn 0.0 0.0 -1.0
vn 0.0 0.0 -1.0
vn 0.0 0.0 -1.0
vn 0.0 0.0 -1.0
vn 0.0 0.0 -1.0
vn 0.0 0.0 -1.0
vn 1.0 0.0 0.0
vn 1.0 0.0 -0.0
vn 1.0 0.0 -0.0
vn 1.0 0.0 -0.0
vn 1.0 0.0 -0.0
vn 1.0 0.0 -0.0
vn 0.0 0.0 1.0
vn 0.0 0.0 1.0
vn 0.0 0.0 1.0
vn 0.0 0.0 1.0
vn 0.0 0.0 1.0
vn 0.0 0.0 1.0
vn 0.0 0.0 -1.0
vn 0.0 0.0 -1.0
vn 0.0 0.0 -1.0
vn 0.0 -0.0 -1.0
vn 0.0 0.0 -1.0
vn 0.0 0.0 -1.0
vn 0.0 1.0 0.0
vn 0.0 1.0 0.0
vn 0.0 1.0 0.0
vn 0.0 1.0 0.0
vn 0.0 1.0 0.0
vn 0.0 1.0 0.0
vn -0.0 1.0 0.0
vn -0.0 1.0 0.0
vn -0.0 1.0 0.0
vn -0.0 1.0 0.0
vn -0.0 1.0 0.0
vn -0.0 1.0 0.0
vn 0.0 1.0 0.0
vn 0.0 1.0 0.0
vn 0.0 1.0 0.0
vn 0.0 1.0 0.0
vn 0.0 1.0 0.0
vn 0.0 1.0 0.0
vn 0.0 1.0 0.0
vn 0.0 1.0 0.0
vn 0.0 1.0 0.0
vn 0.0 1.0 0.0
vn 0.0 1.0 0.0
vn 0.0 1.0 0.0

# Group, 588 grouped triangles

usemtl skin
o Group
g Group

f 1/1/1 2/2/2 3/3/3
f 4/4/4 5/5/5 6/6/6
f 7/7/7 8/8/8 9/9/9
f 10/10/10 9/11/11 8/12/12
f 11/13/13 12/14/14 13/15/15
f 14/16/16 13/17/17 12/18/18
f 15/19/19 16/20/20 17/21/21
f 18/22/22 17/23/23 16/24/24
f 19/25/25 20/26/26 21/27/27
f 22/28/28 21/29/29 20/30/30
f 23/31/31 24/32/32 25/33/33
f 24/34/34 23/35/35 26/36/36
f 27/37/37 28/38/38 29/39/39
f 25/40/40 24/41/41 30/42/42
f 31/43/43 32/44/44 33/45/45
f 29/46/46 28/47/47 34/48/48
f 35/49/49 24/50/50 26/51/51
f 36/52/52 37/53/53 38/54/54
f 39/55/55 38/56/56 37/57/57
f 23/58/58 38/59/59 39/60/60
f 23/61/61 39/62/62 26/63/63
f 40/64/64 41/65/65 42/66/66
f 43/67/67 37/68/68 36/69/69
f 44/70/70 45/71/71 46/72/72
f 47/73/73 48/74/74 49/75/75
f 48/76/76 47/77/77 50/78/78
f 51/79/79 52/80/80 53/81/81
f 52/82/82 51/83/83 54/84/84
f 55/85/85 41/86/86 40/87/87
f 39/88/88 37/89/89 56/90/90
f 57/91/91 58/92/92 59/93/93
f 60/94/94 59/95/95 58/96/96
f 61/97/97 62/98/98 63/99/99
f 64/100/100 63/101/101 62/102/102
f 65/103/103 66/104/104 67/105/105
f 68/106/106 67/107/107 66/108/108
f 69/109/109 70/110/110 71/111/111
f 72/112/112 73/113/113 74/114/114
f 75/115/115 76/116/116 77/117/117
f 76/118/118 75/119/119 78/120/120
f 79/121/121 80/122/122 81/123/123
f 80/124/124 79/125/125 82/126/126
f 83/127/127 84/128/128 85/129/129
f 86/130/130 87/131/131 88/132/132
f 89/133/133 90/134/134 91/135/135
f 92/136/136 93/137/137 94/138/138
f 95/139/139 96/140/140 97/141/141
f 98/142/142 97/143/143 96/144/144
f 99/145/145 100/146/146 101/147/147
f 102/148/148 103/149/149 104/150/150
f 105/151/151 106/152/152 107/153/153
f 108/154/154 109/155/155 110/156/156
f 111/157/157 112/158/158 113/159/159
f 114/160/160 115/161/161 116/162/162
f 117/163/163 118/164/164 119/165/165
f 120/166/166 121/167/167 122/168/168
f 123/169/169 124/170/170 125/171/171
f 124/172/172 123/173/173 126/174/174
f 127/175/175 128/176/176 129/177/177
f 130/178/178 131/179/179 132/180/180
f 133/181/181 134/182/182 135/183/183
f 134/184/184 133/185/185 136/186/186
f 137/187/187 138/188/188 139/189/189
f 138/190/190 137/191/191 140/192/192
f 141/193/193 142/194/194 143/195/195
f 142/196/196 141/197/197 144/198/198
f 145/199/199 112/200/200 111/201/201
f 146/202/202 147/203/203 148/204/204
f 149/205/205 150/206/206 151/207/207
f 150/208/208 152/209/209 151/210/210
f 153/211/211 154/212/212 155/213/213
f 154/214/214 153/215/215 156/216/216
f 157/217/217 158/218/218 159/219/219
f 160/220/220 161/221/221 162/222/222
f 161/223/223 160/224/224 163/225/225
f 164/226/226 165/227/227 166/228/228
f 167/229/229 168/230/230 169/231/231
f 170/232/232 169/233/233 168/234/234
f 171/235/235 172/236/236 173/237/237
f 174/238/238 173/239/239 172/240/240
f 175/241/241 176/242/242 177/243/243
f 176/244/244 175/245/245 178/246/246
f 179/247/247 180/248/248 181/249/249
f 182/250/250 183/251/251 184/252/252
f 185/253/253 186/254/254 187/255/255
f 188/256/256 189/257/257 190/258/258
f 191/259/259 192/260/260 193/261/261
f 194/262/262 195/263/263 196/264/264
f 197/265/265 198/266/266 199/267/267
f 200/268/268 199/269/269 198/270/270
f 201/271/271 202/272/272 203/273/273
f 204/274/274 205/275/275 206/276/276
f 207/277/277 208/278/278 209/279/279
f 208/280/280 207/281/281 210/282/282
f 211/283/283 212/284/284 213/285/285
f 212/286/286 211/287/287 214/288/288
f 215/289/289 216/290/290 217/291/291
f 216/292/292 215/293/293 218/294/294
f 219/295/295 220/296/296 221/297/297
f 220/298/298 219/299/299 222/300/300
f 223/301/301 224/302/302 225/303/303
f 226/304/304 225/305/305 224/306/306
f 227/307/307 228/308/308 229/309/309
f 230/310/310 229/311/311 228/312/312
f 231/313/313 232/314/314 233/315/315
f 234/316/316 233/317/317 232/318/318
f 235/319/319 236/320/320 237/321/321
f 238/322/322 237/323/323 236/324/324
f 239/325/325 240/326/326 241/327/327
f 242/328/328 241/329/329 240/330/330
f 243/331/331 244/332/332 245/333/333
f 244/334/334 243/335/335 246/336/336
f 247/337/337 248/338/338 249/339/339
f 245/340/340 244/341/341 250/342/342
f 251/343/343 252/344/344 253/345/345
f 249/346/346 248/347/347 254/348/348
f 255/349/349 244/350/350 246/351/351
f 256/352/352 257/353/353 258/354/354
f 259/355/355 258/356/356 257/357/357
f 243/358/358 258/359/359 259/360/360
f 243/361/361 259/362/362 246/363/363
f 260/364/364 261/365/365 262/366/366
f 263/367/367 257/368/368 256/369/369
f 264/370/370 265/371/371 266/372/372
f 267/373/373 268/374/374 269/375/375
f 268/376/376 267/377/377 270/378/378
f 271/379/379 272/380/380 273/381/381
f 272/382/382 271/383/383 274/384/384
f 275/385/385 261/386/386 260/387/387
f 259/388/388 257/389/389 276/390/390
f 277/391/391 278/392/392 279/393/393
f 280/394/394 279/395/395 278/396/396
f 281/397/397 282/398/398 283/399/399
f 284/400/400 283/401/401 282/402/402
f 285/403/403 286/404/404 287/405/405
f 288/406/406 287/407/407 286/408/408
f 289/409/409 290/410/410 291/411/411
f 292/412/412 293/413/413 294/414/414
f 295/415/415 296/416/416 297/417/417
f 296/418/418 295/419/419 298/420/420
f 299/421/421 300/422/422 301/423/423
f 300/424/424 299/425/425 302/426/426
f 303/427/427 304/428/428 305/429/429
f 306/430/430 307/431/431 308/432/432
f 309/433/433 310/434/434 311/435/435
f 312/436/436 313/437/437 314/438/438
f 315/439/439 316/440/440 317/441/441
f 318/442/442 317/443/443 316/444/444
f 319/445/445 320/446/446 321/447/447
f 322/448/448 323/449/449 324/450/450
f 325/451/451 326/452/452 327/453/453
f 328/454/454 329/455/455 330/456/456
f 331/457/457 332/458/458 333/459/459
f 334/460/460 335/461/461 336/462/462
f 337/463/463 338/464/464 339/465/465
f 340/466/466 341/467/467 342/468/468
f 343/469/469 344/470/470 345/471/471
f 344/472/472 343/473/473 346/474/474
f 347/475/475 348/476/476 349/477/477
f 350/478/478 351/479/479 352/480/480
f 353/481/481 354/482/482 355/483/483
f 354/484/484 353/485/485 356/486/486
f 357/487/487 358/488/488 359/489/489
f 358/490/490 357/491/491 360/492/492
f 361/493/493 362/494/494 363/495/495
f 362/496/496 361/497/497 364/498/498
f 365/499/499 332/500/500 331/501/501
f 366/502/502 367/503/503 368/504/504
f 369/505/505 370/506/506 371/507/507
f 370/508/508 372/509/509 371/510/510
f 373/511/511 374/512/512 375/513/513
f 374/514/514 373/515/515 376/516/516
f 377/517/517 378/518/518 379/519/519
f 380/520/520 381/521/521 382/522/522
f 381/523/523 380/524/524 383/525/525
f 384/526/526 385/527/527 386/528/528
f 387/529/529 388/530/530 389/531/531
f 390/532/532 389/533/533 388/534/534
f 391/535/535 392/536/536 393/537/537
f 394/538/538 393/539/539 392/540/540
f 395/541/541 396/542/542 397/543/543
f 396/544/544 395/545/545 398/546/546
f 399/547/547 400/548/548 401/549/549
f 402/550/550 403/551/551 404/552/552
f 405/553/553 406/554/554 407/555/555
f 408/556/556 409/557/557 410/558/558
f 411/559/559 412/560/560 413/561/561
f 414/562/562 415/563/563 416/564/564
f 417/565/565 418/566/566 419/567/567
f 420/568/568 419/569/569 418/570/570
f 421/571/571 422/572/572 423/573/573
f 424/574/574 425/575/575 426/576/576
f 427/577/577 428/578/578 429/579/579
f 430/580/580 431/581/581 432/582/582
f 433/583/583 434/584/584 435/585/585
f 436/586/586 433/587/587 435/588/588
f 437/589/589 438/590/590 439/591/591
f 440/592/592 441/593/593 442/594/594
f 443/595/595 444/596/596 445/597/597
f 446/598/598 443/599/599 445/600/600
f 447/601/601 448/602/602 449/603/603
f 450/604/604 451/605/605 452/606/606
f 453/607/607 454/608/608 455/609/609
f 456/610/610 453/611/611 455/612/612
f 457/613/613 458/614/614 459/615/615
f 460/616/616 461/617/617 462/618/618
f 463/619/619 464/620/620 465/621/621
f 466/622/622 463/623/623 465/624/624
f 467/625/625 468/626/626 469/627/627
f 468/628/628 467/629/629 470/630/630
f 471/631/631 472/632/632 473/633/633
f 474/634/634 473/635/635 472/636/636
f 475/637/637 476/638/638 477/639/639
f 478/640/640 477/641/641 476/642/642
f 479/643/643 480/644/644 481/645/645
f 482/646/646 481/647/647 480/648/648
f 483/649/649 484/650/650 485/651/651
f 486/652/652 485/653/653 484/654/654
f 487/655/655 488/656/656 489/657/657
f 490/658/658 489/659/659 488/660/660
f 481/661/661 482/662/662 491/663/663
f 491/664/664 492/665/665 481/666/666
f 485/667/667 486/668/668 493/669/669
f 494/670/670 493/671/671 486/672/672
f 495/673/673 496/674/674 497/675/675
f 498/676/676 497/677/677 496/678/678
f 492/679/679 491/680/680 499/681/681
f 499/682/682 500/683/683 492/684/684
f 493/685/685 494/686/686 501/687/687
f 502/688/688 501/689/689 494/690/690
f 503/691/691 504/692/692 505/693/693
f 504/694/694 503/695/695 506/696/696
f 507/697/697 508/698/698 509/699/699
f 508/700/700 507/701/701 510/702/702
f 511/703/703 512/704/704 513/705/705
f 512/706/706 511/707/707 514/708/708
f 515/709/709 516/710/710 517/711/711
f 516/712/712 515/713/713 518/714/714
f 519/715/715 520/716/716 521/717/717
f 520/718/718 519/719/719 522/720/720
f 523/721/721 514/722/722 511/723/723
f 511/724/724 524/725/725 523/726/726
f 525/727/727 518/728/728 515/729/729
f 518/730/730 525/731/731 526/732/732
f 527/733/733 528/734/734 529/735/735
f 528/736/736 527/737/737 530/738/738
f 531/739/739 523/740/740 524/741/741
f 524/742/742 532/743/743 531/744/744
f 533/745/745 526/746/746 525/747/747
f 526/748/748 533/749/749 534/750/750
f 535/751/751 536/752/752 537/753/753
f 536/754/754 535/755/755 538/756/756
f 539/757/757 540/758/758 541/759/759
f 540/760/760 539/761/761 542/762/762
f 543/763/763 544/764/764 545/765/765
f 544/766/766 543/767/767 546/768/768
f 547/769/769 548/770/770 549/771/771
f 548/772/772 547/773/773 550/774/774
f 551/775/775 552/776/776 553/777/777
f 552/778/778 551/779/779 554/780/780
f 555/781/781 546/782/782 543/783/783
f 543/784/784 556/785/785 555/786/786
f 557/787/787 550/788/788 547/789/789
f 550/790/790 557/791/791 558/792/792
f 559/793/793 560/794/794 561/795/795
f 560/796/796 559/797/797 562/798/798
f 563/799/799 555/800/800 556/801/801
f 556/802/802 564/803/803 563/804/804
f 565/805/805 558/806/806 557/807/807
f 558/808/808 565/809/809 566/810/810
f 567/811/811 568/812/812 569/813/813
f 570/814/814 569/815/815 568/816/816
f 571/817/817 572/818/818 573/819/819
f 574/820/820 573/821/821 572/822/822
f 575/823/823 576/824/824 577/825/825
f 578/826/826 577/827/827 576/828/828
f 579/829/829 580/830/830 581/831/831
f 582/832/832 581/833/833 580/834/834
f 583/835/835 584/836/836 585/837/837
f 586/838/838 585/839/839 584/840/840
f 577/841/841 578/842/842 587/843/843
f 587/844/844 588/845/845 577/846/846
f 581/847/847 582/848/848 589/849/849
f 590/850/850 589/851/851 582/852/852
f 591/853/853 592/854/854 593/855/855
f 594/856/856 593/857/857 592/858/858
f 588/859/859 587/860/860 595/861/861
f 595/862/862 596/863/863 588/864/864
f 589/865/865 590/866/866 597/867/867
f 598/868/868 597/869/869 590/870/870
f 599/871/871 600/872/872 601/873/873
f 600/874/874 599/875/875 602/876/876
f 603/877/877 604/878/878 605/879/879
f 606/880/880 607/881/881 608/882/882
f 609/883/883 6/884/884 5/885/885
f 1/886/886 3/887/887 610/888/888
f 611/889/889 612/890/890 613/891/891
f 612/892/892 611/893/893 614/894/894
f 615/895/895 616/896/896 617/897/897
f 618/898/898 619/899/899 620/900/900
f 621/901/901 622/902/902 623/903/903
f 624/904/904 623/905/905 622/906/906
f 625/907/907 626/908/908 627/909/909
f 628/910/910 629/911/911 630/912/912
f 631/913/913 632/914/914 633/915/915
f 634/916/916 631/917/917 633/918/918
f 635/919/919 636/920/920 637/921/921
f 638/922/922 637/923/923 636/924/924
f 639/925/925 640/926/926 641/927/927
f 642/928/928 643/929/929 644/930/930
f 645/931/931 646/932/932 647/933/933
f 648/934/934 647/935/935 646/936/936
f 649/937/937 650/938/938 651/939/939
f 652/940/940 653/941/941 654/942/942
f 655/943/943 656/944/944 657/945/945
f 658/946/946 655/947/947 657/948/948
f 659/949/949 660/950/950 661/951/951
f 662/952/952 661/953/953 660/954/954
f 663/955/955 664/956/956 665/957/957
f 666/958/958 667/959/959 668/960/960
f 669/961/961 670/962/962 671/963/963
f 670/964/964 669/965/965 672/966/966
f 673/967/967 674/968/968 675/969/969
f 676/970/970 677/971/971 678/972/972
f 679/973/973 680/974/974 681/975/975
f 679/976/976 681/977/977 682/978/978
f 683/979/979 684/980/980 685/981/981
f 684/982/982 683/983/983 686/984/984
f 687/985/985 688/986/986 689/987/987
f 690/988/988 691/989/989 692/990/990
f 693/991/991 694/992/992 695/993/993
f 696/994/994 695/995/995 694/996/996
f 697/997/997 698/998/998 699/999/999
f 700/1000/1000 701/1001/1001 702/1002/1002
f 703/1003/1003 704/1004/1004 705/1005/1005
f 706/1006/1006 707/1007/1007 708/1008/1008
f 709/1009/1009 710/1010/1010 711/1011/1011
f 712/1012/1012 711/1013/1013 710/1014/1014
f 713/1015/1015 714/1016/1016 715/1017/1017
f 716/1018/1018 715/1019/1019 714/1020/1020
f 717/1021/1021 718/1022/1022 719/1023/1023
f 720/1024/1024 719/1025/1025 718/1026/1026
f 721/1027/1027 722/1028/1028 723/1029/1029
f 724/1030/1030 725/1031/1031 726/1032/1032
f 727/1033/1033 728/1034/1034 729/1035/1035
f 730/1036/1036 729/1037/1037 728/1038/1038
f 731/1039/1039 732/1040/1040 733/1041/1041
f 734/1042/1042 735/1043/1043 736/1044/1044
f 737/1045/1045 738/1046/1046 739/1047/1047
f 740/1048/1048 739/1049/1049 738/1050/1050
f 741/1051/1051 742/1052/1052 743/1053/1053
f 744/1054/1054 743/1055/1055 742/1056/1056
f 745/1057/1057 746/1058/1058 747/1059/1059
f 748/1060/1060 747/1061/1061 746/1062/1062
f 749/1063/1063 750/1064/1064 751/1065/1065
f 752/1066/1066 753/1067/1067 754/1068/1068
f 755/1069/1069 756/1070/1070 757/1071/1071
f 758/1072/1072 759/1073/1073 760/1074/1074
f 761/1075/1075 762/1076/1076 763/1077/1077
f 764/1078/1078 763/1079/1079 762/1080/1080
f 765/1081/1081 766/1082/1082 767/1083/1083
f 768/1084/1084 767/1085/1085 766/1086/1086
f 769/1087/1087 770/1088/1088 771/1089/1089
f 772/1090/1090 771/1091/1091 770/1092/1092
f 773/1093/1093 774/1094/1094 775/1095/1095
f 776/1096/1096 777/1097/1097 778/1098/1098
f 779/1099/1099 780/1100/1100 781/1101/1101
f 782/1102/1102 781/1103/1103 780/1104/1104
f 783/1105/1105 784/1106/1106 785/1107/1107
f 786/1108/1108 787/1109/1109 788/1110/1110
f 789/1111/1111 790/1112/1112 791/1113/1113
f 792/1114/1114 791/1115/1115 790/1116/1116
f 793/1117/1117 794/1118/1118 795/1119/1119
f 796/1120/1120 795/1121/1121 794/1122/1122
f 797/1123/1123 798/1124/1124 799/1125/1125
f 800/1126/1126 799/1127/1127 798/1128/1128
f 801/1129/1129 802/1130/1130 803/1131/1131
f 804/1132/1132 805/1133/1133 806/1134/1134
f 807/1135/1135 808/1136/1136 809/1137/1137
f 810/1138/1138 811/1139/1139 812/1140/1140
f 813/1141/1141 814/1142/1142 815/1143/1143
f 816/1144/1144 815/1145/1145 814/1146/1146
f 817/1147/1147 818/1148/1148 819/1149/1149
f 820/1150/1150 819/1151/1151 818/1152/1152
f 821/1153/1153 822/1154/1154 823/1155/1155
f 824/1156/1156 823/1157/1157 822/1158/1158
f 825/1159/1159 826/1160/1160 827/1161/1161
f 828/1162/1162 829/1163/1163 830/1164/1164
f 831/1165/1165 832/1166/1166 833/1167/1167
f 834/1168/1168 833/1169/1169 832/1170/1170
f 835/1171/1171 836/1172/1172 837/1173/1173
f 838/1174/1174 839/1175/1175 840/1176/1176
f 841/1177/1177 842/1178/1178 843/1179/1179
f 844/1180/1180 843/1181/1181 842/1182/1182
f 845/1183/1183 846/1184/1184 847/1185/1185
f 848/1186/1186 847/1187/1187 846/1188/1188
f 849/1189/1189 850/1190/1190 851/1191/1191
f 852/1192/1192 851/1193/1193 850/1194/1194
f 853/1195/1195 854/1196/1196 855/1197/1197
f 856/1198/1198 857/1199/1199 858/1200/1200
f 859/1201/1201 860/1202/1202 861/1203/1203
f 862/1204/1204 863/1205/1205 864/1206/1206
f 865/1207/1207 866/1208/1208 867/1209/1209
f 868/1210/1210 867/1211/1211 866/1212/1212
f 869/1213/1213 870/1214/1214 871/1215/1215
f 872/1216/1216 871/1217/1217 870/1218/1218
f 873/1219/1219 874/1220/1220 875/1221/1221
f 876/1222/1222 875/1223/1223 874/1224/1224
f 877/1225/1225 878/1226/1226 879/1227/1227
f 880/1228/1228 881/1229/1229 882/1230/1230
f 883/1231/1231 884/1232/1232 885/1233/1233
f 886/1234/1234 885/1235/1235 884/1236/1236
f 887/1237/1237 888/1238/1238 889/1239/1239
f 890/1240/1240 891/1241/1241 892/1242/1242
f 893/1243/1243 894/1244/1244 895/1245/1245
f 896/1246/1246 895/1247/1247 894/1248/1248
f 897/1249/1249 898/1250/1250 899/1251/1251
f 900/1252/1252 899/1253/1253 898/1254/1254
f 901/1255/1255 902/1256/1256 903/1257/1257
f 904/1258/1258 903/1259/1259 902/1260/1260
f 905/1261/1261 906/1262/1262 907/1263/1263
f 908/1264/1264 907/1265/1265 906/1266/1266
f 909/1267/1267 910/1268/1268 911/1269/1269
f 912/1270/1270 911/1271/1271 910/1272/1272
f 913/1273/1273 914/1274/1274 915/1275/1275
f 916/1276/1276 915/1277/1277 914/1278/1278
f 917/1279/1279 918/1280/1280 919/1281/1281
f 920/1282/1282 919/1283/1283 918/1284/1284
f 921/1285/1285 922/1286/1286 923/1287/1287
f 924/1288/1288 923/1289/1289 922/1290/1290
f 925/1291/1291 926/1292/1292 927/1293/1293
f 928/1294/1294 927/1295/1295 926/1296/1296
f 929/1297/1297 930/1298/1298 931/1299/1299
f 932/1300/1300 931/1301/1301 930/1302/1302
f 933/1303/1303 934/1304/1304 935/1305/1305
f 936/1306/1306 935/1307/1307 934/1308/1308
f 937/1309/1309 938/1310/1310 939/1311/1311
f 940/1312/1312 939/1313/1313 938/1314/1314
f 941/1315/1315 942/1316/1316 943/1317/1317
f 942/1318/1318 941/1319/1319 944/1320/1320
f 945/1321/1321 946/1322/1322 947/1323/1323
f 946/1324/1324 945/1325/1325 948/1326/1326
f 949/1327/1327 950/1328/1328 951/1329/1329
f 950/1330/1330 949/1331/1331 952/1332/1332
f 953/1333/1333 954/1334/1334 955/1335/1335
f 954/1336/1336 953/1337/1337 956/1338/1338
f 957/1339/1339 958/1340/1340 959/1341/1341
f 958/1342/1342 957/1343/1343 960/1344/1344
f 961/1345/1345 962/1346/1346 963/1347/1347
f 962/1348/1348 961/1349/1349 964/1350/1350
f 965/1351/1351 966/1352/1352 967/1353/1353
f 966/1354/1354 965/1355/1355 968/1356/1356
f 969/1357/1357 970/1358/1358 971/1359/1359
f 970/1360/1360 969/1361/1361 972/1362/1362
f 973/1363/1363 974/1364/1364 975/1365/1365
f 974/1366/1366 973/1367/1367 976/1368/1368
f 977/1369/1369 978/1370/1370 979/1371/1371
f 978/1372/1372 977/1373/1373 980/1374/1374
f 981/1375/1375 982/1376/1376 983/1377/1377
f 982/1378/1378 984/1379/1379 983/1380/1380
f 985/1381/1381 986/1382/1382 987/1383/1383
f 986/1384/1384 985/1385/1385 988/1386/1386
f 989/1387/1387 990/1388/1388 991/1389/1389
f 990/1390/1390 989/1391/1391 992/1392/1392
f 993/1393/1393 994/1394/1394 995/1395/1395
f 994/1396/1396 993/1397/1397 996/1398/1398
f 997/1399/1399 998/1400/1400 999/1401/1401
f 998/1402/1402 997/1403/1403 1000/1404/1404
f 1001/1405/1405 1002/1406/1406 1003/1407/1407
f 1002/1408/1408 1001/1409/1409 1004/1410/1410
f 1005/1411/1411 1006/1412/1412 1007/1413/1413
f 1006/1414/1414 1005/1415/1415 1008/1416/1416
f 1009/1417/1417 1010/1418/1418 1011/1419/1419
f 1010/1420/1420 1009/1421/1421 1012/1422/1422
f 1013/1423/1423 1014/1424/1424 1015/1425/1425
f 1014/1426/1426 1013/1427/1427 1016/1428/1428
f 1017/1429/1429 1018/1430/1430 1019/1431/1431
f 1018/1432/1432 1017/1433/1433 1020/1434/1434
f 1021/1435/1435 1022/1436/1436 1023/1437/1437
f 1022/1438/1438 1021/1439/1439 1024/1440/1440
f 1025/1441/1441 1026/1442/1442 1027/1443/1443
f 1026/1444/1444 1025/1445/1445 1028/1446/1446
f 1029/1447/1447 1030/1448/1448 1031/1449/1449
f 1030/1450/1450 1029/1451/1451 1032/1452/1452
f 1033/1453/1453 1034/1454/1454 1035/1455/1455
f 1036/1456/1456 1035/1457/1457 1034/1458/1458
f 1037/1459/1459 1038/1460/1460 1039/1461/1461
f 1040/1462/1462 1039/1463/1463 1038/1464/1464
f 1041/1465/1465 1042/1466/1466 1043/1467/1467
f 1044/1468/1468 1043/1469/1469 1042/1470/1470
f 1045/1471/1471 1046/1472/1472 1047/1473/1473
f 1048/1474/1474 1047/1475/1475 1046/1476/1476
f 1049/1477/1477 1050/1478/1478 1051/1479/1479
f 1052/1480/1480 1051/1481/1481 1050/1482/1482
f 1053/1483/1483 1054/1484/1484 1055/1485/1485
f 1056/1486/1486 1055/1487/1487 1054/1488/1488
f 1057/1489/1489 1058/1490/1490 1059/1491/1491
f 1060/1492/1492 1059/1493/1493 1058/1494/1494
f 1061/1495/1495 1062/1496/1496 1063/1497/1497
f 1064/1498/1498 1063/1499/1499 1062/1500/1500
f 1065/1501/1501 1066/1502/1502 1067/1503/1503
f 1068/1504/1504 1067/1505/1505 1066/1506/1506
f 1069/1507/1507 1070/1508/1508 1071/1509/1509
f 1072/1510/1510 1071/1511/1511 1070/1512/1512
f 1073/1513/1513 1074/1514/1514 1075/1515/1515
f 1076/1516/1516 1075/1517/1517 1074/1518/1518
f 1077/1519/1519 1078/1520/1520 1079/1521/1521
f 1080/1522/1522 1079/1523/1523 1078/1524/1524
f 1081/1525/1525 1082/1526/1526 1083/1527/1527
f 1082/1528/1528 1081/1529/1529 1084/1530/1530
f 1085/1531/1531 1086/1532/1532 1087/1533/1533
f 1086/1534/1534 1085/1535/1535 1088/1536/1536
f 1089/1537/1537 1090/1538/1538 1091/1539/1539
f 1090/1540/1540 1089/1541/1541 1092/1542/1542
f 1093/1543/1543 1094/1544/1544 1095/1545/1545
f 1094/1546/1546 1093/1547/1547 1096/1548/1548
f 1097/1549/1549 1098/1550/1550 1099/1551/1551
f 1098/1552/1552 1097/1553/1553 1100/1554/1554
f 1101/1555/1555 1102/1556/1556 1103/1557/1557
f 1102/1558/1558 1101/1559/1559 1104/1560/1560
f 1105/1561/1561 1106/1562/1562 1107/1563/1563
f 1106/1564/1564 1105/1565/1565 1108/1566/1566
f 1109/1567/1567 1110/1568/1568 1111/1569/1569
f 1110/1570/1570 1109/1571/1571 1112/1572/1572
f 1113/1573/1573 1114/1574/1574 1115/1575/1575
f 1114/1576/1576 1113/1577/1577 1116/1578/1578
f 1117/1579/1579 1118/1580/1580 1119/1581/1581
f 1118/1582/1582 1117/1583/1583 1120/1584/1584
f 1121/1585/1585 1122/1586/1586 1123/1587/1587
f 1122/1588/1588 1121/1589/1589 1124/1590/1590
f 1125/1591/1591 1126/1592/1592 1127/1593/1593
f 1126/1594/1594 1125/1595/1595 1128/1596/1596
f 1129/1597/1597 1130/1598/1598 1131/1599/1599
f 1130/1600/1600 1129/1601/1601 1132/1602/1602
f 1133/1603/1603 1134/1604/1604 1135/1605/1605
f 1134/1606/1606 1133/1607/1607 1136/1608/1608
f 1137/1609/1609 1138/1610/1610 1139/1611/1611
f 1138/1612/1612 1137/1613/1613 1140/1614/1614
f 1141/1615/1615 1142/1616/1616 1143/1617/1617
f 1142/1618/1618 1141/1619/1619 1144/1620/1620
f 1145/1621/1621 1146/1622/1622 1147/1623/1623
f 1146/1624/1624 1145/1625/1625 1148/1626/1626
f 1149/1627/1627 1150/1628/1628 1151/1629/1629
f 1150/1630/1630 1149/1631/1631 1152/1632/1632
f 1153/1633/1633 1154/1634/1634 1155/1635/1635
f 1154/1636/1636 1153/1637/1637 1156/1638/1638
f 1157/1639/1639 1158/1640/1640 1159/1641/1641
f 1158/1642/1642 1157/1643/1643 1160/1644/1644
f 1161/1645/1645 1162/1646/1646 1163/1647/1647
f 1162/1648/1648 1161/1649/1649 1164/1650/1650
f 1165/1651/1651 1166/1652/1652 1167/1653/1653
f 1166/1654/1654 1165/1655/1655 1168/1656/1656
f 1169/1657/1657 1170/1658/1658 1171/1659/1659
f 1170/1660/1660 1169/1661/1661 1172/1662/1662
f 1173/1663/1663 1174/1664/1664 1175/1665/1665
f 1174/1666/1666 1173/1667/1667 1176/1668/1668
f 1177/1669/1669 1178/1670/1670 1179/1671/1671
f 1180/1672/1672 1179/1673/1673 1178/1674/1674
f 1181/1675/1675 1182/1676/1676 1183/1677/1677
f 1184/1678/1678 1183/1679/1679 1182/1680/1680
f 1185/1681/1681 1186/1682/1682 1187/1683/1683
f 1188/1684/1684 1187/1685/1685 1186/1686/1686
f 1189/1687/1687 1190/1688/1688 1191/1689/1689
f 1192/1690/1690 1191/1691/1691 1190/1692/1692
f 1193/1693/1693 1194/1694/1694 1195/1695/1695
f 1196/1696/1696 1195/1697/1697 1194/1698/1698
f 1197/1699/1699 1198/1700/1700 1199/1701/1701
f 1200/1702/1702 1199/1703/1703 1198/1704/1704
f 1201/1705/1705 1202/1706/1706 1203/1707/1707
f 1204/1708/1708 1203/1709/1709 1202/1710/1710
f 1205/1711/1711 1206/1712/1712 1207/1713/1713
f 1208/1714/1714 1207/1715/1715 1206/1716/1716
f 1209/1717/1717 1210/1718/1718 1211/1719/1719
f 1212/1720/1720 1211/1721/1721 1210/1722/1722
f 1213/1723/1723 1214/1724/1724 1215/1725/1725
f 1216/1726/1726 1215/1727/1727 1214/1728/1728
f 1217/1729/1729 1218/1730/1730 1219/1731/1731
f 1220/1732/1732 1219/1733/1733 1218/1734/1734
f 1221/1735/1735 1222/1736/1736 1223/1737/1737
f 1224/1738/1738 1223/1739/1739 1222/1740/1740
f 1225/1741/1741 1226/1742/1742 1227/1743/1743
f 1226/1744/1744 1228/1745/1745 1227/1746/1746
f 1229/1747/1747 1230/1748/1748 1231/1749/1749
f 1229/1750/1750 1232/1751/1751 1230/1752/1752
f 1233/1753/1753 1234/1754/1754 1235/1755/1755
f 1233/1756/1756 1236/1757/1757 1234/1758/1758
f 1237/1759/1759 1238/1760/1760 1239/1761/1761
f 1238/1762/1762 1240/1763/1763 1239/1764/1764
